TaxNodeID	TaxName	TotalReads	Duplicity	MeanDust	Damage+1	Damage-1	MeanLength	ANI	AvgReadGC	AvgRefGC	UniqueKmers	RatioDupKmers	TotalAlignments	taxpath
14525	"p__Pseudomonadota"	1830	1.01	2.35	0.0103	0.0112	57.5	0.9761	0.615	0.624	53574	0.008	16320	"14525:p__Pseudomonadota:phylum;14524:d__Bacteria:superkingdom;1:root:no rank"
159315	"c__Alphaproteobacteria"	1186	1.01	2.37	0.0086	0.0136	59.32	0.976	0.638	0.644	36817	0.009	10134	"159315:c__Alphaproteobacteria:class;14525:p__Pseudomonadota:phylum;14524:d__Bacteria:superkingdom;1:root:no rank"
161314	"o__Rhizobiales"	620	1.0	2.21	0.0132	0.0135	57.63	0.9726	0.624	0.63	18294	0.004	6500	"161314:o__Rhizobiales:order;159315:c__Alphaproteobacteria:class;14525:p__Pseudomonadota:phylum;14524:d__Bacteria:superkingdom;1:root:no rank"
14526	"c__Gammaproteobacteria"	604	1.01	2.3	0.0141	0.0069	54.18	0.9763	0.569	0.579	15677	0.009	3992	"14526:c__Gammaproteobacteria:class;14525:p__Pseudomonadota:phylum;14524:d__Bacteria:superkingdom;1:root:no rank"
227325	"f__Xanthobacteraceae"	471	1.0	2.19	0.0118	0.0125	57.97	0.9721	0.621	0.628	14078	0.003	4925	"227325:f__Xanthobacteraceae:family;161314:o__Rhizobiales:order;159315:c__Alphaproteobacteria:class;14525:p__Pseudomonadota:phylum;14524:d__Bacteria:superkingdom;1:root:no rank"
101055	"p__Actinomycetota"	439	1.0	2.34	0.0058	0.0089	58.44	0.9844	0.651	0.655	13356	0.001	3173	"101055:p__Actinomycetota:phylum;14524:d__Bacteria:superkingdom;1:root:no rank"
101056	"c__Actinomycetia"	429	0.99	2.35	0.0059	0.0091	58.69	0.9846	0.652	0.655	13233	0	2752	"101056:c__Actinomycetia:class;101055:p__Actinomycetota:phylum;14524:d__Bacteria:superkingdom;1:root:no rank"
173791	"c__Bacteroidia"	405	1.0	2.16	0.0174	0.0014	49.27	0.9867	0.425	0.43	8620	0	718	"173791:c__Bacteroidia:class;173790:p__Bacteroidota:phylum;14524:d__Bacteria:superkingdom;1:root:no rank"
173790	"p__Bacteroidota"	405	1.0	2.16	0.0174	0.0014	49.27	0.9867	0.425	0.43	8620	0	718	"173790:p__Bacteroidota:phylum;14524:d__Bacteria:superkingdom;1:root:no rank"
223508	"f__Sphingomonadaceae"	374	1.01	2.56	0.0034	0.0211	61.71	0.978	0.651	0.657	12502	0.008	1513	"223508:f__Sphingomonadaceae:family;223507:o__Sphingomonadales:order;159315:c__Alphaproteobacteria:class;14525:p__Pseudomonadota:phylum;14524:d__Bacteria:superkingdom;1:root:no rank"
223507	"o__Sphingomonadales"	374	1.01	2.56	0.0034	0.0211	61.71	0.978	0.651	0.657	12502	0.008	1513	"223507:o__Sphingomonadales:order;159315:c__Alphaproteobacteria:class;14525:p__Pseudomonadota:phylum;14524:d__Bacteria:superkingdom;1:root:no rank"
227326	"g__Bradyrhizobium"	345	1.0	2.23	0.0159	0.0143	58.53	0.9717	0.625	0.633	10545	0	3339	"227326:g__Bradyrhizobium:genus;227325:f__Xanthobacteraceae:family;161314:o__Rhizobiales:order;159315:c__Alphaproteobacteria:class;14525:p__Pseudomonadota:phylum;14524:d__Bacteria:superkingdom;1:root:no rank"
223509	"g__Sphingomonas"	282	1.0	2.59	0.0	0.0273	63.01	0.9776	0.653	0.659	9834	0.004	575	"223509:g__Sphingomonas:genus;223508:f__Sphingomonadaceae:family;223507:o__Sphingomonadales:order;159315:c__Alphaproteobacteria:class;14525:p__Pseudomonadota:phylum;14524:d__Bacteria:superkingdom;1:root:no rank"
137197	"o__Burkholderiales"	253	1.01	2.35	0.0058	0.0115	53.8	0.974	0.628	0.629	6476	0.008	1873	"137197:o__Burkholderiales:order;14526:c__Gammaproteobacteria:class;14525:p__Pseudomonadota:phylum;14524:d__Bacteria:superkingdom;1:root:no rank"
108193	"o__Pseudomonadales"	190	1.0	2.25	0.0146	0.0071	53.81	0.9798	0.489	0.503	4901	0.001	967	"108193:o__Pseudomonadales:order;14526:c__Gammaproteobacteria:class;14525:p__Pseudomonadota:phylum;14524:d__Bacteria:superkingdom;1:root:no rank"
257280	"o__Chitinophagales"	162	1.0	2.25	0.0204	0.0	47.84	0.9889	0.394	0.395	3226	0	201	"257280:o__Chitinophagales:order;173791:c__Bacteroidia:class;173790:p__Bacteroidota:phylum;14524:d__Bacteria:superkingdom;1:root:no rank"
257281	"f__Chitinophagaceae"	160	1.0	2.26	0.0204	0.0	47.52	0.9891	0.393	0.391	3133	0	195	"257281:f__Chitinophagaceae:family;257280:o__Chitinophagales:order;173791:c__Bacteroidia:class;173790:p__Bacteroidota:phylum;14524:d__Bacteria:superkingdom;1:root:no rank"
235547	"f__Sphingobacteriaceae"	157	1.0	2.03	0.0227	0.0	50.25	0.9886	0.449	0.454	3488	0.002	238	"235547:f__Sphingobacteriaceae:family;235546:o__Sphingobacteriales:order;173791:c__Bacteroidia:class;173790:p__Bacteroidota:phylum;14524:d__Bacteria:superkingdom;1:root:no rank"
235546	"o__Sphingobacteriales"	157	1.0	2.03	0.0227	0.0	50.25	0.9886	0.449	0.454	3488	0.002	238	"235546:o__Sphingobacteriales:order;173791:c__Bacteroidia:class;173790:p__Bacteroidota:phylum;14524:d__Bacteria:superkingdom;1:root:no rank"
171647	"o__Actinomycetales"	155	1.0	2.52	0.0137	0.0134	59.57	0.9837	0.673	0.678	4892	0.0	711	"171647:o__Actinomycetales:order;101056:c__Actinomycetia:class;101055:p__Actinomycetota:phylum;14524:d__Bacteria:superkingdom;1:root:no rank"
233990	"f__Burkholderiaceae_B"	154	0.99	2.41	0.0	0.0	53.05	0.9719	0.659	0.663	3880	0	820	"233990:f__Burkholderiaceae_B:family;137197:o__Burkholderiales:order;14526:c__Gammaproteobacteria:class;14525:p__Pseudomonadota:phylum;14524:d__Bacteria:superkingdom;1:root:no rank"
281909	"g__Mucilaginibacter"	153	1.0	2.06	0.0227	0.0	50.67	0.9887	0.45	0.454	3460	0.002	228	"281909:g__Mucilaginibacter:genus;235547:f__Sphingobacteriaceae:family;235546:o__Sphingobacteriales:order;173791:c__Bacteroidia:class;173790:p__Bacteroidota:phylum;14524:d__Bacteria:superkingdom;1:root:no rank"
101057	"o__Mycobacteriales"	136	1.0	2.35	0.0	0.0	56.8	0.9819	0.658	0.66	3915	0.001	446	"101057:o__Mycobacteriales:order;101056:c__Actinomycetia:class;101055:p__Actinomycetota:phylum;14524:d__Bacteria:superkingdom;1:root:no rank"
63358	"c__Bacilli"	129	0.99	2.21	0.0093	0.0065	51.48	0.9853	0.398	0.391	3052	0	729	"63358:c__Bacilli:class;63357:p__Bacillota:phylum;14524:d__Bacteria:superkingdom;1:root:no rank"
63357	"p__Bacillota"	129	0.99	2.21	0.0093	0.0065	51.48	0.9853	0.398	0.391	3052	0	729	"63357:p__Bacillota:phylum;14524:d__Bacteria:superkingdom;1:root:no rank"
177040	"o__Propionibacteriales"	102	0.99	2.05	0.0	0.0	61.47	0.9929	0.616	0.615	3436	0	132	"177040:o__Propionibacteriales:order;101056:c__Actinomycetia:class;101055:p__Actinomycetota:phylum;14524:d__Bacteria:superkingdom;1:root:no rank"
177041	"f__Propionibacteriaceae"	99	0.99	2.05	0.0	0.0	61.74	0.9935	0.614	0.612	3361	0	124	"177041:f__Propionibacteriaceae:family;177040:o__Propionibacteriales:order;101056:c__Actinomycetia:class;101055:p__Actinomycetota:phylum;14524:d__Bacteria:superkingdom;1:root:no rank"
177042	"g__Cutibacterium"	96	1.0	2.01	0.0	0.0	61.84	0.994	0.61	0.609	3259	0	121	"177042:g__Cutibacterium:genus;177041:f__Propionibacteriaceae:family;177040:o__Propionibacteriales:order;101056:c__Actinomycetia:class;101055:p__Actinomycetota:phylum;14524:d__Bacteria:superkingdom;1:root:no rank"
101058	"f__Mycobacteriaceae"	96	1.0	2.24	0.0	0.0	59.19	0.9838	0.64	0.644	2983	0.004	348	"101058:f__Mycobacteriaceae:family;101057:o__Mycobacteriales:order;101056:c__Actinomycetia:class;101055:p__Actinomycetota:phylum;14524:d__Bacteria:superkingdom;1:root:no rank"
115234	"f__Moraxellaceae"	93	1.0	2.48	0.0	0.0	50.98	0.9809	0.37	0.378	2135	0.001	360	"115234:f__Moraxellaceae:family;108193:o__Pseudomonadales:order;14526:c__Gammaproteobacteria:class;14525:p__Pseudomonadota:phylum;14524:d__Bacteria:superkingdom;1:root:no rank"
261774	"g__Sediminibacterium"	87	1.0	2.17	0.0	0.0	46.17	0.9846	0.397	0.396	1585	0	108	"261774:g__Sediminibacterium:genus;257281:f__Chitinophagaceae:family;257280:o__Chitinophagales:order;173791:c__Bacteroidia:class;173790:p__Bacteroidota:phylum;14524:d__Bacteria:superkingdom;1:root:no rank"
352396	"GB_GCA_001898335.1"	86	0.99	2.01	0.0	0.0	49.93	0.9926	0.451	0.457	1897	0	86	"352396:GB_GCA_001898335.1:subspecies;352394:s__Mucilaginibacter sp001898335:species;281909:g__Mucilaginibacter:genus;235547:f__Sphingobacteriaceae:family;235546:o__Sphingobacteriales:order;173791:c__Bacteroidia:class;173790:p__Bacteroidota:phylum;14524:d__Bacteria:superkingdom;1:root:no rank"
352394	"s__Mucilaginibacter sp001898335"	86	0.99	2.01	0.0	0.0	49.93	0.9926	0.451	0.457	1897	0	86	"352394:s__Mucilaginibacter sp001898335:species;281909:g__Mucilaginibacter:genus;235547:f__Sphingobacteriaceae:family;235546:o__Sphingobacteriales:order;173791:c__Bacteroidia:class;173790:p__Bacteroidota:phylum;14524:d__Bacteria:superkingdom;1:root:no rank"
177258	"RS_GCF_003030305.1"	81	1.0	1.98	0.0	0.0	62.53	0.9955	0.607	0.608	2799	0	81	"177258:RS_GCF_003030305.1:subspecies;177043:s__Cutibacterium acnes:species;177042:g__Cutibacterium:genus;177041:f__Propionibacteriaceae:family;177040:o__Propionibacteriales:order;101056:c__Actinomycetia:class;101055:p__Actinomycetota:phylum;14524:d__Bacteria:superkingdom;1:root:no rank"
177043	"s__Cutibacterium acnes"	81	1.0	1.98	0.0	0.0	62.53	0.9955	0.607	0.608	2799	0	81	"177043:s__Cutibacterium acnes:species;177042:g__Cutibacterium:genus;177041:f__Propionibacteriaceae:family;177040:o__Propionibacteriales:order;101056:c__Actinomycetia:class;101055:p__Actinomycetota:phylum;14524:d__Bacteria:superkingdom;1:root:no rank"
187121	"f__Micrococcaceae"	78	1.0	2.56	0.0294	0.0	61.71	0.9854	0.687	0.689	2635	0	161	"187121:f__Micrococcaceae:family;171647:o__Actinomycetales:order;101056:c__Actinomycetia:class;101055:p__Actinomycetota:phylum;14524:d__Bacteria:superkingdom;1:root:no rank"
115235	"g__Acinetobacter"	76	1.0	2.57	0.0	0.0	48.05	0.983	0.362	0.371	1519	0.003	261	"115235:g__Acinetobacter:genus;115234:f__Moraxellaceae:family;108193:o__Pseudomonadales:order;14526:c__Gammaproteobacteria:class;14525:p__Pseudomonadota:phylum;14524:d__Bacteria:superkingdom;1:root:no rank"
108194	"f__Pseudomonadaceae"	76	1.01	2.05	0.0293	0.0148	54.89	0.9774	0.621	0.627	2029	0.007	562	"108194:f__Pseudomonadaceae:family;108193:o__Pseudomonadales:order;14526:c__Gammaproteobacteria:class;14525:p__Pseudomonadota:phylum;14524:d__Bacteria:superkingdom;1:root:no rank"
161315	"f__Rhizobiaceae"	75	1.01	2.24	0.0336	0.035	60.49	0.9772	0.623	0.624	2405	0.013	337	"161315:f__Rhizobiaceae:family;161314:o__Rhizobiales:order;159315:c__Alphaproteobacteria:class;14525:p__Pseudomonadota:phylum;14524:d__Bacteria:superkingdom;1:root:no rank"
92156	"o__Lactobacillales"	63	0.99	2.11	0.0	0.0	55.35	0.9836	0.438	0.425	1736	0	617	"92156:o__Lactobacillales:order;63358:c__Bacilli:class;63357:p__Bacillota:phylum;14524:d__Bacteria:superkingdom;1:root:no rank"
177469	"o__Xanthomonadales"	63	1.01	2.52	0.0302	0.0	61.4	0.975	0.658	0.663	2085	0.009	223	"177469:o__Xanthomonadales:order;14526:c__Gammaproteobacteria:class;14525:p__Pseudomonadota:phylum;14524:d__Bacteria:superkingdom;1:root:no rank"
154229	"g__Pseudomonas_E"	61	1.01	2.01	0.037	0.0187	55.05	0.9785	0.616	0.621	1634	0.01	281	"154229:g__Pseudomonas_E:genus;108194:f__Pseudomonadaceae:family;108193:o__Pseudomonadales:order;14526:c__Gammaproteobacteria:class;14525:p__Pseudomonadota:phylum;14524:d__Bacteria:superkingdom;1:root:no rank"
265093	"g__Hydrotalea"	58	1.0	2.49	0.0625	0.0	51.24	0.9975	0.371	0.369	1348	0.0	59	"265093:g__Hydrotalea:genus;257281:f__Chitinophagaceae:family;257280:o__Chitinophagales:order;173791:c__Bacteroidia:class;173790:p__Bacteroidota:phylum;14524:d__Bacteria:superkingdom;1:root:no rank"
440274	"GB_GCA_021824365.1"	56	1.0	2.5	0.0714	0.0	51.61	0.9984	0.366	0.365	1320	0.002	56	"440274:GB_GCA_021824365.1:subspecies;440273:s__Hydrotalea sp021824365:species;265093:g__Hydrotalea:genus;257281:f__Chitinophagaceae:family;257280:o__Chitinophagales:order;173791:c__Bacteroidia:class;173790:p__Bacteroidota:phylum;14524:d__Bacteria:superkingdom;1:root:no rank"
440273	"s__Hydrotalea sp021824365"	56	1.0	2.5	0.0714	0.0	51.61	0.9984	0.366	0.365	1320	0.002	56	"440273:s__Hydrotalea sp021824365:species;265093:g__Hydrotalea:genus;257281:f__Chitinophagaceae:family;257280:o__Chitinophagales:order;173791:c__Bacteroidia:class;173790:p__Bacteroidota:phylum;14524:d__Bacteria:superkingdom;1:root:no rank"
63359	"o__Staphylococcales"	53	1.0	2.34	0.0204	0.0	50.62	0.9876	0.345	0.342	1201	0	71	"63359:o__Staphylococcales:order;63358:c__Bacilli:class;63357:p__Bacillota:phylum;14524:d__Bacteria:superkingdom;1:root:no rank"
231992	"o__Caulobacterales"	51	1.0	2.74	0.0	0.0	64.69	0.9885	0.683	0.686	1879	0	126	"231992:o__Caulobacterales:order;159315:c__Alphaproteobacteria:class;14525:p__Pseudomonadota:phylum;14524:d__Bacteria:superkingdom;1:root:no rank"
63360	"f__Staphylococcaceae"	49	1.0	2.35	0.0222	0.0	49.84	0.9892	0.348	0.345	1070	0.0	65	"63360:f__Staphylococcaceae:family;63359:o__Staphylococcales:order;63358:c__Bacilli:class;63357:p__Bacillota:phylum;14524:d__Bacteria:superkingdom;1:root:no rank"
231993	"f__Caulobacteraceae"	49	1.0	2.71	0.0	0.0	64.55	0.989	0.682	0.686	1799	0	124	"231993:f__Caulobacteraceae:family;231992:o__Caulobacterales:order;159315:c__Alphaproteobacteria:class;14525:p__Pseudomonadota:phylum;14524:d__Bacteria:superkingdom;1:root:no rank"
371502	"GB_GCA_017537025.1"	48	1.0	2.16	0.0	0.0	49.48	0.9855	0.392	0.39	1030	0.001	48	"371502:GB_GCA_017537025.1:subspecies;371501:s__Sediminibacterium sp017537025:species;261774:g__Sediminibacterium:genus;257281:f__Chitinophagaceae:family;257280:o__Chitinophagales:order;173791:c__Bacteroidia:class;173790:p__Bacteroidota:phylum;14524:d__Bacteria:superkingdom;1:root:no rank"
371501	"s__Sediminibacterium sp017537025"	48	1.0	2.16	0.0	0.0	49.48	0.9855	0.392	0.39	1030	0.001	48	"371501:s__Sediminibacterium sp017537025:species;261774:g__Sediminibacterium:genus;257281:f__Chitinophagaceae:family;257280:o__Chitinophagales:order;173791:c__Bacteroidia:class;173790:p__Bacteroidota:phylum;14524:d__Bacteria:superkingdom;1:root:no rank"
63361	"g__Staphylococcus"	48	1.0	2.34	0.0222	0.0	50.04	0.9895	0.347	0.344	1057	0.001	63	"63361:g__Staphylococcus:genus;63360:f__Staphylococcaceae:family;63359:o__Staphylococcales:order;63358:c__Bacilli:class;63357:p__Bacillota:phylum;14524:d__Bacteria:superkingdom;1:root:no rank"
270168	"g__Afipia"	46	1.0	2.13	0.0	0.0	61.39	0.9741	0.586	0.593	1543	0	61	"270168:g__Afipia:genus;227325:f__Xanthobacteraceae:family;161314:o__Rhizobiales:order;159315:c__Alphaproteobacteria:class;14525:p__Pseudomonadota:phylum;14524:d__Bacteria:superkingdom;1:root:no rank"
347180	"RS_GCF_016820445.1"	46	1.0	2.95	0.0	0.0	66.65	0.9813	0.68	0.683	1780	0	46	"347180:RS_GCF_016820445.1:subspecies;347179:s__Sphingomonas sp016820445:species;223509:g__Sphingomonas:genus;223508:f__Sphingomonadaceae:family;223507:o__Sphingomonadales:order;159315:c__Alphaproteobacteria:class;14525:p__Pseudomonadota:phylum;14524:d__Bacteria:superkingdom;1:root:no rank"
347179	"s__Sphingomonas sp016820445"	46	1.0	2.95	0.0	0.0	66.65	0.9813	0.68	0.683	1780	0	46	"347179:s__Sphingomonas sp016820445:species;223509:g__Sphingomonas:genus;223508:f__Sphingomonadaceae:family;223507:o__Sphingomonadales:order;159315:c__Alphaproteobacteria:class;14525:p__Pseudomonadota:phylum;14524:d__Bacteria:superkingdom;1:root:no rank"
177470	"f__Xanthomonadaceae"	46	1.01	2.49	0.0	0.0	59.72	0.9781	0.669	0.675	1445	0.01	184	"177470:f__Xanthomonadaceae:family;177469:o__Xanthomonadales:order;14526:c__Gammaproteobacteria:class;14525:p__Pseudomonadota:phylum;14524:d__Bacteria:superkingdom;1:root:no rank"
246334	"g__Kocuria"	45	1.0	2.64	0.0	0.0	64.69	0.9891	0.693	0.693	1657	0	77	"246334:g__Kocuria:genus;187121:f__Micrococcaceae:family;171647:o__Actinomycetales:order;101056:c__Actinomycetia:class;101055:p__Actinomycetota:phylum;14524:d__Bacteria:superkingdom;1:root:no rank"
251231	"f__Beijerinckiaceae"	43	1.02	2.44	0.0	0.0	53.14	0.9746	0.647	0.658	1065	0.015	217	"251231:f__Beijerinckiaceae:family;161314:o__Rhizobiales:order;159315:c__Alphaproteobacteria:class;14525:p__Pseudomonadota:phylum;14524:d__Bacteria:superkingdom;1:root:no rank"
219704	"f__Microbacteriaceae"	40	1.01	2.48	0.0	0.0	57.52	0.9857	0.66	0.668	1173	0.007	118	"219704:f__Microbacteriaceae:family;171647:o__Actinomycetales:order;101056:c__Actinomycetia:class;101055:p__Actinomycetota:phylum;14524:d__Bacteria:superkingdom;1:root:no rank"
274399	"f__Pseudonocardiaceae"	38	1.01	2.66	0.0	0.0	51.53	0.9779	0.701	0.706	889	0.006	54	"274399:f__Pseudonocardiaceae:family;101057:o__Mycobacteriales:order;101056:c__Actinomycetia:class;101055:p__Actinomycetota:phylum;14524:d__Bacteria:superkingdom;1:root:no rank"
219532	"g__Mesorhizobium"	37	0.99	2.45	0.0	0.0	55.32	0.9772	0.638	0.645	1018	0	112	"219532:g__Mesorhizobium:genus;161315:f__Rhizobiaceae:family;161314:o__Rhizobiales:order;159315:c__Alphaproteobacteria:class;14525:p__Pseudomonadota:phylum;14524:d__Bacteria:superkingdom;1:root:no rank"
351383	"g__Pelomonas"	37	1.0	2.8	0.0	0.0	54.27	0.9732	0.678	0.682	975	0	77	"351383:g__Pelomonas:genus;233990:f__Burkholderiaceae_B:family;137197:o__Burkholderiales:order;14526:c__Gammaproteobacteria:class;14525:p__Pseudomonadota:phylum;14524:d__Bacteria:superkingdom;1:root:no rank"
101059	"g__Mycobacterium"	36	1.01	2.41	0.0	0.0	58.97	0.9843	0.665	0.666	1108	0.006	174	"101059:g__Mycobacterium:genus;101058:f__Mycobacteriaceae:family;101057:o__Mycobacteriales:order;101056:c__Actinomycetia:class;101055:p__Actinomycetota:phylum;14524:d__Bacteria:superkingdom;1:root:no rank"
145555	"o__Enterobacterales_A"	34	1.01	2.16	0.0	0.0	40.29	0.9824	0.423	0.436	415	0.007	93	"145555:o__Enterobacterales_A:order;14526:c__Gammaproteobacteria:class;14525:p__Pseudomonadota:phylum;14524:d__Bacteria:superkingdom;1:root:no rank"
147451	"f__Burkholderiaceae"	34	1.0	2.39	0.0359	0.0	54.91	0.9811	0.619	0.63	912	0.003	165	"147451:f__Burkholderiaceae:family;137197:o__Burkholderiales:order;14526:c__Gammaproteobacteria:class;14525:p__Pseudomonadota:phylum;14524:d__Bacteria:superkingdom;1:root:no rank"
137198	"f__Neisseriaceae"	34	1.05	2.22	0.0	0.004	63.41	0.9771	0.498	0.494	1146	0.048	348	"137198:f__Neisseriaceae:family;137197:o__Burkholderiales:order;14526:c__Gammaproteobacteria:class;14525:p__Pseudomonadota:phylum;14524:d__Bacteria:superkingdom;1:root:no rank"
500266	"GB_GCA_017304635.1"	33	1.0	2.41	0.0	0.125	59.88	0.9825	0.649	0.651	1054	0	33	"500266:GB_GCA_017304635.1:subspecies;500265:s__Sphingomonas sp017304635:species;223509:g__Sphingomonas:genus;223508:f__Sphingomonadaceae:family;223507:o__Sphingomonadales:order;159315:c__Alphaproteobacteria:class;14525:p__Pseudomonadota:phylum;14524:d__Bacteria:superkingdom;1:root:no rank"
500265	"s__Sphingomonas sp017304635"	33	1.0	2.41	0.0	0.125	59.88	0.9825	0.649	0.651	1054	0	33	"500265:s__Sphingomonas sp017304635:species;223509:g__Sphingomonas:genus;223508:f__Sphingomonadaceae:family;223507:o__Sphingomonadales:order;159315:c__Alphaproteobacteria:class;14525:p__Pseudomonadota:phylum;14524:d__Bacteria:superkingdom;1:root:no rank"
241022	"f__Acetobacteraceae"	33	1.0	2.81	0.0	0.0	61.76	0.9807	0.691	0.696	1111	0.003	69	"241022:f__Acetobacteraceae:family;241021:o__Acetobacterales:order;159315:c__Alphaproteobacteria:class;14525:p__Pseudomonadota:phylum;14524:d__Bacteria:superkingdom;1:root:no rank"
241021	"o__Acetobacterales"	33	1.0	2.81	0.0	0.0	61.76	0.9807	0.691	0.696	1111	0.003	69	"241021:o__Acetobacterales:order;159315:c__Alphaproteobacteria:class;14525:p__Pseudomonadota:phylum;14524:d__Bacteria:superkingdom;1:root:no rank"
137199	"g__Neisseria"	33	1.05	2.15	0.0	0.004	62.67	0.9765	0.505	0.504	1088	0.049	347	"137199:g__Neisseria:genus;137198:f__Neisseriaceae:family;137197:o__Burkholderiales:order;14526:c__Gammaproteobacteria:class;14525:p__Pseudomonadota:phylum;14524:d__Bacteria:superkingdom;1:root:no rank"
165659	"f__Lactobacillaceae"	32	1.0	1.98	0.0	0.0	55.0	0.9856	0.444	0.433	867	0	49	"165659:f__Lactobacillaceae:family;92156:o__Lactobacillales:order;63358:c__Bacilli:class;63357:p__Bacillota:phylum;14524:d__Bacteria:superkingdom;1:root:no rank"
14528	"f__Enterobacteriaceae"	30	1.0	2.25	0.1302	0.0	62.77	0.9756	0.546	0.568	1045	0	110	"14528:f__Enterobacteriaceae:family;14527:o__Enterobacterales:order;14526:c__Gammaproteobacteria:class;14525:p__Pseudomonadota:phylum;14524:d__Bacteria:superkingdom;1:root:no rank"
14527	"o__Enterobacterales"	30	1.0	2.25	0.1302	0.0	62.77	0.9756	0.546	0.568	1045	0	110	"14527:o__Enterobacterales:order;14526:c__Gammaproteobacteria:class;14525:p__Pseudomonadota:phylum;14524:d__Bacteria:superkingdom;1:root:no rank"
175271	"g__Corynebacterium"	30	1.0	2.1	0.0	0.0	66.8	0.9833	0.626	0.629	1169	0	95	"175271:g__Corynebacterium:genus;101058:f__Mycobacteriaceae:family;101057:o__Mycobacteriales:order;101056:c__Actinomycetia:class;101055:p__Actinomycetota:phylum;14524:d__Bacteria:superkingdom;1:root:no rank"
208734	"g__Leuconostoc"	29	0.99	1.97	0.0	0.0	54.45	0.9845	0.448	0.434	773	0	45	"208734:g__Leuconostoc:genus;165659:f__Lactobacillaceae:family;92156:o__Lactobacillales:order;63358:c__Bacilli:class;63357:p__Bacillota:phylum;14524:d__Bacteria:superkingdom;1:root:no rank"
274400	"g__Pseudonocardia"	29	1.0	2.73	0.0	0.0	50.83	0.9763	0.699	0.704	662	0.0	33	"274400:g__Pseudonocardia:genus;274399:f__Pseudonocardiaceae:family;101057:o__Mycobacteriales:order;101056:c__Actinomycetia:class;101055:p__Actinomycetota:phylum;14524:d__Bacteria:superkingdom;1:root:no rank"
246355	"RS_GCF_003667225.1"	29	1.0	2.66	0.0	0.0	71.31	0.9937	0.695	0.695	1260	0	29	"246355:RS_GCF_003667225.1:subspecies;246335:s__Kocuria rhizophila:species;246334:g__Kocuria:genus;187121:f__Micrococcaceae:family;171647:o__Actinomycetales:order;101056:c__Actinomycetia:class;101055:p__Actinomycetota:phylum;14524:d__Bacteria:superkingdom;1:root:no rank"
246335	"s__Kocuria rhizophila"	29	1.0	2.66	0.0	0.0	71.31	0.9937	0.695	0.695	1260	0	29	"246335:s__Kocuria rhizophila:species;246334:g__Kocuria:genus;187121:f__Micrococcaceae:family;171647:o__Actinomycetales:order;101056:c__Actinomycetia:class;101055:p__Actinomycetota:phylum;14524:d__Bacteria:superkingdom;1:root:no rank"
250091	"RS_GCF_014196115.1"	29	1.0	2.79	0.0	0.0	74.14	0.9735	0.641	0.654	1338	0.0	29	"250091:RS_GCF_014196115.1:subspecies;250086:s__Sphingomonas aquatilis:species;223509:g__Sphingomonas:genus;223508:f__Sphingomonadaceae:family;223507:o__Sphingomonadales:order;159315:c__Alphaproteobacteria:class;14525:p__Pseudomonadota:phylum;14524:d__Bacteria:superkingdom;1:root:no rank"
250086	"s__Sphingomonas aquatilis"	29	1.0	2.79	0.0	0.0	74.14	0.9735	0.641	0.654	1338	0.0	29	"250086:s__Sphingomonas aquatilis:species;223509:g__Sphingomonas:genus;223508:f__Sphingomonadaceae:family;223507:o__Sphingomonadales:order;159315:c__Alphaproteobacteria:class;14525:p__Pseudomonadota:phylum;14524:d__Bacteria:superkingdom;1:root:no rank"
273941	"g__Pseudoxanthomonas_A"	27	1.01	2.55	0.0	0.0	59.67	0.9784	0.675	0.685	843	0.014	59	"273941:g__Pseudoxanthomonas_A:genus;177470:f__Xanthomonadaceae:family;177469:o__Xanthomonadales:order;14526:c__Gammaproteobacteria:class;14525:p__Pseudomonadota:phylum;14524:d__Bacteria:superkingdom;1:root:no rank"
398020	"RS_GCF_018129985.1"	27	0.99	2.33	0.0	0.0	69.3	0.982	0.642	0.649	1124	0	28	"398020:RS_GCF_018129985.1:subspecies;398019:s__Bradyrhizobium japonicum_H:species;227326:g__Bradyrhizobium:genus;227325:f__Xanthobacteraceae:family;161314:o__Rhizobiales:order;159315:c__Alphaproteobacteria:class;14525:p__Pseudomonadota:phylum;14524:d__Bacteria:superkingdom;1:root:no rank"
398019	"s__Bradyrhizobium japonicum_H"	27	0.99	2.33	0.0	0.0	69.3	0.982	0.642	0.649	1124	0	28	"398019:s__Bradyrhizobium japonicum_H:species;227326:g__Bradyrhizobium:genus;227325:f__Xanthobacteraceae:family;161314:o__Rhizobiales:order;159315:c__Alphaproteobacteria:class;14525:p__Pseudomonadota:phylum;14524:d__Bacteria:superkingdom;1:root:no rank"
92157	"f__Streptococcaceae"	27	1.0	1.99	0.0	0.0	54.48	0.9789	0.425	0.418	712	0.004	562	"92157:f__Streptococcaceae:family;92156:o__Lactobacillales:order;63358:c__Bacilli:class;63357:p__Bacillota:phylum;14524:d__Bacteria:superkingdom;1:root:no rank"
251232	"g__Methylobacterium"	26	1.02	2.49	0.0	0.0	54.38	0.9779	0.651	0.657	671	0.022	185	"251232:g__Methylobacterium:genus;251231:f__Beijerinckiaceae:family;161314:o__Rhizobiales:order;159315:c__Alphaproteobacteria:class;14525:p__Pseudomonadota:phylum;14524:d__Bacteria:superkingdom;1:root:no rank"
326475	"f__Reyranellaceae"	25	1.0	2.56	0.0	0.0	63.24	0.9864	0.668	0.671	881	0.0	58	"326475:f__Reyranellaceae:family;326474:o__Reyranellales:order;159315:c__Alphaproteobacteria:class;14525:p__Pseudomonadota:phylum;14524:d__Bacteria:superkingdom;1:root:no rank"
326474	"o__Reyranellales"	25	1.0	2.56	0.0	0.0	63.24	0.9864	0.668	0.671	881	0.0	58	"326474:o__Reyranellales:order;159315:c__Alphaproteobacteria:class;14525:p__Pseudomonadota:phylum;14524:d__Bacteria:superkingdom;1:root:no rank"
190476	"o__Flavobacteriales"	24	1.0	3.13	0.0	0.0	49.5	0.9858	0.362	0.376	515	0.002	46	"190476:o__Flavobacteriales:order;173791:c__Bacteroidia:class;173790:p__Bacteroidota:phylum;14524:d__Bacteria:superkingdom;1:root:no rank"
494888	"GB_GCA_021732175.1"	24	1.0	2.12	0.125	0.0357	61.83	0.9709	0.608	0.607	810	0.002	26	"494888:GB_GCA_021732175.1:subspecies;494887:s__Bradyrhizobium sp021732175:species;227326:g__Bradyrhizobium:genus;227325:f__Xanthobacteraceae:family;161314:o__Rhizobiales:order;159315:c__Alphaproteobacteria:class;14525:p__Pseudomonadota:phylum;14524:d__Bacteria:superkingdom;1:root:no rank"
494887	"s__Bradyrhizobium sp021732175"	24	1.0	2.12	0.125	0.0357	61.83	0.9709	0.608	0.607	810	0.002	26	"494887:s__Bradyrhizobium sp021732175:species;227326:g__Bradyrhizobium:genus;227325:f__Xanthobacteraceae:family;161314:o__Rhizobiales:order;159315:c__Alphaproteobacteria:class;14525:p__Pseudomonadota:phylum;14524:d__Bacteria:superkingdom;1:root:no rank"
173792	"o__Bacteroidales"	24	1.0	1.94	0.0	0.0	63.04	0.9816	0.527	0.521	842	0	30	"173792:o__Bacteroidales:order;173791:c__Bacteroidia:class;173790:p__Bacteroidota:phylum;14524:d__Bacteria:superkingdom;1:root:no rank"
326476	"g__Reyranella"	24	1.0	2.59	0.0	0.0	63.38	0.9875	0.671	0.673	849	0.0	34	"326476:g__Reyranella:genus;326475:f__Reyranellaceae:family;326474:o__Reyranellales:order;159315:c__Alphaproteobacteria:class;14525:p__Pseudomonadota:phylum;14524:d__Bacteria:superkingdom;1:root:no rank"
424296	"GB_GCA_017305515.1"	23	1.0	2.15	0.0	0.0	63.26	0.9703	0.574	0.581	815	0	23	"424296:GB_GCA_017305515.1:subspecies;424295:s__Afipia sp017305515:species;270168:g__Afipia:genus;227325:f__Xanthobacteraceae:family;161314:o__Rhizobiales:order;159315:c__Alphaproteobacteria:class;14525:p__Pseudomonadota:phylum;14524:d__Bacteria:superkingdom;1:root:no rank"
424295	"s__Afipia sp017305515"	23	1.0	2.15	0.0	0.0	63.26	0.9703	0.574	0.581	815	0	23	"424295:s__Afipia sp017305515:species;270168:g__Afipia:genus;227325:f__Xanthobacteraceae:family;161314:o__Rhizobiales:order;159315:c__Alphaproteobacteria:class;14525:p__Pseudomonadota:phylum;14524:d__Bacteria:superkingdom;1:root:no rank"
260237	"g__Microbacterium"	23	0.99	2.76	0.0	0.0	61.43	0.9812	0.681	0.685	774	0	48	"260237:g__Microbacterium:genus;219704:f__Microbacteriaceae:family;171647:o__Actinomycetales:order;101056:c__Actinomycetia:class;101055:p__Actinomycetota:phylum;14524:d__Bacteria:superkingdom;1:root:no rank"
225214	"f__Alteromonadaceae"	22	1.0	2.24	0.0	0.0	36.77	0.9811	0.389	0.401	193	0.0	63	"225214:f__Alteromonadaceae:family;145555:o__Enterobacterales_A:order;14526:c__Gammaproteobacteria:class;14525:p__Pseudomonadota:phylum;14524:d__Bacteria:superkingdom;1:root:no rank"
233595	"o__Deinococcales"	22	1.0	2.09	0.0	0.0	58.18	0.982	0.604	0.614	663	0.002	23	"233595:o__Deinococcales:order;233594:c__Deinococci:class;233593:p__Deinococcota:phylum;14524:d__Bacteria:superkingdom;1:root:no rank"
233594	"c__Deinococci"	22	1.0	2.09	0.0	0.0	58.18	0.982	0.604	0.614	663	0.002	23	"233594:c__Deinococci:class;233593:p__Deinococcota:phylum;14524:d__Bacteria:superkingdom;1:root:no rank"
233593	"p__Deinococcota"	22	1.0	2.09	0.0	0.0	58.18	0.982	0.604	0.614	663	0.002	23	"233593:p__Deinococcota:phylum;14524:d__Bacteria:superkingdom;1:root:no rank"
358135	"RS_GCF_022750545.1"	22	1.0	2.93	0.0	0.0	61.27	0.9987	0.695	0.705	731	0.001	22	"358135:RS_GCF_022750545.1:subspecies;358134:s__PUIC01 sp017418605:species;358133:g__PUIC01:genus;231993:f__Caulobacteraceae:family;231992:o__Caulobacterales:order;159315:c__Alphaproteobacteria:class;14525:p__Pseudomonadota:phylum;14524:d__Bacteria:superkingdom;1:root:no rank"
358134	"s__PUIC01 sp017418605"	22	1.0	2.93	0.0	0.0	61.27	0.9987	0.695	0.705	731	0.001	22	"358134:s__PUIC01 sp017418605:species;358133:g__PUIC01:genus;231993:f__Caulobacteraceae:family;231992:o__Caulobacterales:order;159315:c__Alphaproteobacteria:class;14525:p__Pseudomonadota:phylum;14524:d__Bacteria:superkingdom;1:root:no rank"
358133	"g__PUIC01"	22	1.0	2.93	0.0	0.0	61.27	0.9987	0.695	0.705	731	0.001	22	"358133:g__PUIC01:genus;231993:f__Caulobacteraceae:family;231992:o__Caulobacterales:order;159315:c__Alphaproteobacteria:class;14525:p__Pseudomonadota:phylum;14524:d__Bacteria:superkingdom;1:root:no rank"
92158	"g__Streptococcus"	22	1.0	1.78	0.0	0.0	52.68	0.9767	0.45	0.446	541	0.004	557	"92158:g__Streptococcus:genus;92157:f__Streptococcaceae:family;92156:o__Lactobacillales:order;63358:c__Bacilli:class;63357:p__Bacillota:phylum;14524:d__Bacteria:superkingdom;1:root:no rank"
366433	"GB_GCA_001899645.1"	20	1.0	2.59	0.0	0.0	51.35	0.977	0.697	0.709	466	0.002	20	"366433:GB_GCA_001899645.1:subspecies;366431:s__Pseudonocardia sp001899645:species;274400:g__Pseudonocardia:genus;274399:f__Pseudonocardiaceae:family;101057:o__Mycobacteriales:order;101056:c__Actinomycetia:class;101055:p__Actinomycetota:phylum;14524:d__Bacteria:superkingdom;1:root:no rank"
366431	"s__Pseudonocardia sp001899645"	20	1.0	2.59	0.0	0.0	51.35	0.977	0.697	0.709	466	0.002	20	"366431:s__Pseudonocardia sp001899645:species;274400:g__Pseudonocardia:genus;274399:f__Pseudonocardiaceae:family;101057:o__Mycobacteriales:order;101056:c__Actinomycetia:class;101055:p__Actinomycetota:phylum;14524:d__Bacteria:superkingdom;1:root:no rank"
301954	"g__Rheinheimera"	19	0.99	2.22	0.0	0.0	34.89	0.9813	0.379	0.388	132	0	50	"301954:g__Rheinheimera:genus;225214:f__Alteromonadaceae:family;145555:o__Enterobacterales_A:order;14526:c__Gammaproteobacteria:class;14525:p__Pseudomonadota:phylum;14524:d__Bacteria:superkingdom;1:root:no rank"
187122	"g__Micrococcus"	19	1.0	2.65	0.0	0.0	59.79	0.9841	0.713	0.716	602	0.003	29	"187122:g__Micrococcus:genus;187121:f__Micrococcaceae:family;171647:o__Actinomycetales:order;101056:c__Actinomycetia:class;101055:p__Actinomycetota:phylum;14524:d__Bacteria:superkingdom;1:root:no rank"
337050	"GB_GCA_001897995.1"	19	1.0	2.55	0.0	0.0	57.74	0.9919	0.67	0.672	564	0.002	19	"337050:GB_GCA_001897995.1:subspecies;337047:s__Reyranella sp001897995:species;326476:g__Reyranella:genus;326475:f__Reyranellaceae:family;326474:o__Reyranellales:order;159315:c__Alphaproteobacteria:class;14525:p__Pseudomonadota:phylum;14524:d__Bacteria:superkingdom;1:root:no rank"
337047	"s__Reyranella sp001897995"	19	1.0	2.55	0.0	0.0	57.74	0.9919	0.67	0.672	564	0.002	19	"337047:s__Reyranella sp001897995:species;326476:g__Reyranella:genus;326475:f__Reyranellaceae:family;326474:o__Reyranellales:order;159315:c__Alphaproteobacteria:class;14525:p__Pseudomonadota:phylum;14524:d__Bacteria:superkingdom;1:root:no rank"
313749	"g__Hylemonella"	18	1.0	2.1	0.0	0.0	53.33	0.9689	0.651	0.661	456	0.0	39	"313749:g__Hylemonella:genus;233990:f__Burkholderiaceae_B:family;137197:o__Burkholderiales:order;14526:c__Gammaproteobacteria:class;14525:p__Pseudomonadota:phylum;14524:d__Bacteria:superkingdom;1:root:no rank"
324458	"RS_GCF_000797515.1"	18	1.01	2.39	0.0	0.0	57.89	0.9943	0.633	0.638	534	0.007	18	"324458:RS_GCF_000797515.1:subspecies;324455:s__Sphingomonas sp000797515:species;223509:g__Sphingomonas:genus;223508:f__Sphingomonadaceae:family;223507:o__Sphingomonadales:order;159315:c__Alphaproteobacteria:class;14525:p__Pseudomonadota:phylum;14524:d__Bacteria:superkingdom;1:root:no rank"
324455	"s__Sphingomonas sp000797515"	18	1.01	2.39	0.0	0.0	57.89	0.9943	0.633	0.638	534	0.007	18	"324455:s__Sphingomonas sp000797515:species;223509:g__Sphingomonas:genus;223508:f__Sphingomonadaceae:family;223507:o__Sphingomonadales:order;159315:c__Alphaproteobacteria:class;14525:p__Pseudomonadota:phylum;14524:d__Bacteria:superkingdom;1:root:no rank"
382156	"RS_GCF_014192375.1"	17	1.0	2.72	0.0	0.0	62.71	0.9859	0.685	0.688	588	0.003	17	"382156:RS_GCF_014192375.1:subspecies;382155:s__Endobacter medicaginis:species;382154:g__Endobacter:genus;241022:f__Acetobacteraceae:family;241021:o__Acetobacterales:order;159315:c__Alphaproteobacteria:class;14525:p__Pseudomonadota:phylum;14524:d__Bacteria:superkingdom;1:root:no rank"
382155	"s__Endobacter medicaginis"	17	1.0	2.72	0.0	0.0	62.71	0.9859	0.685	0.688	588	0.003	17	"382155:s__Endobacter medicaginis:species;382154:g__Endobacter:genus;241022:f__Acetobacteraceae:family;241021:o__Acetobacterales:order;159315:c__Alphaproteobacteria:class;14525:p__Pseudomonadota:phylum;14524:d__Bacteria:superkingdom;1:root:no rank"
382154	"g__Endobacter"	17	1.0	2.72	0.0	0.0	62.71	0.9859	0.685	0.688	588	0.003	17	"382154:g__Endobacter:genus;241022:f__Acetobacteraceae:family;241021:o__Acetobacterales:order;159315:c__Alphaproteobacteria:class;14525:p__Pseudomonadota:phylum;14524:d__Bacteria:superkingdom;1:root:no rank"
282049	"o__Saccharimonadales"	16	0.99	1.83	0.0	0.0	53.56	0.9838	0.51	0.507	412	0	21	"282049:o__Saccharimonadales:order;282048:c__Saccharimonadia:class;249843:p__Patescibacteria:phylum;14524:d__Bacteria:superkingdom;1:root:no rank"
282048	"c__Saccharimonadia"	16	0.99	1.83	0.0	0.0	53.56	0.9838	0.51	0.507	412	0	21	"282048:c__Saccharimonadia:class;249843:p__Patescibacteria:phylum;14524:d__Bacteria:superkingdom;1:root:no rank"
249843	"p__Patescibacteria"	16	0.99	1.83	0.0	0.0	53.56	0.9838	0.51	0.507	412	0	21	"249843:p__Patescibacteria:phylum;14524:d__Bacteria:superkingdom;1:root:no rank"
233596	"f__Thermaceae"	16	1.0	1.87	0.0	0.0	54.38	0.9838	0.59	0.6	420	0.005	16	"233596:f__Thermaceae:family;233595:o__Deinococcales:order;233594:c__Deinococci:class;233593:p__Deinococcota:phylum;14524:d__Bacteria:superkingdom;1:root:no rank"
375698	"GB_GCA_903821365.1"	15	0.99	1.75	0.0	0.0	54.6	0.9831	0.499	0.499	402	0	15	"375698:GB_GCA_903821365.1:subspecies;375697:s__CAIJKY01 sp903821365:species;375696:g__CAIJKY01:genus;375695:f__CAIJKY01:family;282049:o__Saccharimonadales:order;282048:c__Saccharimonadia:class;249843:p__Patescibacteria:phylum;14524:d__Bacteria:superkingdom;1:root:no rank"
375697	"s__CAIJKY01 sp903821365"	15	0.99	1.75	0.0	0.0	54.6	0.9831	0.499	0.499	402	0	15	"375697:s__CAIJKY01 sp903821365:species;375696:g__CAIJKY01:genus;375695:f__CAIJKY01:family;282049:o__Saccharimonadales:order;282048:c__Saccharimonadia:class;249843:p__Patescibacteria:phylum;14524:d__Bacteria:superkingdom;1:root:no rank"
375696	"g__CAIJKY01"	15	0.99	1.75	0.0	0.0	54.6	0.9831	0.499	0.499	402	0	15	"375696:g__CAIJKY01:genus;375695:f__CAIJKY01:family;282049:o__Saccharimonadales:order;282048:c__Saccharimonadia:class;249843:p__Patescibacteria:phylum;14524:d__Bacteria:superkingdom;1:root:no rank"
375695	"f__CAIJKY01"	15	0.99	1.75	0.0	0.0	54.6	0.9831	0.499	0.499	402	0	15	"375695:f__CAIJKY01:family;282049:o__Saccharimonadales:order;282048:c__Saccharimonadia:class;249843:p__Patescibacteria:phylum;14524:d__Bacteria:superkingdom;1:root:no rank"
275876	"f__Rhodanobacteraceae"	14	1.01	2.57	0.0	0.0	64.93	0.9676	0.624	0.629	510	0.014	23	"275876:f__Rhodanobacteraceae:family;177469:o__Xanthomonadales:order;14526:c__Gammaproteobacteria:class;14525:p__Pseudomonadota:phylum;14524:d__Bacteria:superkingdom;1:root:no rank"
268144	"o__Cytophagales"	14	0.99	1.54	0.0	0.0	40.5	0.9781	0.422	0.427	176	0	35	"268144:o__Cytophagales:order;173791:c__Bacteroidia:class;173790:p__Bacteroidota:phylum;14524:d__Bacteria:superkingdom;1:root:no rank"
428335	"GB_GCA_015478585.1"	14	1.01	1.87	0.0	0.0	52.14	0.9836	0.595	0.605	336	0.006	14	"428335:GB_GCA_015478585.1:subspecies;428334:s__Meiothermus sp015478585:species;310926:g__Meiothermus:genus;233596:f__Thermaceae:family;233595:o__Deinococcales:order;233594:c__Deinococci:class;233593:p__Deinococcota:phylum;14524:d__Bacteria:superkingdom;1:root:no rank"
428334	"s__Meiothermus sp015478585"	14	1.01	1.87	0.0	0.0	52.14	0.9836	0.595	0.605	336	0.006	14	"428334:s__Meiothermus sp015478585:species;310926:g__Meiothermus:genus;233596:f__Thermaceae:family;233595:o__Deinococcales:order;233594:c__Deinococci:class;233593:p__Deinococcota:phylum;14524:d__Bacteria:superkingdom;1:root:no rank"
310926	"g__Meiothermus"	14	1.01	1.87	0.0	0.0	52.14	0.9836	0.595	0.605	336	0.006	14	"310926:g__Meiothermus:genus;233596:f__Thermaceae:family;233595:o__Deinococcales:order;233594:c__Deinococci:class;233593:p__Deinococcota:phylum;14524:d__Bacteria:superkingdom;1:root:no rank"
257763	"p__Myxococcota"	14	1.0	2.21	0.0	0.0	53.0	0.9654	0.669	0.657	351	0	28	"257763:p__Myxococcota:phylum;14524:d__Bacteria:superkingdom;1:root:no rank"
207081	"f__Streptomycetaceae"	13	0.99	2.33	0.0	0.0	45.69	0.9764	0.614	0.635	232	0	76	"207081:f__Streptomycetaceae:family;207080:o__Streptomycetales:order;101056:c__Actinomycetia:class;101055:p__Actinomycetota:phylum;14524:d__Bacteria:superkingdom;1:root:no rank"
207080	"o__Streptomycetales"	13	0.99	2.33	0.0	0.0	45.69	0.9764	0.614	0.635	232	0	76	"207080:o__Streptomycetales:order;101056:c__Actinomycetia:class;101055:p__Actinomycetota:phylum;14524:d__Bacteria:superkingdom;1:root:no rank"
324503	"g__Cellvibrio"	13	1.0	1.75	0.0	0.0	52.08	0.9882	0.479	0.484	313	0.0	18	"324503:g__Cellvibrio:genus;308202:f__Cellvibrionaceae:family;108193:o__Pseudomonadales:order;14526:c__Gammaproteobacteria:class;14525:p__Pseudomonadota:phylum;14524:d__Bacteria:superkingdom;1:root:no rank"
308202	"f__Cellvibrionaceae"	13	1.0	1.75	0.0	0.0	52.08	0.9882	0.479	0.484	313	0.0	18	"308202:f__Cellvibrionaceae:family;108193:o__Pseudomonadales:order;14526:c__Gammaproteobacteria:class;14525:p__Pseudomonadota:phylum;14524:d__Bacteria:superkingdom;1:root:no rank"
156221	"RS_GCF_006742205.1"	13	1.0	2.53	0.0	0.0	55.69	0.9872	0.334	0.334	360	0.0	13	"156221:RS_GCF_006742205.1:subspecies;155621:s__Staphylococcus epidermidis:species;63361:g__Staphylococcus:genus;63360:f__Staphylococcaceae:family;63359:o__Staphylococcales:order;63358:c__Bacilli:class;63357:p__Bacillota:phylum;14524:d__Bacteria:superkingdom;1:root:no rank"
155621	"s__Staphylococcus epidermidis"	13	1.0	2.53	0.0	0.0	55.69	0.9872	0.334	0.334	360	0.0	13	"155621:s__Staphylococcus epidermidis:species;63361:g__Staphylococcus:genus;63360:f__Staphylococcaceae:family;63359:o__Staphylococcales:order;63358:c__Bacilli:class;63357:p__Bacillota:phylum;14524:d__Bacteria:superkingdom;1:root:no rank"
316929	"RS_GCF_002831585.1"	13	0.99	2.56	0.25	0.0	67.15	0.9842	0.616	0.643	514	0	13	"316929:RS_GCF_002831585.1:subspecies;316924:s__Bradyrhizobium sp002831585:species;227326:g__Bradyrhizobium:genus;227325:f__Xanthobacteraceae:family;161314:o__Rhizobiales:order;159315:c__Alphaproteobacteria:class;14525:p__Pseudomonadota:phylum;14524:d__Bacteria:superkingdom;1:root:no rank"
316924	"s__Bradyrhizobium sp002831585"	13	0.99	2.56	0.25	0.0	67.15	0.9842	0.616	0.643	514	0	13	"316924:s__Bradyrhizobium sp002831585:species;227326:g__Bradyrhizobium:genus;227325:f__Xanthobacteraceae:family;161314:o__Rhizobiales:order;159315:c__Alphaproteobacteria:class;14525:p__Pseudomonadota:phylum;14524:d__Bacteria:superkingdom;1:root:no rank"
248549	"RS_GCF_014651235.1"	12	0.99	2.15	0.0	0.0	58.92	0.9858	0.435	0.424	373	0	12	"248549:RS_GCF_014651235.1:subspecies;248546:s__Leuconostoc lactis:species;208734:g__Leuconostoc:genus;165659:f__Lactobacillaceae:family;92156:o__Lactobacillales:order;63358:c__Bacilli:class;63357:p__Bacillota:phylum;14524:d__Bacteria:superkingdom;1:root:no rank"
248546	"s__Leuconostoc lactis"	12	0.99	2.15	0.0	0.0	58.92	0.9858	0.435	0.424	373	0	12	"248546:s__Leuconostoc lactis:species;208734:g__Leuconostoc:genus;165659:f__Lactobacillaceae:family;92156:o__Lactobacillales:order;63358:c__Bacilli:class;63357:p__Bacillota:phylum;14524:d__Bacteria:superkingdom;1:root:no rank"
235824	"g__Moraxella_A"	12	1.01	2.22	0.0	0.0	66.75	0.973	0.414	0.404	462	0.006	24	"235824:g__Moraxella_A:genus;115234:f__Moraxellaceae:family;108193:o__Pseudomonadales:order;14526:c__Gammaproteobacteria:class;14525:p__Pseudomonadota:phylum;14524:d__Bacteria:superkingdom;1:root:no rank"
332447	"GB_GCA_902168225.1"	12	1.0	2.52	0.0	0.0	40.17	0.9759	0.368	0.369	146	0.0	12	"332447:GB_GCA_902168225.1:subspecies;332446:s__Sediminibacterium sp902168225:species;261774:g__Sediminibacterium:genus;257281:f__Chitinophagaceae:family;257280:o__Chitinophagales:order;173791:c__Bacteroidia:class;173790:p__Bacteroidota:phylum;14524:d__Bacteria:superkingdom;1:root:no rank"
332446	"s__Sediminibacterium sp902168225"	12	1.0	2.52	0.0	0.0	40.17	0.9759	0.368	0.369	146	0.0	12	"332446:s__Sediminibacterium sp902168225:species;261774:g__Sediminibacterium:genus;257281:f__Chitinophagaceae:family;257280:o__Chitinophagales:order;173791:c__Bacteroidia:class;173790:p__Bacteroidota:phylum;14524:d__Bacteria:superkingdom;1:root:no rank"
199302	"g__Ralstonia"	12	1.0	2.48	0.0879	0.0	63.58	0.9831	0.628	0.648	427	0.0	52	"199302:g__Ralstonia:genus;147451:f__Burkholderiaceae:family;137197:o__Burkholderiales:order;14526:c__Gammaproteobacteria:class;14525:p__Pseudomonadota:phylum;14524:d__Bacteria:superkingdom;1:root:no rank"
256529	"g__Brevundimonas"	12	1.01	2.56	0.0	0.0	69.83	0.9854	0.688	0.688	499	0.006	51	"256529:g__Brevundimonas:genus;231993:f__Caulobacteraceae:family;231992:o__Caulobacterales:order;159315:c__Alphaproteobacteria:class;14525:p__Pseudomonadota:phylum;14524:d__Bacteria:superkingdom;1:root:no rank"
256977	"g__Novosphingobium"	12	1.0	2.67	0.0	0.0	59.5	0.9784	0.689	0.686	377	0.003	14	"256977:g__Novosphingobium:genus;223508:f__Sphingomonadaceae:family;223507:o__Sphingomonadales:order;159315:c__Alphaproteobacteria:class;14525:p__Pseudomonadota:phylum;14524:d__Bacteria:superkingdom;1:root:no rank"
173793	"f__Bacteroidaceae"	12	1.0	1.93	0.0	0.0	60.83	0.9802	0.519	0.504	394	0.0	17	"173793:f__Bacteroidaceae:family;173792:o__Bacteroidales:order;173791:c__Bacteroidia:class;173790:p__Bacteroidota:phylum;14524:d__Bacteria:superkingdom;1:root:no rank"
286654	"RS_GCF_002101675.1"	12	1.0	1.97	0.0	0.0	50.5	0.9913	0.644	0.645	269	0.004	12	"286654:RS_GCF_002101675.1:subspecies;286648:s__Mycobacterium gordonae:species;101059:g__Mycobacterium:genus;101058:f__Mycobacteriaceae:family;101057:o__Mycobacteriales:order;101056:c__Actinomycetia:class;101055:p__Actinomycetota:phylum;14524:d__Bacteria:superkingdom;1:root:no rank"
286648	"s__Mycobacterium gordonae"	12	1.0	1.97	0.0	0.0	50.5	0.9913	0.644	0.645	269	0.004	12	"286648:s__Mycobacterium gordonae:species;101059:g__Mycobacterium:genus;101058:f__Mycobacteriaceae:family;101057:o__Mycobacteriales:order;101056:c__Actinomycetia:class;101055:p__Actinomycetota:phylum;14524:d__Bacteria:superkingdom;1:root:no rank"
339236	"g__ALPHA2B"	12	1.0	2.51	0.0	0.0	59.75	0.9684	0.659	0.671	382	0	28	"339236:g__ALPHA2B:genus;233990:f__Burkholderiaceae_B:family;137197:o__Burkholderiales:order;14526:c__Gammaproteobacteria:class;14525:p__Pseudomonadota:phylum;14524:d__Bacteria:superkingdom;1:root:no rank"
280892	"RS_GCF_010093385.1"	12	1.01	2.51	0.0	0.0	58.17	0.9879	0.677	0.685	358	0.011	12	"280892:RS_GCF_010093385.1:subspecies;280883:s__Pseudoxanthomonas_A mexicana:species;273941:g__Pseudoxanthomonas_A:genus;177470:f__Xanthomonadaceae:family;177469:o__Xanthomonadales:order;14526:c__Gammaproteobacteria:class;14525:p__Pseudomonadota:phylum;14524:d__Bacteria:superkingdom;1:root:no rank"
280883	"s__Pseudoxanthomonas_A mexicana"	12	1.01	2.51	0.0	0.0	58.17	0.9879	0.677	0.685	358	0.011	12	"280883:s__Pseudoxanthomonas_A mexicana:species;273941:g__Pseudoxanthomonas_A:genus;177470:f__Xanthomonadaceae:family;177469:o__Xanthomonadales:order;14526:c__Gammaproteobacteria:class;14525:p__Pseudomonadota:phylum;14524:d__Bacteria:superkingdom;1:root:no rank"
346900	"g__Rudaea"	11	1.01	2.72	0.0	0.0	63.64	0.969	0.615	0.616	387	0.013	11	"346900:g__Rudaea:genus;275876:f__Rhodanobacteraceae:family;177469:o__Xanthomonadales:order;14526:c__Gammaproteobacteria:class;14525:p__Pseudomonadota:phylum;14524:d__Bacteria:superkingdom;1:root:no rank"
243063	"f__Dermatophilaceae"	11	0.99	2.51	0.0	0.0	49.55	0.9833	0.694	0.698	239	0	16	"243063:f__Dermatophilaceae:family;171647:o__Actinomycetales:order;101056:c__Actinomycetia:class;101055:p__Actinomycetota:phylum;14524:d__Bacteria:superkingdom;1:root:no rank"
239098	"f__Actinomycetaceae"	11	1.0	2.33	0.0	0.125	67.55	0.9722	0.677	0.679	433	0.005	25	"239098:f__Actinomycetaceae:family;171647:o__Actinomycetales:order;101056:c__Actinomycetia:class;101055:p__Actinomycetota:phylum;14524:d__Bacteria:superkingdom;1:root:no rank"
190477	"f__Flavobacteriaceae"	11	1.01	3.92	0.0	0.0	48.0	0.9834	0.359	0.392	218	0.009	19	"190477:f__Flavobacteriaceae:family;190476:o__Flavobacteriales:order;173791:c__Bacteroidia:class;173790:p__Bacteroidota:phylum;14524:d__Bacteria:superkingdom;1:root:no rank"
206791	"f__Weeksellaceae"	11	0.99	2.63	0.0	0.0	51.18	0.9892	0.363	0.361	257	0	23	"206791:f__Weeksellaceae:family;190476:o__Flavobacteriales:order;173791:c__Bacteroidia:class;173790:p__Bacteroidota:phylum;14524:d__Bacteria:superkingdom;1:root:no rank"
308431	"g__Tardiphaga"	10	1.0	2.13	0.0	0.0	62.0	0.9849	0.603	0.607	339	0.003	12	"308431:g__Tardiphaga:genus;227325:f__Xanthobacteraceae:family;161314:o__Rhizobiales:order;159315:c__Alphaproteobacteria:class;14525:p__Pseudomonadota:phylum;14524:d__Bacteria:superkingdom;1:root:no rank"
346904	"RS_GCF_005503555.1"	10	1.02	2.83	0.0	0.0	65.5	0.9703	0.614	0.618	369	0.016	10	"346904:RS_GCF_005503555.1:subspecies;346901:s__Rudaea sp005503555:species;346900:g__Rudaea:genus;275876:f__Rhodanobacteraceae:family;177469:o__Xanthomonadales:order;14526:c__Gammaproteobacteria:class;14525:p__Pseudomonadota:phylum;14524:d__Bacteria:superkingdom;1:root:no rank"
346901	"s__Rudaea sp005503555"	10	1.02	2.83	0.0	0.0	65.5	0.9703	0.614	0.618	369	0.016	10	"346901:s__Rudaea sp005503555:species;346900:g__Rudaea:genus;275876:f__Rhodanobacteraceae:family;177469:o__Xanthomonadales:order;14526:c__Gammaproteobacteria:class;14525:p__Pseudomonadota:phylum;14524:d__Bacteria:superkingdom;1:root:no rank"
296322	"g__Caulobacter"	10	1.0	2.58	0.0	0.0	69.4	0.9827	0.661	0.657	414	0.0	24	"296322:g__Caulobacter:genus;231993:f__Caulobacteraceae:family;231992:o__Caulobacterales:order;159315:c__Alphaproteobacteria:class;14525:p__Pseudomonadota:phylum;14524:d__Bacteria:superkingdom;1:root:no rank"
198019	"f__Rhodobacteraceae"	10	1.01	2.85	0.0	0.0	58.4	0.9828	0.689	0.688	301	0.01	43	"198019:f__Rhodobacteraceae:family;198018:o__Rhodobacterales:order;159315:c__Alphaproteobacteria:class;14525:p__Pseudomonadota:phylum;14524:d__Bacteria:superkingdom;1:root:no rank"
198018	"o__Rhodobacterales"	10	1.01	2.85	0.0	0.0	58.4	0.9828	0.689	0.688	301	0.01	43	"198018:o__Rhodobacterales:order;159315:c__Alphaproteobacteria:class;14525:p__Pseudomonadota:phylum;14524:d__Bacteria:superkingdom;1:root:no rank"
218299	"f__Porphyromonadaceae"	10	1.0	2.06	0.0	0.0	67.3	0.9796	0.554	0.554	394	0	11	"218299:f__Porphyromonadaceae:family;173792:o__Bacteroidales:order;173791:c__Bacteroidia:class;173790:p__Bacteroidota:phylum;14524:d__Bacteria:superkingdom;1:root:no rank"
257766	"f__Myxococcaceae"	10	0.99	2.22	0.0	0.0	45.4	0.9677	0.681	0.673	175	0	24	"257766:f__Myxococcaceae:family;257765:o__Myxococcales:order;257764:c__Myxococcia:class;257763:p__Myxococcota:phylum;14524:d__Bacteria:superkingdom;1:root:no rank"
257765	"o__Myxococcales"	10	0.99	2.22	0.0	0.0	45.4	0.9677	0.681	0.673	175	0	24	"257765:o__Myxococcales:order;257764:c__Myxococcia:class;257763:p__Myxococcota:phylum;14524:d__Bacteria:superkingdom;1:root:no rank"
257764	"c__Myxococcia"	10	0.99	2.22	0.0	0.0	45.4	0.9677	0.681	0.673	175	0	24	"257764:c__Myxococcia:class;257763:p__Myxococcota:phylum;14524:d__Bacteria:superkingdom;1:root:no rank"
225121	"RS_GCF_000368045.1"	9	1.01	2.84	0.0	0.0	52.67	0.9757	0.39	0.405	220	0.009	9	"225121:RS_GCF_000368045.1:subspecies;225078:s__Acinetobacter johnsonii:species;115235:g__Acinetobacter:genus;115234:f__Moraxellaceae:family;108193:o__Pseudomonadales:order;14526:c__Gammaproteobacteria:class;14525:p__Pseudomonadota:phylum;14524:d__Bacteria:superkingdom;1:root:no rank"
225078	"s__Acinetobacter johnsonii"	9	1.01	2.84	0.0	0.0	52.67	0.9757	0.39	0.405	220	0.009	9	"225078:s__Acinetobacter johnsonii:species;115235:g__Acinetobacter:genus;115234:f__Moraxellaceae:family;108193:o__Pseudomonadales:order;14526:c__Gammaproteobacteria:class;14525:p__Pseudomonadota:phylum;14524:d__Bacteria:superkingdom;1:root:no rank"
445635	"RS_GCF_005503535.1"	9	0.99	2.25	0.0	0.0	66.22	0.983	0.652	0.658	347	0	9	"445635:RS_GCF_005503535.1:subspecies;445634:s__Mesorhizobium comanense:species;219532:g__Mesorhizobium:genus;161315:f__Rhizobiaceae:family;161314:o__Rhizobiales:order;159315:c__Alphaproteobacteria:class;14525:p__Pseudomonadota:phylum;14524:d__Bacteria:superkingdom;1:root:no rank"
445634	"s__Mesorhizobium comanense"	9	0.99	2.25	0.0	0.0	66.22	0.983	0.652	0.658	347	0	9	"445634:s__Mesorhizobium comanense:species;219532:g__Mesorhizobium:genus;161315:f__Rhizobiaceae:family;161314:o__Rhizobiales:order;159315:c__Alphaproteobacteria:class;14525:p__Pseudomonadota:phylum;14524:d__Bacteria:superkingdom;1:root:no rank"
190478	"g__Flavobacterium"	9	0.99	4.29	0.0	0.0	43.56	0.9831	0.326	0.36	141	0	17	"190478:g__Flavobacterium:genus;190477:f__Flavobacteriaceae:family;190476:o__Flavobacteriales:order;173791:c__Bacteroidia:class;173790:p__Bacteroidota:phylum;14524:d__Bacteria:superkingdom;1:root:no rank"
476695	"RS_GCF_018129685.1"	9	0.99	2.1	0.0	0.0	42.89	0.9775	0.628	0.64	135	0	9	"476695:RS_GCF_018129685.1:subspecies;476694:s__Bradyrhizobium manausense_D:species;227326:g__Bradyrhizobium:genus;227325:f__Xanthobacteraceae:family;161314:o__Rhizobiales:order;159315:c__Alphaproteobacteria:class;14525:p__Pseudomonadota:phylum;14524:d__Bacteria:superkingdom;1:root:no rank"
476694	"s__Bradyrhizobium manausense_D"	9	0.99	2.1	0.0	0.0	42.89	0.9775	0.628	0.64	135	0	9	"476694:s__Bradyrhizobium manausense_D:species;227326:g__Bradyrhizobium:genus;227325:f__Xanthobacteraceae:family;161314:o__Rhizobiales:order;159315:c__Alphaproteobacteria:class;14525:p__Pseudomonadota:phylum;14524:d__Bacteria:superkingdom;1:root:no rank"
193415	"RS_GCF_002901845.1"	9	0.99	2.31	0.0	0.0	46.89	0.9852	0.353	0.355	171	0	9	"193415:RS_GCF_002901845.1:subspecies;193293:s__Staphylococcus hominis:species;63361:g__Staphylococcus:genus;63360:f__Staphylococcaceae:family;63359:o__Staphylococcales:order;63358:c__Bacilli:class;63357:p__Bacillota:phylum;14524:d__Bacteria:superkingdom;1:root:no rank"
193293	"s__Staphylococcus hominis"	9	0.99	2.31	0.0	0.0	46.89	0.9852	0.353	0.355	171	0	9	"193293:s__Staphylococcus hominis:species;63361:g__Staphylococcus:genus;63360:f__Staphylococcaceae:family;63359:o__Staphylococcales:order;63358:c__Bacilli:class;63357:p__Bacillota:phylum;14524:d__Bacteria:superkingdom;1:root:no rank"
283488	"o__AKYH767"	8	1.01	2.49	0.0	0.0	38.12	0.9704	0.383	0.38	80	0.012	9	"283488:o__AKYH767:order;173791:c__Bacteroidia:class;173790:p__Bacteroidota:phylum;14524:d__Bacteria:superkingdom;1:root:no rank"
317130	"RS_GCF_000015165.1"	8	1.0	2.63	0.0	0.0	55.12	0.9905	0.659	0.659	218	0	8	"317130:RS_GCF_000015165.1:subspecies;317128:s__Bradyrhizobium denitrificans:species;227326:g__Bradyrhizobium:genus;227325:f__Xanthobacteraceae:family;161314:o__Rhizobiales:order;159315:c__Alphaproteobacteria:class;14525:p__Pseudomonadota:phylum;14524:d__Bacteria:superkingdom;1:root:no rank"
317128	"s__Bradyrhizobium denitrificans"	8	1.0	2.63	0.0	0.0	55.12	0.9905	0.659	0.659	218	0	8	"317128:s__Bradyrhizobium denitrificans:species;227326:g__Bradyrhizobium:genus;227325:f__Xanthobacteraceae:family;161314:o__Rhizobiales:order;159315:c__Alphaproteobacteria:class;14525:p__Pseudomonadota:phylum;14524:d__Bacteria:superkingdom;1:root:no rank"
308738	"f__Hyphomicrobiaceae"	8	0.99	1.98	0.0	0.0	56.0	0.9628	0.64	0.644	226	0	11	"308738:f__Hyphomicrobiaceae:family;161314:o__Rhizobiales:order;159315:c__Alphaproteobacteria:class;14525:p__Pseudomonadota:phylum;14524:d__Bacteria:superkingdom;1:root:no rank"
342825	"GB_GCA_002391425.1"	8	0.99	1.79	0.0	0.0	46.75	1.0	0.605	0.607	151	0	8	"342825:GB_GCA_002391425.1:subspecies;342822:s__UBA3913 sp002391425:species;342821:g__UBA3913:genus;219704:f__Microbacteriaceae:family;171647:o__Actinomycetales:order;101056:c__Actinomycetia:class;101055:p__Actinomycetota:phylum;14524:d__Bacteria:superkingdom;1:root:no rank"
342822	"s__UBA3913 sp002391425"	8	0.99	1.79	0.0	0.0	46.75	1.0	0.605	0.607	151	0	8	"342822:s__UBA3913 sp002391425:species;342821:g__UBA3913:genus;219704:f__Microbacteriaceae:family;171647:o__Actinomycetales:order;101056:c__Actinomycetia:class;101055:p__Actinomycetota:phylum;14524:d__Bacteria:superkingdom;1:root:no rank"
342821	"g__UBA3913"	8	0.99	1.79	0.0	0.0	46.75	1.0	0.605	0.607	151	0	8	"342821:g__UBA3913:genus;219704:f__Microbacteriaceae:family;171647:o__Actinomycetales:order;101056:c__Actinomycetia:class;101055:p__Actinomycetota:phylum;14524:d__Bacteria:superkingdom;1:root:no rank"
515869	"GB_GCA_021151835.1"	8	1.0	1.9	0.0	0.0	53.5	0.9925	0.486	0.488	204	0.0	8	"515869:GB_GCA_021151835.1:subspecies;515868:s__Cellvibrio sp021151835:species;324503:g__Cellvibrio:genus;308202:f__Cellvibrionaceae:family;108193:o__Pseudomonadales:order;14526:c__Gammaproteobacteria:class;14525:p__Pseudomonadota:phylum;14524:d__Bacteria:superkingdom;1:root:no rank"
515868	"s__Cellvibrio sp021151835"	8	1.0	1.9	0.0	0.0	53.5	0.9925	0.486	0.488	204	0.0	8	"515868:s__Cellvibrio sp021151835:species;324503:g__Cellvibrio:genus;308202:f__Cellvibrionaceae:family;108193:o__Pseudomonadales:order;14526:c__Gammaproteobacteria:class;14525:p__Pseudomonadota:phylum;14524:d__Bacteria:superkingdom;1:root:no rank"
187160	"RS_GCF_000023205.1"	8	1.01	2.98	0.0	0.0	61.12	0.9917	0.739	0.738	263	0.008	8	"187160:RS_GCF_000023205.1:subspecies;187123:s__Micrococcus luteus:species;187122:g__Micrococcus:genus;187121:f__Micrococcaceae:family;171647:o__Actinomycetales:order;101056:c__Actinomycetia:class;101055:p__Actinomycetota:phylum;14524:d__Bacteria:superkingdom;1:root:no rank"
187123	"s__Micrococcus luteus"	8	1.01	2.98	0.0	0.0	61.12	0.9917	0.739	0.738	263	0.008	8	"187123:s__Micrococcus luteus:species;187122:g__Micrococcus:genus;187121:f__Micrococcaceae:family;171647:o__Actinomycetales:order;101056:c__Actinomycetia:class;101055:p__Actinomycetota:phylum;14524:d__Bacteria:superkingdom;1:root:no rank"
279860	"g__Paracoccus"	8	0.99	2.77	0.0	0.0	51.38	0.9877	0.677	0.67	188	0	34	"279860:g__Paracoccus:genus;198019:f__Rhodobacteraceae:family;198018:o__Rhodobacterales:order;159315:c__Alphaproteobacteria:class;14525:p__Pseudomonadota:phylum;14524:d__Bacteria:superkingdom;1:root:no rank"
476066	"GB_GCA_016195825.1"	8	1.0	2.67	0.0	0.0	54.12	0.9725	0.662	0.679	209	0.0	8	"476066:GB_GCA_016195825.1:subspecies;476065:s__Pelomonas sp016195825:species;351383:g__Pelomonas:genus;233990:f__Burkholderiaceae_B:family;137197:o__Burkholderiales:order;14526:c__Gammaproteobacteria:class;14525:p__Pseudomonadota:phylum;14524:d__Bacteria:superkingdom;1:root:no rank"
476065	"s__Pelomonas sp016195825"	8	1.0	2.67	0.0	0.0	54.12	0.9725	0.662	0.679	209	0.0	8	"476065:s__Pelomonas sp016195825:species;351383:g__Pelomonas:genus;233990:f__Burkholderiaceae_B:family;137197:o__Burkholderiales:order;14526:c__Gammaproteobacteria:class;14525:p__Pseudomonadota:phylum;14524:d__Bacteria:superkingdom;1:root:no rank"
278253	"g__Bosea"	8	1.0	2.09	0.0	0.0	58.88	0.9744	0.663	0.688	247	0.0	10	"278253:g__Bosea:genus;251231:f__Beijerinckiaceae:family;161314:o__Rhizobiales:order;159315:c__Alphaproteobacteria:class;14525:p__Pseudomonadota:phylum;14524:d__Bacteria:superkingdom;1:root:no rank"
227389	"g__Rothia"	8	1.0	2.16	0.0	0.0	60.38	0.974	0.626	0.628	260	0	24	"227389:g__Rothia:genus;187121:f__Micrococcaceae:family;171647:o__Actinomycetales:order;101056:c__Actinomycetia:class;101055:p__Actinomycetota:phylum;14524:d__Bacteria:superkingdom;1:root:no rank"
218300	"g__Porphyromonas"	8	1.0	2.01	0.0	0.0	69.75	0.9779	0.564	0.556	334	0.0	9	"218300:g__Porphyromonas:genus;218299:f__Porphyromonadaceae:family;173792:o__Bacteroidales:order;173791:c__Bacteroidia:class;173790:p__Bacteroidota:phylum;14524:d__Bacteria:superkingdom;1:root:no rank"
329777	"g__Williamsia"	8	1.01	1.76	0.0	0.0	55.88	0.9823	0.618	0.624	220	0.013	27	"329777:g__Williamsia:genus;101058:f__Mycobacteriaceae:family;101057:o__Mycobacteriales:order;101056:c__Actinomycetia:class;101055:p__Actinomycetota:phylum;14524:d__Bacteria:superkingdom;1:root:no rank"
244385	"g__Allorhizobium"	8	1.0	1.99	0.0	0.3333	77.12	0.9703	0.611	0.594	394	0	18	"244385:g__Allorhizobium:genus;161315:f__Rhizobiaceae:family;161314:o__Rhizobiales:order;159315:c__Alphaproteobacteria:class;14525:p__Pseudomonadota:phylum;14524:d__Bacteria:superkingdom;1:root:no rank"
258749	"GB_GCA_016839165.1"	7	0.99	2.07	0.0	0.0	49.0	0.9954	0.593	0.609	148	0	7	"258749:GB_GCA_016839165.1:subspecies;258733:s__Bradyrhizobium sp003020075:species;227326:g__Bradyrhizobium:genus;227325:f__Xanthobacteraceae:family;161314:o__Rhizobiales:order;159315:c__Alphaproteobacteria:class;14525:p__Pseudomonadota:phylum;14524:d__Bacteria:superkingdom;1:root:no rank"
258733	"s__Bradyrhizobium sp003020075"	7	0.99	2.07	0.0	0.0	49.0	0.9954	0.593	0.609	148	0	7	"258733:s__Bradyrhizobium sp003020075:species;227326:g__Bradyrhizobium:genus;227325:f__Xanthobacteraceae:family;161314:o__Rhizobiales:order;159315:c__Alphaproteobacteria:class;14525:p__Pseudomonadota:phylum;14524:d__Bacteria:superkingdom;1:root:no rank"
398241	"GB_GCA_017305715.1"	7	1.0	2.15	0.0	0.0	62.14	0.9919	0.644	0.653	239	0.0	7	"398241:GB_GCA_017305715.1:subspecies;398240:s__Bradyrhizobium sp017305715:species;227326:g__Bradyrhizobium:genus;227325:f__Xanthobacteraceae:family;161314:o__Rhizobiales:order;159315:c__Alphaproteobacteria:class;14525:p__Pseudomonadota:phylum;14524:d__Bacteria:superkingdom;1:root:no rank"
398240	"s__Bradyrhizobium sp017305715"	7	1.0	2.15	0.0	0.0	62.14	0.9919	0.644	0.653	239	0.0	7	"398240:s__Bradyrhizobium sp017305715:species;227326:g__Bradyrhizobium:genus;227325:f__Xanthobacteraceae:family;161314:o__Rhizobiales:order;159315:c__Alphaproteobacteria:class;14525:p__Pseudomonadota:phylum;14524:d__Bacteria:superkingdom;1:root:no rank"
305838	"g__28-YEA-48"	7	1.01	2.18	0.0	0.0	45.29	0.9682	0.604	0.62	120	0.008	8	"305838:g__28-YEA-48:genus;251231:f__Beijerinckiaceae:family;161314:o__Rhizobiales:order;159315:c__Alphaproteobacteria:class;14525:p__Pseudomonadota:phylum;14524:d__Bacteria:superkingdom;1:root:no rank"
242499	"f__Halomonadaceae"	7	0.99	2.26	0.0	0.0	85.57	0.9743	0.646	0.65	406	0	10	"242499:f__Halomonadaceae:family;108193:o__Pseudomonadales:order;14526:c__Gammaproteobacteria:class;14525:p__Pseudomonadota:phylum;14524:d__Bacteria:superkingdom;1:root:no rank"
285635	"RS_GCF_021495345.1"	7	1.0	1.43	0.0	0.0	44.14	0.9831	0.588	0.599	113	0.0	7	"285635:RS_GCF_021495345.1:subspecies;285633:s__Pseudomonas_E hydrolytica:species;154229:g__Pseudomonas_E:genus;108194:f__Pseudomonadaceae:family;108193:o__Pseudomonadales:order;14526:c__Gammaproteobacteria:class;14525:p__Pseudomonadota:phylum;14524:d__Bacteria:superkingdom;1:root:no rank"
285633	"s__Pseudomonas_E hydrolytica"	7	1.0	1.43	0.0	0.0	44.14	0.9831	0.588	0.599	113	0.0	7	"285633:s__Pseudomonas_E hydrolytica:species;154229:g__Pseudomonas_E:genus;108194:f__Pseudomonadaceae:family;108193:o__Pseudomonadales:order;14526:c__Gammaproteobacteria:class;14525:p__Pseudomonadota:phylum;14524:d__Bacteria:superkingdom;1:root:no rank"
438644	"GB_GCA_019747455.1"	7	1.0	1.93	0.0	0.0	37.29	0.9923	0.396	0.395	65	0.0	7	"438644:GB_GCA_019747455.1:subspecies;438643:s__Sediminibacterium sp019747455:species;261774:g__Sediminibacterium:genus;257281:f__Chitinophagaceae:family;257280:o__Chitinophagales:order;173791:c__Bacteroidia:class;173790:p__Bacteroidota:phylum;14524:d__Bacteria:superkingdom;1:root:no rank"
438643	"s__Sediminibacterium sp019747455"	7	1.0	1.93	0.0	0.0	37.29	0.9923	0.396	0.395	65	0.0	7	"438643:s__Sediminibacterium sp019747455:species;261774:g__Sediminibacterium:genus;257281:f__Chitinophagaceae:family;257280:o__Chitinophagales:order;173791:c__Bacteroidia:class;173790:p__Bacteroidota:phylum;14524:d__Bacteria:superkingdom;1:root:no rank"
304677	"g__Pseudoxanthomonas"	7	1.0	2.39	0.0	0.0	66.14	0.9859	0.69	0.702	268	0	14	"304677:g__Pseudoxanthomonas:genus;177470:f__Xanthomonadaceae:family;177469:o__Xanthomonadales:order;14526:c__Gammaproteobacteria:class;14525:p__Pseudomonadota:phylum;14524:d__Bacteria:superkingdom;1:root:no rank"
212100	"g__Prevotella"	7	1.0	1.84	0.0	0.0	53.86	0.9854	0.497	0.482	181	0.0	12	"212100:g__Prevotella:genus;173793:f__Bacteroidaceae:family;173792:o__Bacteroidales:order;173791:c__Bacteroidia:class;173790:p__Bacteroidota:phylum;14524:d__Bacteria:superkingdom;1:root:no rank"
373745	"g__69-11"	7	1.0	3.25	0.0	0.0	67.43	0.9822	0.711	0.72	277	0	8	"373745:g__69-11:genus;241022:f__Acetobacteraceae:family;241021:o__Acetobacterales:order;159315:c__Alphaproteobacteria:class;14525:p__Pseudomonadota:phylum;14524:d__Bacteria:superkingdom;1:root:no rank"
254018	"g__Cupriavidus"	7	1.0	2.7	0.0	0.0	51.86	0.9826	0.642	0.647	167	0.0	10	"254018:g__Cupriavidus:genus;147451:f__Burkholderiaceae:family;137197:o__Burkholderiales:order;14526:c__Gammaproteobacteria:class;14525:p__Pseudomonadota:phylum;14524:d__Bacteria:superkingdom;1:root:no rank"
240387	"g__Sphingobium"	7	1.01	2.03	0.0	0.0	50.0	0.9645	0.58	0.606	153	0.006	8	"240387:g__Sphingobium:genus;223508:f__Sphingomonadaceae:family;223507:o__Sphingomonadales:order;159315:c__Alphaproteobacteria:class;14525:p__Pseudomonadota:phylum;14524:d__Bacteria:superkingdom;1:root:no rank"
127516	"g__Enterobacter"	7	1.02	2.28	0.0	0.0	68.86	0.9738	0.601	0.602	281	0.017	24	"127516:g__Enterobacter:genus;14528:f__Enterobacteriaceae:family;14527:o__Enterobacterales:order;14526:c__Gammaproteobacteria:class;14525:p__Pseudomonadota:phylum;14524:d__Bacteria:superkingdom;1:root:no rank"
248965	"g__Limnohabitans_A"	7	1.0	1.98	0.0	0.0	48.0	0.9701	0.605	0.601	140	0.0	19	"248965:g__Limnohabitans_A:genus;233990:f__Burkholderiaceae_B:family;137197:o__Burkholderiales:order;14526:c__Gammaproteobacteria:class;14525:p__Pseudomonadota:phylum;14524:d__Bacteria:superkingdom;1:root:no rank"
513898	"GB_GCA_002256345.1"	6	1.01	1.74	0.0	0.0	64.5	0.9883	0.601	0.612	217	0.009	6	"513898:GB_GCA_002256345.1:subspecies;513897:s__Tardiphaga sp002256345:species;308431:g__Tardiphaga:genus;227325:f__Xanthobacteraceae:family;161314:o__Rhizobiales:order;159315:c__Alphaproteobacteria:class;14525:p__Pseudomonadota:phylum;14524:d__Bacteria:superkingdom;1:root:no rank"
513897	"s__Tardiphaga sp002256345"	6	1.01	1.74	0.0	0.0	64.5	0.9883	0.601	0.612	217	0.009	6	"513897:s__Tardiphaga sp002256345:species;308431:g__Tardiphaga:genus;227325:f__Xanthobacteraceae:family;161314:o__Rhizobiales:order;159315:c__Alphaproteobacteria:class;14525:p__Pseudomonadota:phylum;14524:d__Bacteria:superkingdom;1:root:no rank"
497912	"GB_GCA_002840125.1"	6	1.0	2.04	0.0	0.0	33.83	0.979	0.35	0.35	35	0.0	6	"497912:GB_GCA_002840125.1:subspecies;497911:s__Rheinheimera sp002840125:species;301954:g__Rheinheimera:genus;225214:f__Alteromonadaceae:family;145555:o__Enterobacterales_A:order;14526:c__Gammaproteobacteria:class;14525:p__Pseudomonadota:phylum;14524:d__Bacteria:superkingdom;1:root:no rank"
497911	"s__Rheinheimera sp002840125"	6	1.0	2.04	0.0	0.0	33.83	0.979	0.35	0.35	35	0.0	6	"497911:s__Rheinheimera sp002840125:species;301954:g__Rheinheimera:genus;225214:f__Alteromonadaceae:family;145555:o__Enterobacterales_A:order;14526:c__Gammaproteobacteria:class;14525:p__Pseudomonadota:phylum;14524:d__Bacteria:superkingdom;1:root:no rank"
219099	"g__Rhodococcus"	6	1.0	2.44	0.0	0.0	43.83	0.9756	0.629	0.634	95	0.0	20	"219099:g__Rhodococcus:genus;101058:f__Mycobacteriaceae:family;101057:o__Mycobacteriales:order;101056:c__Actinomycetia:class;101055:p__Actinomycetota:phylum;14524:d__Bacteria:superkingdom;1:root:no rank"
289755	"g__Rhodopseudomonas"	6	1.0	2.09	0.0	0.0	52.17	0.9797	0.641	0.645	145	0.0	8	"289755:g__Rhodopseudomonas:genus;227325:f__Xanthobacteraceae:family;161314:o__Rhizobiales:order;159315:c__Alphaproteobacteria:class;14525:p__Pseudomonadota:phylum;14524:d__Bacteria:superkingdom;1:root:no rank"
284801	"g__Pauljensenia"	6	1.0	2.29	0.0	0.3333	74.33	0.967	0.655	0.655	277	0.004	19	"284801:g__Pauljensenia:genus;239098:f__Actinomycetaceae:family;171647:o__Actinomycetales:order;101056:c__Actinomycetia:class;101055:p__Actinomycetota:phylum;14524:d__Bacteria:superkingdom;1:root:no rank"
379478	"GB_GCA_001898965.1"	6	1.01	2.22	0.0	0.0	43.5	0.9659	0.591	0.609	92	0.011	6	"379478:GB_GCA_001898965.1:subspecies;379477:s__28-YEA-48 sp001898965:species;305838:g__28-YEA-48:genus;251231:f__Beijerinckiaceae:family;161314:o__Rhizobiales:order;159315:c__Alphaproteobacteria:class;14525:p__Pseudomonadota:phylum;14524:d__Bacteria:superkingdom;1:root:no rank"
379477	"s__28-YEA-48 sp001898965"	6	1.01	2.22	0.0	0.0	43.5	0.9659	0.591	0.609	92	0.011	6	"379477:s__28-YEA-48 sp001898965:species;305838:g__28-YEA-48:genus;251231:f__Beijerinckiaceae:family;161314:o__Rhizobiales:order;159315:c__Alphaproteobacteria:class;14525:p__Pseudomonadota:phylum;14524:d__Bacteria:superkingdom;1:root:no rank"
257258	"g__Deinococcus"	6	1.0	2.67	0.0	0	68.33	0.9771	0.64	0.645	243	0	7	"257258:g__Deinococcus:genus;257257:f__Deinococcaceae:family;233595:o__Deinococcales:order;233594:c__Deinococci:class;233593:p__Deinococcota:phylum;14524:d__Bacteria:superkingdom;1:root:no rank"
257257	"f__Deinococcaceae"	6	1.0	2.67	0.0	0	68.33	0.9771	0.64	0.645	243	0	7	"257257:f__Deinococcaceae:family;233595:o__Deinococcales:order;233594:c__Deinococci:class;233593:p__Deinococcota:phylum;14524:d__Bacteria:superkingdom;1:root:no rank"
185892	"g__Stenotrophomonas"	6	0.99	2.42	0.0	0.0	56.0	0.9764	0.652	0.649	169	0	51	"185892:g__Stenotrophomonas:genus;177470:f__Xanthomonadaceae:family;177469:o__Xanthomonadales:order;14526:c__Gammaproteobacteria:class;14525:p__Pseudomonadota:phylum;14524:d__Bacteria:superkingdom;1:root:no rank"
237451	"g__Ensifer"	6	1.0	2.31	0.0	0.0	68.67	0.9802	0.626	0.631	244	0.0	13	"237451:g__Ensifer:genus;161315:f__Rhizobiaceae:family;161314:o__Rhizobiales:order;159315:c__Alphaproteobacteria:class;14525:p__Pseudomonadota:phylum;14524:d__Bacteria:superkingdom;1:root:no rank"
245152	"RS_GCF_002803605.1"	6	1.0	3.14	0.0	0.0	36.83	0.9912	0.239	0.253	53	0.0	6	"245152:RS_GCF_002803605.1:subspecies;245135:s__Acinetobacter pseudolwoffii:species;115235:g__Acinetobacter:genus;115234:f__Moraxellaceae:family;108193:o__Pseudomonadales:order;14526:c__Gammaproteobacteria:class;14525:p__Pseudomonadota:phylum;14524:d__Bacteria:superkingdom;1:root:no rank"
245135	"s__Acinetobacter pseudolwoffii"	6	1.0	3.14	0.0	0.0	36.83	0.9912	0.239	0.253	53	0.0	6	"245135:s__Acinetobacter pseudolwoffii:species;115235:g__Acinetobacter:genus;115234:f__Moraxellaceae:family;108193:o__Pseudomonadales:order;14526:c__Gammaproteobacteria:class;14525:p__Pseudomonadota:phylum;14524:d__Bacteria:superkingdom;1:root:no rank"
413029	"GB_GCA_017418975.1"	6	0.99	3.55	0.0	0.0	77.83	0.9653	0.719	0.726	301	0	6	"413029:GB_GCA_017418975.1:subspecies;413028:s__Sphingomonas sp017418975:species;223509:g__Sphingomonas:genus;223508:f__Sphingomonadaceae:family;223507:o__Sphingomonadales:order;159315:c__Alphaproteobacteria:class;14525:p__Pseudomonadota:phylum;14524:d__Bacteria:superkingdom;1:root:no rank"
413028	"s__Sphingomonas sp017418975"	6	0.99	3.55	0.0	0.0	77.83	0.9653	0.719	0.726	301	0	6	"413028:s__Sphingomonas sp017418975:species;223509:g__Sphingomonas:genus;223508:f__Sphingomonadaceae:family;223507:o__Sphingomonadales:order;159315:c__Alphaproteobacteria:class;14525:p__Pseudomonadota:phylum;14524:d__Bacteria:superkingdom;1:root:no rank"
317551	"RS_GCF_000745475.1"	6	1.0	2.35	0.0	0.0	62.0	0.9695	0.674	0.702	204	0.0	6	"317551:RS_GCF_000745475.1:subspecies;317547:s__Bosea sp000745475:species;278253:g__Bosea:genus;251231:f__Beijerinckiaceae:family;161314:o__Rhizobiales:order;159315:c__Alphaproteobacteria:class;14525:p__Pseudomonadota:phylum;14524:d__Bacteria:superkingdom;1:root:no rank"
317547	"s__Bosea sp000745475"	6	1.0	2.35	0.0	0.0	62.0	0.9695	0.674	0.702	204	0.0	6	"317547:s__Bosea sp000745475:species;278253:g__Bosea:genus;251231:f__Beijerinckiaceae:family;161314:o__Rhizobiales:order;159315:c__Alphaproteobacteria:class;14525:p__Pseudomonadota:phylum;14524:d__Bacteria:superkingdom;1:root:no rank"
270175	"RS_GCF_000314675.2"	6	1.0	2.35	0.0	0.0	62.67	0.9783	0.568	0.574	208	0.0	6	"270175:RS_GCF_000314675.2:subspecies;270169:s__Afipia broomeae:species;270168:g__Afipia:genus;227325:f__Xanthobacteraceae:family;161314:o__Rhizobiales:order;159315:c__Alphaproteobacteria:class;14525:p__Pseudomonadota:phylum;14524:d__Bacteria:superkingdom;1:root:no rank"
270169	"s__Afipia broomeae"	6	1.0	2.35	0.0	0.0	62.67	0.9783	0.568	0.574	208	0.0	6	"270169:s__Afipia broomeae:species;270168:g__Afipia:genus;227325:f__Xanthobacteraceae:family;161314:o__Rhizobiales:order;159315:c__Alphaproteobacteria:class;14525:p__Pseudomonadota:phylum;14524:d__Bacteria:superkingdom;1:root:no rank"
474643	"GB_GCA_017304945.1"	6	1.0	3.14	0.0	0.0	70.83	0.9828	0.716	0.725	258	0	6	"474643:GB_GCA_017304945.1:subspecies;474642:s__69-11 sp017304945:species;373745:g__69-11:genus;241022:f__Acetobacteraceae:family;241021:o__Acetobacterales:order;159315:c__Alphaproteobacteria:class;14525:p__Pseudomonadota:phylum;14524:d__Bacteria:superkingdom;1:root:no rank"
474642	"s__69-11 sp017304945"	6	1.0	3.14	0.0	0.0	70.83	0.9828	0.716	0.725	258	0	6	"474642:s__69-11 sp017304945:species;373745:g__69-11:genus;241022:f__Acetobacteraceae:family;241021:o__Acetobacterales:order;159315:c__Alphaproteobacteria:class;14525:p__Pseudomonadota:phylum;14524:d__Bacteria:superkingdom;1:root:no rank"
48380	"g__Klebsiella"	6	1.0	2.03	0.3636	0.0	75.17	0.9765	0.581	0.585	284	0	14	"48380:g__Klebsiella:genus;14528:f__Enterobacteriaceae:family;14527:o__Enterobacterales:order;14526:c__Gammaproteobacteria:class;14525:p__Pseudomonadota:phylum;14524:d__Bacteria:superkingdom;1:root:no rank"
163127	"f__Legionellaceae"	6	1.0	2.16	0.0	0	66.33	0.9722	0.387	0.4	230	0.0	25	"163127:f__Legionellaceae:family;163126:o__Legionellales:order;14526:c__Gammaproteobacteria:class;14525:p__Pseudomonadota:phylum;14524:d__Bacteria:superkingdom;1:root:no rank"
163126	"o__Legionellales"	6	1.0	2.16	0.0	0	66.33	0.9722	0.387	0.4	230	0.0	25	"163126:o__Legionellales:order;14526:c__Gammaproteobacteria:class;14525:p__Pseudomonadota:phylum;14524:d__Bacteria:superkingdom;1:root:no rank"
307455	"o__Nevskiales"	6	1.0	2.0	0.0	0.0	50.83	0.9663	0.625	0.633	137	0.0	10	"307455:o__Nevskiales:order;14526:c__Gammaproteobacteria:class;14525:p__Pseudomonadota:phylum;14524:d__Bacteria:superkingdom;1:root:no rank"
207082	"g__Streptomyces"	6	1.0	2.37	0.0	0.0	44.0	0.9756	0.498	0.525	96	0.0	8	"207082:g__Streptomyces:genus;207081:f__Streptomycetaceae:family;207080:o__Streptomycetales:order;101056:c__Actinomycetia:class;101055:p__Actinomycetota:phylum;14524:d__Bacteria:superkingdom;1:root:no rank"
237094	"RS_GCF_014647755.1"	6	1.0	1.81	0.0	0.0	64.17	0.9813	0.58	0.582	216	0.005	6	"237094:RS_GCF_014647755.1:subspecies;237064:s__Porphyromonas pasteri:species;218300:g__Porphyromonas:genus;218299:f__Porphyromonadaceae:family;173792:o__Bacteroidales:order;173791:c__Bacteroidia:class;173790:p__Bacteroidota:phylum;14524:d__Bacteria:superkingdom;1:root:no rank"
237064	"s__Porphyromonas pasteri"	6	1.0	1.81	0.0	0.0	64.17	0.9813	0.58	0.582	216	0.005	6	"237064:s__Porphyromonas pasteri:species;218300:g__Porphyromonas:genus;218299:f__Porphyromonadaceae:family;173792:o__Bacteroidales:order;173791:c__Bacteroidia:class;173790:p__Bacteroidota:phylum;14524:d__Bacteria:superkingdom;1:root:no rank"
379194	"f__Cytophagaceae"	6	1.0	1.52	0	0.0	39.33	0.9829	0.403	0.421	68	0.0	13	"379194:f__Cytophagaceae:family;268144:o__Cytophagales:order;173791:c__Bacteroidia:class;173790:p__Bacteroidota:phylum;14524:d__Bacteria:superkingdom;1:root:no rank"
289416	"RS_GCF_008727715.1"	6	1.02	2.78	0	0.0	38.33	0.9906	0.661	0.67	61	0.016	6	"289416:RS_GCF_008727715.1:subspecies;289413:s__Mesorhizobium terrae:species;219532:g__Mesorhizobium:genus;161315:f__Rhizobiaceae:family;161314:o__Rhizobiales:order;159315:c__Alphaproteobacteria:class;14525:p__Pseudomonadota:phylum;14524:d__Bacteria:superkingdom;1:root:no rank"
289413	"s__Mesorhizobium terrae"	6	1.02	2.78	0	0.0	38.33	0.9906	0.661	0.67	61	0.016	6	"289413:s__Mesorhizobium terrae:species;219532:g__Mesorhizobium:genus;161315:f__Rhizobiaceae:family;161314:o__Rhizobiales:order;159315:c__Alphaproteobacteria:class;14525:p__Pseudomonadota:phylum;14524:d__Bacteria:superkingdom;1:root:no rank"
197356	"g__Aeromonas"	6	1.0	2.22	0.0	0.0	42.0	0.9872	0.478	0.492	84	0.0	22	"197356:g__Aeromonas:genus;197355:f__Aeromonadaceae:family;145555:o__Enterobacterales_A:order;14526:c__Gammaproteobacteria:class;14525:p__Pseudomonadota:phylum;14524:d__Bacteria:superkingdom;1:root:no rank"
197355	"f__Aeromonadaceae"	6	1.0	2.22	0.0	0.0	42.0	0.9872	0.478	0.492	84	0.0	22	"197355:f__Aeromonadaceae:family;145555:o__Enterobacterales_A:order;14526:c__Gammaproteobacteria:class;14525:p__Pseudomonadota:phylum;14524:d__Bacteria:superkingdom;1:root:no rank"
510860	"RS_GCF_001556045.1"	6	1.0	2.08	0.0	0.0	64.33	0.9903	0.593	0.606	218	0.0	6	"510860:RS_GCF_001556045.1:subspecies;510859:s__Bradyrhizobium sp001556045:species;227326:g__Bradyrhizobium:genus;227325:f__Xanthobacteraceae:family;161314:o__Rhizobiales:order;159315:c__Alphaproteobacteria:class;14525:p__Pseudomonadota:phylum;14524:d__Bacteria:superkingdom;1:root:no rank"
510859	"s__Bradyrhizobium sp001556045"	6	1.0	2.08	0.0	0.0	64.33	0.9903	0.593	0.606	218	0.0	6	"510859:s__Bradyrhizobium sp001556045:species;227326:g__Bradyrhizobium:genus;227325:f__Xanthobacteraceae:family;161314:o__Rhizobiales:order;159315:c__Alphaproteobacteria:class;14525:p__Pseudomonadota:phylum;14524:d__Bacteria:superkingdom;1:root:no rank"
317819	"GB_GCA_003075315.1"	6	1.0	2.83	0.0	0.0	54.83	0.9736	0.671	0.678	161	0.0	6	"317819:GB_GCA_003075315.1:subspecies;317815:s__Sphingomonas sp003075315:species;223509:g__Sphingomonas:genus;223508:f__Sphingomonadaceae:family;223507:o__Sphingomonadales:order;159315:c__Alphaproteobacteria:class;14525:p__Pseudomonadota:phylum;14524:d__Bacteria:superkingdom;1:root:no rank"
317815	"s__Sphingomonas sp003075315"	6	1.0	2.83	0.0	0.0	54.83	0.9736	0.671	0.678	161	0.0	6	"317815:s__Sphingomonas sp003075315:species;223509:g__Sphingomonas:genus;223508:f__Sphingomonadaceae:family;223507:o__Sphingomonadales:order;159315:c__Alphaproteobacteria:class;14525:p__Pseudomonadota:phylum;14524:d__Bacteria:superkingdom;1:root:no rank"
429733	"GB_GCA_017474385.1"	5	1.0	2.01	0.0	0	59.4	0.9939	0.615	0.623	157	0.0	5	"429733:GB_GCA_017474385.1:subspecies;429732:s__Afipia sp017474385:species;270168:g__Afipia:genus;227325:f__Xanthobacteraceae:family;161314:o__Rhizobiales:order;159315:c__Alphaproteobacteria:class;14525:p__Pseudomonadota:phylum;14524:d__Bacteria:superkingdom;1:root:no rank"
429732	"s__Afipia sp017474385"	5	1.0	2.01	0.0	0	59.4	0.9939	0.615	0.623	157	0.0	5	"429732:s__Afipia sp017474385:species;270168:g__Afipia:genus;227325:f__Xanthobacteraceae:family;161314:o__Rhizobiales:order;159315:c__Alphaproteobacteria:class;14525:p__Pseudomonadota:phylum;14524:d__Bacteria:superkingdom;1:root:no rank"
461338	"RS_GCF_012932915.1"	5	0.99	2.05	0.0	0	56.0	0.9796	0.615	0.611	141	0	5	"461338:RS_GCF_012932915.1:subspecies;461337:s__Antrihabitans stalactiti:species;416323:g__Antrihabitans:genus;101058:f__Mycobacteriaceae:family;101057:o__Mycobacteriales:order;101056:c__Actinomycetia:class;101055:p__Actinomycetota:phylum;14524:d__Bacteria:superkingdom;1:root:no rank"
461337	"s__Antrihabitans stalactiti"	5	0.99	2.05	0.0	0	56.0	0.9796	0.615	0.611	141	0	5	"461337:s__Antrihabitans stalactiti:species;416323:g__Antrihabitans:genus;101058:f__Mycobacteriaceae:family;101057:o__Mycobacteriales:order;101056:c__Actinomycetia:class;101055:p__Actinomycetota:phylum;14524:d__Bacteria:superkingdom;1:root:no rank"
416323	"g__Antrihabitans"	5	0.99	2.05	0.0	0	56.0	0.9796	0.615	0.611	141	0	5	"416323:g__Antrihabitans:genus;101058:f__Mycobacteriaceae:family;101057:o__Mycobacteriales:order;101056:c__Actinomycetia:class;101055:p__Actinomycetota:phylum;14524:d__Bacteria:superkingdom;1:root:no rank"
253262	"g__Sphingopyxis"	5	1.0	2.56	0.0	0.0	47.6	0.979	0.7	0.701	98	0.0	28	"253262:g__Sphingopyxis:genus;223508:f__Sphingomonadaceae:family;223507:o__Sphingomonadales:order;159315:c__Alphaproteobacteria:class;14525:p__Pseudomonadota:phylum;14524:d__Bacteria:superkingdom;1:root:no rank"
283489	"f__B-17BO"	5	1.02	2.97	0	0	36.2	0.9671	0.372	0.359	40	0.024	6	"283489:f__B-17BO:family;283488:o__AKYH767:order;173791:c__Bacteroidia:class;173790:p__Bacteroidota:phylum;14524:d__Bacteria:superkingdom;1:root:no rank"
277480	"g__Kitasatospora"	5	1.0	2.33	0.0	0.0	50.4	0.9782	0.711	0.726	112	0.0	13	"277480:g__Kitasatospora:genus;207081:f__Streptomycetaceae:family;207080:o__Streptomycetales:order;101056:c__Actinomycetia:class;101055:p__Actinomycetota:phylum;14524:d__Bacteria:superkingdom;1:root:no rank"
343424	"RS_GCF_011761945.1"	5	1.0	2.73	0.0	0.0	75.8	0.9918	0.675	0.686	240	0	5	"343424:RS_GCF_011761945.1:subspecies;343422:s__Sphingomonas leidyi:species;223509:g__Sphingomonas:genus;223508:f__Sphingomonadaceae:family;223507:o__Sphingomonadales:order;159315:c__Alphaproteobacteria:class;14525:p__Pseudomonadota:phylum;14524:d__Bacteria:superkingdom;1:root:no rank"
343422	"s__Sphingomonas leidyi"	5	1.0	2.73	0.0	0.0	75.8	0.9918	0.675	0.686	240	0	5	"343422:s__Sphingomonas leidyi:species;223509:g__Sphingomonas:genus;223508:f__Sphingomonadaceae:family;223507:o__Sphingomonadales:order;159315:c__Alphaproteobacteria:class;14525:p__Pseudomonadota:phylum;14524:d__Bacteria:superkingdom;1:root:no rank"
167186	"o__Bacillales"	5	1.0	2.91	0.0	0.0	38.0	0.9904	0.397	0.4	50	0.0	10	"167186:o__Bacillales:order;63358:c__Bacilli:class;63357:p__Bacillota:phylum;14524:d__Bacteria:superkingdom;1:root:no rank"
307456	"f__Nevskiaceae"	5	1.0	2.06	0.0	0.0	54.8	0.966	0.64	0.639	134	0.0	9	"307456:f__Nevskiaceae:family;307455:o__Nevskiales:order;14526:c__Gammaproteobacteria:class;14525:p__Pseudomonadota:phylum;14524:d__Bacteria:superkingdom;1:root:no rank"
239259	"g__Alloprevotella"	5	1.0	2.06	0.0	0.0	70.6	0.9728	0.551	0.527	213	0.0	5	"239259:g__Alloprevotella:genus;173793:f__Bacteroidaceae:family;173792:o__Bacteroidales:order;173791:c__Bacteroidia:class;173790:p__Bacteroidota:phylum;14524:d__Bacteria:superkingdom;1:root:no rank"
298299	"RS_GCF_018729255.1"	5	1.0	2.42	0.0	0.0	56.0	0.9831	0.621	0.639	140	0.0	5	"298299:RS_GCF_018729255.1:subspecies;298296:s__Cupriavidus sp018729255:species;254018:g__Cupriavidus:genus;147451:f__Burkholderiaceae:family;137197:o__Burkholderiales:order;14526:c__Gammaproteobacteria:class;14525:p__Pseudomonadota:phylum;14524:d__Bacteria:superkingdom;1:root:no rank"
298296	"s__Cupriavidus sp018729255"	5	1.0	2.42	0.0	0.0	56.0	0.9831	0.621	0.639	140	0.0	5	"298296:s__Cupriavidus sp018729255:species;254018:g__Cupriavidus:genus;147451:f__Burkholderiaceae:family;137197:o__Burkholderiales:order;14526:c__Gammaproteobacteria:class;14525:p__Pseudomonadota:phylum;14524:d__Bacteria:superkingdom;1:root:no rank"
379195	"g__Cytophaga"	5	1.0	1.6	0	0.0	40.2	0.9833	0.398	0.423	61	0.0	10	"379195:g__Cytophaga:genus;379194:f__Cytophagaceae:family;268144:o__Cytophagales:order;173791:c__Bacteroidia:class;173790:p__Bacteroidota:phylum;14524:d__Bacteria:superkingdom;1:root:no rank"
246208	"o__Acidimicrobiales"	5	0.99	1.9	0.0	0.0	55.6	0.9793	0.631	0.647	139	0	5	"246208:o__Acidimicrobiales:order;245798:c__Acidimicrobiia:class;101055:p__Actinomycetota:phylum;14524:d__Bacteria:superkingdom;1:root:no rank"
245798	"c__Acidimicrobiia"	5	0.99	1.9	0.0	0.0	55.6	0.9793	0.631	0.647	139	0	5	"245798:c__Acidimicrobiia:class;101055:p__Actinomycetota:phylum;14524:d__Bacteria:superkingdom;1:root:no rank"
319770	"g__Lawsonella"	5	1.0	1.6	0.0	0	43.0	1.0	0.562	0.563	75	0.0	5	"319770:g__Lawsonella:genus;101058:f__Mycobacteriaceae:family;101057:o__Mycobacteriales:order;101056:c__Actinomycetia:class;101055:p__Actinomycetota:phylum;14524:d__Bacteria:superkingdom;1:root:no rank"
258853	"g__Acidovorax"	5	1.0	3.16	0.0	0.0	63.8	0.9786	0.696	0.695	179	0.0	12	"258853:g__Acidovorax:genus;233990:f__Burkholderiaceae_B:family;137197:o__Burkholderiales:order;14526:c__Gammaproteobacteria:class;14525:p__Pseudomonadota:phylum;14524:d__Bacteria:superkingdom;1:root:no rank"
325492	"g__Cloacibacterium"	5	0.99	2.46	0.0	0.0	54.0	0.987	0.319	0.322	131	0	14	"325492:g__Cloacibacterium:genus;206791:f__Weeksellaceae:family;190476:o__Flavobacteriales:order;173791:c__Bacteroidia:class;173790:p__Bacteroidota:phylum;14524:d__Bacteria:superkingdom;1:root:no rank"
308739	"g__Hyphomicrobium_B"	4	1.0	1.75	0.0	0.0	52.0	0.9718	0.613	0.623	96	0.0	7	"308739:g__Hyphomicrobium_B:genus;308738:f__Hyphomicrobiaceae:family;161314:o__Rhizobiales:order;159315:c__Alphaproteobacteria:class;14525:p__Pseudomonadota:phylum;14524:d__Bacteria:superkingdom;1:root:no rank"
450504	"GB_GCA_022841565.1"	4	0.99	2.56	0.0	0.0	71.25	0.9973	0.632	0.628	174	0	4	"450504:GB_GCA_022841565.1:subspecies;450503:s__Mycobacterium sp022841565:species;101059:g__Mycobacterium:genus;101058:f__Mycobacteriaceae:family;101057:o__Mycobacteriales:order;101056:c__Actinomycetia:class;101055:p__Actinomycetota:phylum;14524:d__Bacteria:superkingdom;1:root:no rank"
450503	"s__Mycobacterium sp022841565"	4	0.99	2.56	0.0	0.0	71.25	0.9973	0.632	0.628	174	0	4	"450503:s__Mycobacterium sp022841565:species;101059:g__Mycobacterium:genus;101058:f__Mycobacteriaceae:family;101057:o__Mycobacteriales:order;101056:c__Actinomycetia:class;101055:p__Actinomycetota:phylum;14524:d__Bacteria:superkingdom;1:root:no rank"
305314	"RS_GCF_000372645.1"	4	1.0	2.58	0.0	0.0	63.5	0.9972	0.654	0.646	142	0.0	4	"305314:RS_GCF_000372645.1:subspecies;305311:s__Caulobacter vibrioides_E:species;296322:g__Caulobacter:genus;231993:f__Caulobacteraceae:family;231992:o__Caulobacterales:order;159315:c__Alphaproteobacteria:class;14525:p__Pseudomonadota:phylum;14524:d__Bacteria:superkingdom;1:root:no rank"
305311	"s__Caulobacter vibrioides_E"	4	1.0	2.58	0.0	0.0	63.5	0.9972	0.654	0.646	142	0.0	4	"305311:s__Caulobacter vibrioides_E:species;296322:g__Caulobacter:genus;231993:f__Caulobacteraceae:family;231992:o__Caulobacterales:order;159315:c__Alphaproteobacteria:class;14525:p__Pseudomonadota:phylum;14524:d__Bacteria:superkingdom;1:root:no rank"
294662	"g__Ottowia"	4	0.99	2.4	0.0	0	60.75	0.9811	0.61	0.63	132	0	4	"294662:g__Ottowia:genus;233990:f__Burkholderiaceae_B:family;137197:o__Burkholderiales:order;14526:c__Gammaproteobacteria:class;14525:p__Pseudomonadota:phylum;14524:d__Bacteria:superkingdom;1:root:no rank"
170478	"g__Citrobacter"	4	1.0	1.89	0.0	0.0	41.75	0.9661	0.44	0.461	55	0.0	11	"170478:g__Citrobacter:genus;14528:f__Enterobacteriaceae:family;14527:o__Enterobacterales:order;14526:c__Gammaproteobacteria:class;14525:p__Pseudomonadota:phylum;14524:d__Bacteria:superkingdom;1:root:no rank"
426419	"RS_GCF_000241465.1"	4	1.0	2.29	0.0	0.0	57.75	0.9815	0.638	0.658	119	0.0	4	"426419:RS_GCF_000241465.1:subspecies;426418:s__Sphingomonas echinoides:species;223509:g__Sphingomonas:genus;223508:f__Sphingomonadaceae:family;223507:o__Sphingomonadales:order;159315:c__Alphaproteobacteria:class;14525:p__Pseudomonadota:phylum;14524:d__Bacteria:superkingdom;1:root:no rank"
426418	"s__Sphingomonas echinoides"	4	1.0	2.29	0.0	0.0	57.75	0.9815	0.638	0.658	119	0.0	4	"426418:s__Sphingomonas echinoides:species;223509:g__Sphingomonas:genus;223508:f__Sphingomonadaceae:family;223507:o__Sphingomonadales:order;159315:c__Alphaproteobacteria:class;14525:p__Pseudomonadota:phylum;14524:d__Bacteria:superkingdom;1:root:no rank"
237460	"RS_GCF_000697965.2"	4	1.01	2.19	0	0.0	76.0	0.9848	0.609	0.615	191	0.005	8	"237460:RS_GCF_000697965.2:subspecies;237452:s__Ensifer adhaerens:species;237451:g__Ensifer:genus;161315:f__Rhizobiaceae:family;161314:o__Rhizobiales:order;159315:c__Alphaproteobacteria:class;14525:p__Pseudomonadota:phylum;14524:d__Bacteria:superkingdom;1:root:no rank"
237452	"s__Ensifer adhaerens"	4	1.01	2.19	0	0.0	76.0	0.9848	0.609	0.615	191	0.005	8	"237452:s__Ensifer adhaerens:species;237451:g__Ensifer:genus;161315:f__Rhizobiaceae:family;161314:o__Rhizobiales:order;159315:c__Alphaproteobacteria:class;14525:p__Pseudomonadota:phylum;14524:d__Bacteria:superkingdom;1:root:no rank"
211453	"RS_GCF_900636385.1"	4	1.0	1.74	0.0	0.0	46.75	0.9951	0.33	0.337	75	0.0	4	"211453:RS_GCF_900636385.1:subspecies;211394:s__Staphylococcus warneri:species;63361:g__Staphylococcus:genus;63360:f__Staphylococcaceae:family;63359:o__Staphylococcales:order;63358:c__Bacilli:class;63357:p__Bacillota:phylum;14524:d__Bacteria:superkingdom;1:root:no rank"
211394	"s__Staphylococcus warneri"	4	1.0	1.74	0.0	0.0	46.75	0.9951	0.33	0.337	75	0.0	4	"211394:s__Staphylococcus warneri:species;63361:g__Staphylococcus:genus;63360:f__Staphylococcaceae:family;63359:o__Staphylococcales:order;63358:c__Bacilli:class;63357:p__Bacillota:phylum;14524:d__Bacteria:superkingdom;1:root:no rank"
293006	"RS_GCF_014205115.1"	4	1.0	2.41	0.0	0.0	71.5	0.9755	0.691	0.71	174	0.0	4	"293006:RS_GCF_014205115.1:subspecies;293001:s__Micrococcus endophyticus:species;187122:g__Micrococcus:genus;187121:f__Micrococcaceae:family;171647:o__Actinomycetales:order;101056:c__Actinomycetia:class;101055:p__Actinomycetota:phylum;14524:d__Bacteria:superkingdom;1:root:no rank"
293001	"s__Micrococcus endophyticus"	4	1.0	2.41	0.0	0.0	71.5	0.9755	0.691	0.71	174	0.0	4	"293001:s__Micrococcus endophyticus:species;187122:g__Micrococcus:genus;187121:f__Micrococcaceae:family;171647:o__Actinomycetales:order;101056:c__Actinomycetia:class;101055:p__Actinomycetota:phylum;14524:d__Bacteria:superkingdom;1:root:no rank"
145557	"g__Vibrio"	4	1.01	1.64	0	0	48.5	0.975	0.523	0.515	81	0.012	4	"145557:g__Vibrio:genus;145556:f__Vibrionaceae:family;145555:o__Enterobacterales_A:order;14526:c__Gammaproteobacteria:class;14525:p__Pseudomonadota:phylum;14524:d__Bacteria:superkingdom;1:root:no rank"
145556	"f__Vibrionaceae"	4	1.01	1.64	0	0	48.5	0.975	0.523	0.515	81	0.012	4	"145556:f__Vibrionaceae:family;145555:o__Enterobacterales_A:order;14526:c__Gammaproteobacteria:class;14525:p__Pseudomonadota:phylum;14524:d__Bacteria:superkingdom;1:root:no rank"
336177	"GB_GCA_001899205.1"	4	1.01	2.6	0.0	0.0	71.0	0.9787	0.639	0.644	171	0.006	4	"336177:GB_GCA_001899205.1:subspecies;336174:s__Mesorhizobium sp001899205:species;219532:g__Mesorhizobium:genus;161315:f__Rhizobiaceae:family;161314:o__Rhizobiales:order;159315:c__Alphaproteobacteria:class;14525:p__Pseudomonadota:phylum;14524:d__Bacteria:superkingdom;1:root:no rank"
336174	"s__Mesorhizobium sp001899205"	4	1.01	2.6	0.0	0.0	71.0	0.9787	0.639	0.644	171	0.006	4	"336174:s__Mesorhizobium sp001899205:species;219532:g__Mesorhizobium:genus;161315:f__Rhizobiaceae:family;161314:o__Rhizobiales:order;159315:c__Alphaproteobacteria:class;14525:p__Pseudomonadota:phylum;14524:d__Bacteria:superkingdom;1:root:no rank"
344566	"RS_GCF_010211765.1"	4	0.99	2.37	0.0	0.0	72.5	0.9933	0.699	0.703	179	0	4	"344566:RS_GCF_010211765.1:subspecies;344565:s__Pseudoxanthomonas kaohsiungensis:species;304677:g__Pseudoxanthomonas:genus;177470:f__Xanthomonadaceae:family;177469:o__Xanthomonadales:order;14526:c__Gammaproteobacteria:class;14525:p__Pseudomonadota:phylum;14524:d__Bacteria:superkingdom;1:root:no rank"
344565	"s__Pseudoxanthomonas kaohsiungensis"	4	0.99	2.37	0.0	0.0	72.5	0.9933	0.699	0.703	179	0	4	"344565:s__Pseudoxanthomonas kaohsiungensis:species;304677:g__Pseudoxanthomonas:genus;177470:f__Xanthomonadaceae:family;177469:o__Xanthomonadales:order;14526:c__Gammaproteobacteria:class;14525:p__Pseudomonadota:phylum;14524:d__Bacteria:superkingdom;1:root:no rank"
323334	"f__Polyangiaceae"	4	1.0	2.18	0	0.0	72.0	0.9596	0.638	0.632	176	0.0	4	"323334:f__Polyangiaceae:family;287031:o__Polyangiales:order;287030:c__Polyangia:class;257763:p__Myxococcota:phylum;14524:d__Bacteria:superkingdom;1:root:no rank"
287031	"o__Polyangiales"	4	1.0	2.18	0	0.0	72.0	0.9596	0.638	0.632	176	0.0	4	"287031:o__Polyangiales:order;287030:c__Polyangia:class;257763:p__Myxococcota:phylum;14524:d__Bacteria:superkingdom;1:root:no rank"
287030	"c__Polyangia"	4	1.0	2.18	0	0.0	72.0	0.9596	0.638	0.632	176	0.0	4	"287030:c__Polyangia:class;257763:p__Myxococcota:phylum;14524:d__Bacteria:superkingdom;1:root:no rank"
409052	"g__Actinomycetospora"	4	1.02	2.5	0	0	57.5	0.986	0.701	0.709	116	0.017	4	"409052:g__Actinomycetospora:genus;274399:f__Pseudonocardiaceae:family;101057:o__Mycobacteriales:order;101056:c__Actinomycetia:class;101055:p__Actinomycetota:phylum;14524:d__Bacteria:superkingdom;1:root:no rank"
230304	"RS_GCF_000369065.1"	4	1.0	3.2	0.0	0.0	53.0	0.9931	0.284	0.307	100	0.0	4	"230304:RS_GCF_000369065.1:subspecies;230281:s__Acinetobacter haemolyticus:species;115235:g__Acinetobacter:genus;115234:f__Moraxellaceae:family;108193:o__Pseudomonadales:order;14526:c__Gammaproteobacteria:class;14525:p__Pseudomonadota:phylum;14524:d__Bacteria:superkingdom;1:root:no rank"
230281	"s__Acinetobacter haemolyticus"	4	1.0	3.2	0.0	0.0	53.0	0.9931	0.284	0.307	100	0.0	4	"230281:s__Acinetobacter haemolyticus:species;115235:g__Acinetobacter:genus;115234:f__Moraxellaceae:family;108193:o__Pseudomonadales:order;14526:c__Gammaproteobacteria:class;14525:p__Pseudomonadota:phylum;14524:d__Bacteria:superkingdom;1:root:no rank"
248460	"f__Rhodocyclaceae"	4	1.0	1.68	0.0	0.0	39.0	0.9903	0.661	0.654	44	0.0	8	"248460:f__Rhodocyclaceae:family;137197:o__Burkholderiales:order;14526:c__Gammaproteobacteria:class;14525:p__Pseudomonadota:phylum;14524:d__Bacteria:superkingdom;1:root:no rank"
244941	"g__Phyllobacterium"	4	1.0	1.62	0	0.0	47.75	0.9857	0.603	0.623	79	0.0	6	"244941:g__Phyllobacterium:genus;161315:f__Rhizobiaceae:family;161314:o__Rhizobiales:order;159315:c__Alphaproteobacteria:class;14525:p__Pseudomonadota:phylum;14524:d__Bacteria:superkingdom;1:root:no rank"
221113	"RS_GCF_000368765.1"	4	1.0	1.66	0.0	0.0	37.25	0.9861	0.416	0.403	37	0.0	4	"221113:RS_GCF_000368765.1:subspecies;221054:s__Acinetobacter junii:species;115235:g__Acinetobacter:genus;115234:f__Moraxellaceae:family;108193:o__Pseudomonadales:order;14526:c__Gammaproteobacteria:class;14525:p__Pseudomonadota:phylum;14524:d__Bacteria:superkingdom;1:root:no rank"
221054	"s__Acinetobacter junii"	4	1.0	1.66	0.0	0.0	37.25	0.9861	0.416	0.403	37	0.0	4	"221054:s__Acinetobacter junii:species;115235:g__Acinetobacter:genus;115234:f__Moraxellaceae:family;108193:o__Pseudomonadales:order;14526:c__Gammaproteobacteria:class;14525:p__Pseudomonadota:phylum;14524:d__Bacteria:superkingdom;1:root:no rank"
280500	"RS_GCF_000956535.1"	4	1.0	3.11	0.0	0.0	53.5	0.9969	0.723	0.734	102	0.0	5	"280500:RS_GCF_000956535.1:subspecies;280493:s__Microbacterium ginsengisoli:species;260237:g__Microbacterium:genus;219704:f__Microbacteriaceae:family;171647:o__Actinomycetales:order;101056:c__Actinomycetia:class;101055:p__Actinomycetota:phylum;14524:d__Bacteria:superkingdom;1:root:no rank"
280493	"s__Microbacterium ginsengisoli"	4	1.0	3.11	0.0	0.0	53.5	0.9969	0.723	0.734	102	0.0	5	"280493:s__Microbacterium ginsengisoli:species;260237:g__Microbacterium:genus;219704:f__Microbacteriaceae:family;171647:o__Actinomycetales:order;101056:c__Actinomycetia:class;101055:p__Actinomycetota:phylum;14524:d__Bacteria:superkingdom;1:root:no rank"
262561	"RS_GCF_001553955.1"	4	1.0	2.39	0.0	0.0	71.25	0.9723	0.416	0.407	173	0.0	4	"262561:RS_GCF_001553955.1:subspecies;262553:s__Moraxella_A osloensis:species;235824:g__Moraxella_A:genus;115234:f__Moraxellaceae:family;108193:o__Pseudomonadales:order;14526:c__Gammaproteobacteria:class;14525:p__Pseudomonadota:phylum;14524:d__Bacteria:superkingdom;1:root:no rank"
262553	"s__Moraxella_A osloensis"	4	1.0	2.39	0.0	0.0	71.25	0.9723	0.416	0.407	173	0.0	4	"262553:s__Moraxella_A osloensis:species;235824:g__Moraxella_A:genus;115234:f__Moraxellaceae:family;108193:o__Pseudomonadales:order;14526:c__Gammaproteobacteria:class;14525:p__Pseudomonadota:phylum;14524:d__Bacteria:superkingdom;1:root:no rank"
367515	"g__Skermanella"	4	1.0	1.86	0.0	0	65.0	0.9879	0.589	0.577	148	0.0	4	"367515:g__Skermanella:genus;259344:f__Azospirillaceae:family;259343:o__Azospirillales:order;159315:c__Alphaproteobacteria:class;14525:p__Pseudomonadota:phylum;14524:d__Bacteria:superkingdom;1:root:no rank"
259344	"f__Azospirillaceae"	4	1.0	1.86	0.0	0	65.0	0.9879	0.589	0.577	148	0.0	4	"259344:f__Azospirillaceae:family;259343:o__Azospirillales:order;159315:c__Alphaproteobacteria:class;14525:p__Pseudomonadota:phylum;14524:d__Bacteria:superkingdom;1:root:no rank"
259343	"o__Azospirillales"	4	1.0	1.86	0.0	0	65.0	0.9879	0.589	0.577	148	0.0	4	"259343:o__Azospirillales:order;159315:c__Alphaproteobacteria:class;14525:p__Pseudomonadota:phylum;14524:d__Bacteria:superkingdom;1:root:no rank"
332071	"RS_GCF_900117425.1"	4	1.01	2.29	0.0	0.0	57.25	0.9769	0.685	0.668	116	0.009	4	"332071:RS_GCF_900117425.1:subspecies;332069:s__Novosphingobium sp900117425:species;256977:g__Novosphingobium:genus;223508:f__Sphingomonadaceae:family;223507:o__Sphingomonadales:order;159315:c__Alphaproteobacteria:class;14525:p__Pseudomonadota:phylum;14524:d__Bacteria:superkingdom;1:root:no rank"
332069	"s__Novosphingobium sp900117425"	4	1.01	2.29	0.0	0.0	57.25	0.9769	0.685	0.668	116	0.009	4	"332069:s__Novosphingobium sp900117425:species;256977:g__Novosphingobium:genus;223508:f__Sphingomonadaceae:family;223507:o__Sphingomonadales:order;159315:c__Alphaproteobacteria:class;14525:p__Pseudomonadota:phylum;14524:d__Bacteria:superkingdom;1:root:no rank"
275037	"f__Spirosomaceae"	4	1.0	1.86	0	0.0	47.75	0.9739	0.36	0.369	79	0.0	6	"275037:f__Spirosomaceae:family;268144:o__Cytophagales:order;173791:c__Bacteroidia:class;173790:p__Bacteroidota:phylum;14524:d__Bacteria:superkingdom;1:root:no rank"
447128	"RS_GCF_001432305.1"	4	1.0	2.3	0.0	0.0	41.75	0.9776	0.655	0.677	55	0.0	4	"447128:RS_GCF_001432305.1:subspecies;447127:s__Hylemonella sp001432305:species;313749:g__Hylemonella:genus;233990:f__Burkholderiaceae_B:family;137197:o__Burkholderiales:order;14526:c__Gammaproteobacteria:class;14525:p__Pseudomonadota:phylum;14524:d__Bacteria:superkingdom;1:root:no rank"
447127	"s__Hylemonella sp001432305"	4	1.0	2.3	0.0	0.0	41.75	0.9776	0.655	0.677	55	0.0	4	"447127:s__Hylemonella sp001432305:species;313749:g__Hylemonella:genus;233990:f__Burkholderiaceae_B:family;137197:o__Burkholderiales:order;14526:c__Gammaproteobacteria:class;14525:p__Pseudomonadota:phylum;14524:d__Bacteria:superkingdom;1:root:no rank"
348105	"GB_GCA_003241315.1"	4	1.0	1.72	0.0	0	45.75	1.0	0.547	0.552	71	0.0	4	"348105:GB_GCA_003241315.1:subspecies;348103:s__Lawsonella clevelandensis_A:species;319770:g__Lawsonella:genus;101058:f__Mycobacteriaceae:family;101057:o__Mycobacteriales:order;101056:c__Actinomycetia:class;101055:p__Actinomycetota:phylum;14524:d__Bacteria:superkingdom;1:root:no rank"
348103	"s__Lawsonella clevelandensis_A"	4	1.0	1.72	0.0	0	45.75	1.0	0.547	0.552	71	0.0	4	"348103:s__Lawsonella clevelandensis_A:species;319770:g__Lawsonella:genus;101058:f__Mycobacteriaceae:family;101057:o__Mycobacteriales:order;101056:c__Actinomycetia:class;101055:p__Actinomycetota:phylum;14524:d__Bacteria:superkingdom;1:root:no rank"
338471	"g__Salinicola"	4	1.0	2.49	0.0	0.0	88.75	0.9757	0.674	0.686	244	0	5	"338471:g__Salinicola:genus;242499:f__Halomonadaceae:family;108193:o__Pseudomonadales:order;14526:c__Gammaproteobacteria:class;14525:p__Pseudomonadota:phylum;14524:d__Bacteria:superkingdom;1:root:no rank"
423293	"RS_GCF_002086735.1"	4	1.01	2.04	0.0	0.0	58.5	0.9889	0.677	0.688	121	0.008	4	"423293:RS_GCF_002086735.1:subspecies;423292:s__Mycobacterium scrofulaceum:species;101059:g__Mycobacterium:genus;101058:f__Mycobacteriaceae:family;101057:o__Mycobacteriales:order;101056:c__Actinomycetia:class;101055:p__Actinomycetota:phylum;14524:d__Bacteria:superkingdom;1:root:no rank"
423292	"s__Mycobacterium scrofulaceum"	4	1.01	2.04	0.0	0.0	58.5	0.9889	0.677	0.688	121	0.008	4	"423292:s__Mycobacterium scrofulaceum:species;101059:g__Mycobacterium:genus;101058:f__Mycobacteriaceae:family;101057:o__Mycobacteriales:order;101056:c__Actinomycetia:class;101055:p__Actinomycetota:phylum;14524:d__Bacteria:superkingdom;1:root:no rank"
186509	"g__Lactococcus"	4	1.0	2.89	0	0	62.75	0.9894	0.311	0.315	139	0.0	4	"186509:g__Lactococcus:genus;92157:f__Streptococcaceae:family;92156:o__Lactobacillales:order;63358:c__Bacilli:class;63357:p__Bacillota:phylum;14524:d__Bacteria:superkingdom;1:root:no rank"
288664	"g__2-12-FULL-35-15"	3	1.0	1.7	0.0	0.0	41.33	0.9759	0.401	0.411	40	0.0	3	"288664:g__2-12-FULL-35-15:genus;288663:f__2-12-FULL-35-15:family;283488:o__AKYH767:order;173791:c__Bacteroidia:class;173790:p__Bacteroidota:phylum;14524:d__Bacteria:superkingdom;1:root:no rank"
288663	"f__2-12-FULL-35-15"	3	1.0	1.7	0.0	0.0	41.33	0.9759	0.401	0.411	40	0.0	3	"288663:f__2-12-FULL-35-15:family;283488:o__AKYH767:order;173791:c__Bacteroidia:class;173790:p__Bacteroidota:phylum;14524:d__Bacteria:superkingdom;1:root:no rank"
319972	"g__Aquabacterium"	3	1.0	2.24	0.0	0.0	48.0	0.9849	0.679	0.694	60	0.0	4	"319972:g__Aquabacterium:genus;233990:f__Burkholderiaceae_B:family;137197:o__Burkholderiales:order;14526:c__Gammaproteobacteria:class;14525:p__Pseudomonadota:phylum;14524:d__Bacteria:superkingdom;1:root:no rank"
307007	"g__Polaromonas"	3	1.0	1.92	0.0	0.0	53.0	0.9687	0.635	0.673	75	0.0	4	"307007:g__Polaromonas:genus;233990:f__Burkholderiaceae_B:family;137197:o__Burkholderiales:order;14526:c__Gammaproteobacteria:class;14525:p__Pseudomonadota:phylum;14524:d__Bacteria:superkingdom;1:root:no rank"
452872	"RS_GCF_006715055.1"	3	1.0	2.71	0	0.0	49.33	0.9684	0.644	0.662	64	0.0	3	"452872:RS_GCF_006715055.1:subspecies;452871:s__Lapillicoccus jejuensis:species;452870:g__Lapillicoccus:genus;243063:f__Dermatophilaceae:family;171647:o__Actinomycetales:order;101056:c__Actinomycetia:class;101055:p__Actinomycetota:phylum;14524:d__Bacteria:superkingdom;1:root:no rank"
452871	"s__Lapillicoccus jejuensis"	3	1.0	2.71	0	0.0	49.33	0.9684	0.644	0.662	64	0.0	3	"452871:s__Lapillicoccus jejuensis:species;452870:g__Lapillicoccus:genus;243063:f__Dermatophilaceae:family;171647:o__Actinomycetales:order;101056:c__Actinomycetia:class;101055:p__Actinomycetota:phylum;14524:d__Bacteria:superkingdom;1:root:no rank"
452870	"g__Lapillicoccus"	3	1.0	2.71	0	0.0	49.33	0.9684	0.644	0.662	64	0.0	3	"452870:g__Lapillicoccus:genus;243063:f__Dermatophilaceae:family;171647:o__Actinomycetales:order;101056:c__Actinomycetia:class;101055:p__Actinomycetota:phylum;14524:d__Bacteria:superkingdom;1:root:no rank"
279895	"f__Hymenobacteraceae"	3	1.0	0.86	0.0	0.0	34.0	0.9755	0.571	0.574	18	0.0	10	"279895:f__Hymenobacteraceae:family;268144:o__Cytophagales:order;173791:c__Bacteroidia:class;173790:p__Bacteroidota:phylum;14524:d__Bacteria:superkingdom;1:root:no rank"
418553	"RS_GCF_014641735.1"	3	1.0	3.38	0.0	0	35.67	0.9917	0.699	0.692	23	0.0	3	"418553:RS_GCF_014641735.1:subspecies;418552:s__Sphingomonas metalli:species;223509:g__Sphingomonas:genus;223508:f__Sphingomonadaceae:family;223507:o__Sphingomonadales:order;159315:c__Alphaproteobacteria:class;14525:p__Pseudomonadota:phylum;14524:d__Bacteria:superkingdom;1:root:no rank"
418552	"s__Sphingomonas metalli"	3	1.0	3.38	0.0	0	35.67	0.9917	0.699	0.692	23	0.0	3	"418552:s__Sphingomonas metalli:species;223509:g__Sphingomonas:genus;223508:f__Sphingomonadaceae:family;223507:o__Sphingomonadales:order;159315:c__Alphaproteobacteria:class;14525:p__Pseudomonadota:phylum;14524:d__Bacteria:superkingdom;1:root:no rank"
351413	"g__Hyphomicrobium_C"	3	1.0	1.93	0.0	0.0	49.33	0.9529	0.647	0.635	64	0.0	3	"351413:g__Hyphomicrobium_C:genus;308738:f__Hyphomicrobiaceae:family;161314:o__Rhizobiales:order;159315:c__Alphaproteobacteria:class;14525:p__Pseudomonadota:phylum;14524:d__Bacteria:superkingdom;1:root:no rank"
260022	"g__Psychrobacter"	3	1.0	1.27	0	0.0	50.0	0.965	0.403	0.42	66	0.0	5	"260022:g__Psychrobacter:genus;115234:f__Moraxellaceae:family;108193:o__Pseudomonadales:order;14526:c__Gammaproteobacteria:class;14525:p__Pseudomonadota:phylum;14524:d__Bacteria:superkingdom;1:root:no rank"
242500	"g__Halomonas"	3	0.99	1.96	0.0	0.0	81.33	0.9726	0.609	0.598	161	0	5	"242500:g__Halomonas:genus;242499:f__Halomonadaceae:family;108193:o__Pseudomonadales:order;14526:c__Gammaproteobacteria:class;14525:p__Pseudomonadota:phylum;14524:d__Bacteria:superkingdom;1:root:no rank"
116604	"RS_GCF_009759685.1"	3	1.0	1.63	0.0	0	52.0	0.9871	0.379	0.391	72	0.0	3	"116604:RS_GCF_009759685.1:subspecies;115236:s__Acinetobacter baumannii:species;115235:g__Acinetobacter:genus;115234:f__Moraxellaceae:family;108193:o__Pseudomonadales:order;14526:c__Gammaproteobacteria:class;14525:p__Pseudomonadota:phylum;14524:d__Bacteria:superkingdom;1:root:no rank"
115236	"s__Acinetobacter baumannii"	3	1.0	1.63	0.0	0	52.0	0.9871	0.379	0.391	72	0.0	3	"115236:s__Acinetobacter baumannii:species;115235:g__Acinetobacter:genus;115234:f__Moraxellaceae:family;108193:o__Pseudomonadales:order;14526:c__Gammaproteobacteria:class;14525:p__Pseudomonadota:phylum;14524:d__Bacteria:superkingdom;1:root:no rank"
392795	"GB_GCA_001302245.1"	3	1.0	2.59	0.0	0	38.67	1.0	0.439	0.44	32	0.0	3	"392795:GB_GCA_001302245.1:subspecies;392794:s__PMP191F sp001302245:species;392793:g__PMP191F:genus;257281:f__Chitinophagaceae:family;257280:o__Chitinophagales:order;173791:c__Bacteroidia:class;173790:p__Bacteroidota:phylum;14524:d__Bacteria:superkingdom;1:root:no rank"
392794	"s__PMP191F sp001302245"	3	1.0	2.59	0.0	0	38.67	1.0	0.439	0.44	32	0.0	3	"392794:s__PMP191F sp001302245:species;392793:g__PMP191F:genus;257281:f__Chitinophagaceae:family;257280:o__Chitinophagales:order;173791:c__Bacteroidia:class;173790:p__Bacteroidota:phylum;14524:d__Bacteria:superkingdom;1:root:no rank"
392793	"g__PMP191F"	3	1.0	2.59	0.0	0	38.67	1.0	0.439	0.44	32	0.0	3	"392793:g__PMP191F:genus;257281:f__Chitinophagaceae:family;257280:o__Chitinophagales:order;173791:c__Bacteroidia:class;173790:p__Bacteroidota:phylum;14524:d__Bacteria:superkingdom;1:root:no rank"
317466	"RS_GCF_016907555.1"	3	1.0	2.15	0.0	0.0	67.0	0.9807	0.662	0.687	117	0.0	3	"317466:RS_GCF_016907555.1:subspecies;317461:s__Microbacterium laevaniformans:species;260237:g__Microbacterium:genus;219704:f__Microbacteriaceae:family;171647:o__Actinomycetales:order;101056:c__Actinomycetia:class;101055:p__Actinomycetota:phylum;14524:d__Bacteria:superkingdom;1:root:no rank"
317461	"s__Microbacterium laevaniformans"	3	1.0	2.15	0.0	0.0	67.0	0.9807	0.662	0.687	117	0.0	3	"317461:s__Microbacterium laevaniformans:species;260237:g__Microbacterium:genus;219704:f__Microbacteriaceae:family;171647:o__Actinomycetales:order;101056:c__Actinomycetia:class;101055:p__Actinomycetota:phylum;14524:d__Bacteria:superkingdom;1:root:no rank"
450982	"RS_GCF_013334205.1"	3	1.01	2.42	0.0	0.0	66.33	0.9706	0.634	0.653	114	0.009	3	"450982:RS_GCF_013334205.1:subspecies;450981:s__Hylemonella sp013334205:species;313749:g__Hylemonella:genus;233990:f__Burkholderiaceae_B:family;137197:o__Burkholderiales:order;14526:c__Gammaproteobacteria:class;14525:p__Pseudomonadota:phylum;14524:d__Bacteria:superkingdom;1:root:no rank"
450981	"s__Hylemonella sp013334205"	3	1.01	2.42	0.0	0.0	66.33	0.9706	0.634	0.653	114	0.009	3	"450981:s__Hylemonella sp013334205:species;313749:g__Hylemonella:genus;233990:f__Burkholderiaceae_B:family;137197:o__Burkholderiales:order;14526:c__Gammaproteobacteria:class;14525:p__Pseudomonadota:phylum;14524:d__Bacteria:superkingdom;1:root:no rank"
404247	"g__JAFLBH01"	3	1.05	3.9	0	0	34.67	0.9625	0.375	0.356	19	0.05	4	"404247:g__JAFLBH01:genus;283489:f__B-17BO:family;283488:o__AKYH767:order;173791:c__Bacteroidia:class;173790:p__Bacteroidota:phylum;14524:d__Bacteria:superkingdom;1:root:no rank"
277484	"RS_GCF_001188955.3"	3	1.0	2.68	0.0	0.0	55.67	0.9831	0.737	0.743	83	0.0	3	"277484:RS_GCF_001188955.3:subspecies;277481:s__Kitasatospora aureofaciens:species;277480:g__Kitasatospora:genus;207081:f__Streptomycetaceae:family;207080:o__Streptomycetales:order;101056:c__Actinomycetia:class;101055:p__Actinomycetota:phylum;14524:d__Bacteria:superkingdom;1:root:no rank"
277481	"s__Kitasatospora aureofaciens"	3	1.0	2.68	0.0	0.0	55.67	0.9831	0.737	0.743	83	0.0	3	"277481:s__Kitasatospora aureofaciens:species;277480:g__Kitasatospora:genus;207081:f__Streptomycetaceae:family;207080:o__Streptomycetales:order;101056:c__Actinomycetia:class;101055:p__Actinomycetota:phylum;14524:d__Bacteria:superkingdom;1:root:no rank"
394128	"g__Paracraurococcus"	3	1.01	2.47	0.0	0.0	68.33	0.9728	0.67	0.683	120	0.008	4	"394128:g__Paracraurococcus:genus;241022:f__Acetobacteraceae:family;241021:o__Acetobacterales:order;159315:c__Alphaproteobacteria:class;14525:p__Pseudomonadota:phylum;14524:d__Bacteria:superkingdom;1:root:no rank"
215767	"RS_GCF_900460245.1"	3	1.0	1.41	0	0	45.0	0.9779	0.482	0.474	51	0.0	3	"215767:RS_GCF_900460245.1:subspecies;215683:s__Vibrio fluvialis:species;145557:g__Vibrio:genus;145556:f__Vibrionaceae:family;145555:o__Enterobacterales_A:order;14526:c__Gammaproteobacteria:class;14525:p__Pseudomonadota:phylum;14524:d__Bacteria:superkingdom;1:root:no rank"
215683	"s__Vibrio fluvialis"	3	1.0	1.41	0	0	45.0	0.9779	0.482	0.474	51	0.0	3	"215683:s__Vibrio fluvialis:species;145557:g__Vibrio:genus;145556:f__Vibrionaceae:family;145555:o__Enterobacterales_A:order;14526:c__Gammaproteobacteria:class;14525:p__Pseudomonadota:phylum;14524:d__Bacteria:superkingdom;1:root:no rank"
225451	"RS_GCF_016466415.2"	3	1.01	2.96	0.0	0	86.0	0.9827	0.696	0.702	173	0.006	3	"225451:RS_GCF_016466415.2:subspecies;225420:s__Ralstonia pickettii:species;199302:g__Ralstonia:genus;147451:f__Burkholderiaceae:family;137197:o__Burkholderiales:order;14526:c__Gammaproteobacteria:class;14525:p__Pseudomonadota:phylum;14524:d__Bacteria:superkingdom;1:root:no rank"
225420	"s__Ralstonia pickettii"	3	1.01	2.96	0.0	0	86.0	0.9827	0.696	0.702	173	0.006	3	"225420:s__Ralstonia pickettii:species;199302:g__Ralstonia:genus;147451:f__Burkholderiaceae:family;137197:o__Burkholderiales:order;14526:c__Gammaproteobacteria:class;14525:p__Pseudomonadota:phylum;14524:d__Bacteria:superkingdom;1:root:no rank"
171649	"g__Bifidobacterium"	3	1.0	2.37	0.0	0.0	56.0	0.9735	0.333	0.35	84	0.0	9	"171649:g__Bifidobacterium:genus;171648:f__Bifidobacteriaceae:family;171647:o__Actinomycetales:order;101056:c__Actinomycetia:class;101055:p__Actinomycetota:phylum;14524:d__Bacteria:superkingdom;1:root:no rank"
171648	"f__Bifidobacteriaceae"	3	1.0	2.37	0.0	0.0	56.0	0.9735	0.333	0.35	84	0.0	9	"171648:f__Bifidobacteriaceae:family;171647:o__Actinomycetales:order;101056:c__Actinomycetia:class;101055:p__Actinomycetota:phylum;14524:d__Bacteria:superkingdom;1:root:no rank"
270463	"g__Nocardioides"	3	1.0	2.14	0.0	0	52.67	0.9727	0.691	0.7	74	0.0	8	"270463:g__Nocardioides:genus;270462:f__Nocardioidaceae:family;177040:o__Propionibacteriales:order;101056:c__Actinomycetia:class;101055:p__Actinomycetota:phylum;14524:d__Bacteria:superkingdom;1:root:no rank"
270462	"f__Nocardioidaceae"	3	1.0	2.14	0.0	0	52.67	0.9727	0.691	0.7	74	0.0	8	"270462:f__Nocardioidaceae:family;177040:o__Propionibacteriales:order;101056:c__Actinomycetia:class;101055:p__Actinomycetota:phylum;14524:d__Bacteria:superkingdom;1:root:no rank"
317738	"g__Janibacter"	3	1.0	2.08	0.0	0.0	40.0	0.9884	0.69	0.683	36	0.0	5	"317738:g__Janibacter:genus;243063:f__Dermatophilaceae:family;171647:o__Actinomycetales:order;101056:c__Actinomycetia:class;101055:p__Actinomycetota:phylum;14524:d__Bacteria:superkingdom;1:root:no rank"
426427	"RS_GCF_000379625.1"	3	1.01	2.65	0	0	59.0	0.9877	0.702	0.706	92	0.011	3	"426427:RS_GCF_000379625.1:subspecies;426426:s__Actinomycetospora chiangmaiensis:species;409052:g__Actinomycetospora:genus;274399:f__Pseudonocardiaceae:family;101057:o__Mycobacteriales:order;101056:c__Actinomycetia:class;101055:p__Actinomycetota:phylum;14524:d__Bacteria:superkingdom;1:root:no rank"
426426	"s__Actinomycetospora chiangmaiensis"	3	1.01	2.65	0	0	59.0	0.9877	0.702	0.706	92	0.011	3	"426426:s__Actinomycetospora chiangmaiensis:species;409052:g__Actinomycetospora:genus;274399:f__Pseudonocardiaceae:family;101057:o__Mycobacteriales:order;101056:c__Actinomycetia:class;101055:p__Actinomycetota:phylum;14524:d__Bacteria:superkingdom;1:root:no rank"
313343	"RS_GCF_000735695.2"	3	1.0	3.44	0.0	0.0	57.0	0.9896	0.413	0.404	87	0.0	3	"313343:RS_GCF_000735695.2:subspecies;313340:s__Kaistella haifensis:species;291349:g__Kaistella:genus;206791:f__Weeksellaceae:family;190476:o__Flavobacteriales:order;173791:c__Bacteroidia:class;173790:p__Bacteroidota:phylum;14524:d__Bacteria:superkingdom;1:root:no rank"
313340	"s__Kaistella haifensis"	3	1.0	3.44	0.0	0.0	57.0	0.9896	0.413	0.404	87	0.0	3	"313340:s__Kaistella haifensis:species;291349:g__Kaistella:genus;206791:f__Weeksellaceae:family;190476:o__Flavobacteriales:order;173791:c__Bacteroidia:class;173790:p__Bacteroidota:phylum;14524:d__Bacteria:superkingdom;1:root:no rank"
291349	"g__Kaistella"	3	1.0	3.44	0.0	0.0	57.0	0.9896	0.413	0.404	87	0.0	3	"291349:g__Kaistella:genus;206791:f__Weeksellaceae:family;190476:o__Flavobacteriales:order;173791:c__Bacteroidia:class;173790:p__Bacteroidota:phylum;14524:d__Bacteria:superkingdom;1:root:no rank"
246933	"g__Brevibacterium"	3	0.99	2.87	0.0	0.0	75.0	0.9914	0.729	0.738	142	0	3	"246933:g__Brevibacterium:genus;246932:f__Brevibacteriaceae:family;171647:o__Actinomycetales:order;101056:c__Actinomycetia:class;101055:p__Actinomycetota:phylum;14524:d__Bacteria:superkingdom;1:root:no rank"
246932	"f__Brevibacteriaceae"	3	0.99	2.87	0.0	0.0	75.0	0.9914	0.729	0.738	142	0	3	"246932:f__Brevibacteriaceae:family;171647:o__Actinomycetales:order;101056:c__Actinomycetia:class;101055:p__Actinomycetota:phylum;14524:d__Bacteria:superkingdom;1:root:no rank"
265075	"f__Ilumatobacteraceae"	3	1.0	1.7	0.0	0.0	47.0	0.9896	0.596	0.603	57	0.0	3	"265075:f__Ilumatobacteraceae:family;246208:o__Acidimicrobiales:order;245798:c__Acidimicrobiia:class;101055:p__Actinomycetota:phylum;14524:d__Bacteria:superkingdom;1:root:no rank"
158177	"f__Burkholderiaceae_C"	3	1.0	1.39	0.0	0	50.0	0.9781	0.532	0.553	66	0.0	4	"158177:f__Burkholderiaceae_C:family;137197:o__Burkholderiales:order;14526:c__Gammaproteobacteria:class;14525:p__Pseudomonadota:phylum;14524:d__Bacteria:superkingdom;1:root:no rank"
163128	"g__Legionella"	3	1.01	1.9	0.0	0	60.67	0.9563	0.427	0.427	97	0.01	7	"163128:g__Legionella:genus;163127:f__Legionellaceae:family;163126:o__Legionellales:order;14526:c__Gammaproteobacteria:class;14525:p__Pseudomonadota:phylum;14524:d__Bacteria:superkingdom;1:root:no rank"
367518	"RS_GCF_000936425.1"	3	1.0	2.05	0.0	0	66.0	1.0	0.603	0.581	114	0.0	3	"367518:RS_GCF_000936425.1:subspecies;367516:s__Skermanella aerolata:species;367515:g__Skermanella:genus;259344:f__Azospirillaceae:family;259343:o__Azospirillales:order;159315:c__Alphaproteobacteria:class;14525:p__Pseudomonadota:phylum;14524:d__Bacteria:superkingdom;1:root:no rank"
367516	"s__Skermanella aerolata"	3	1.0	2.05	0.0	0	66.0	1.0	0.603	0.581	114	0.0	3	"367516:s__Skermanella aerolata:species;367515:g__Skermanella:genus;259344:f__Azospirillaceae:family;259343:o__Azospirillales:order;159315:c__Alphaproteobacteria:class;14525:p__Pseudomonadota:phylum;14524:d__Bacteria:superkingdom;1:root:no rank"
368371	"GB_GCA_000737985.1"	3	1.0	2.71	0.0	0	93.67	0.9743	0.678	0.694	197	0.0	3	"368371:GB_GCA_000737985.1:subspecies;368369:s__Salinicola sp000737985:species;338471:g__Salinicola:genus;242499:f__Halomonadaceae:family;108193:o__Pseudomonadales:order;14526:c__Gammaproteobacteria:class;14525:p__Pseudomonadota:phylum;14524:d__Bacteria:superkingdom;1:root:no rank"
368369	"s__Salinicola sp000737985"	3	1.0	2.71	0.0	0	93.67	0.9743	0.678	0.694	197	0.0	3	"368369:s__Salinicola sp000737985:species;338471:g__Salinicola:genus;242499:f__Halomonadaceae:family;108193:o__Pseudomonadales:order;14526:c__Gammaproteobacteria:class;14525:p__Pseudomonadota:phylum;14524:d__Bacteria:superkingdom;1:root:no rank"
514282	"GB_GCA_023387695.1"	3	1.0	2.19	0	0.0	50.0	0.9674	0.628	0.627	66	0.0	3	"514282:GB_GCA_023387695.1:subspecies;514281:s__Bradyrhizobium sp023387695:species;227326:g__Bradyrhizobium:genus;227325:f__Xanthobacteraceae:family;161314:o__Rhizobiales:order;159315:c__Alphaproteobacteria:class;14525:p__Pseudomonadota:phylum;14524:d__Bacteria:superkingdom;1:root:no rank"
514281	"s__Bradyrhizobium sp023387695"	3	1.0	2.19	0	0.0	50.0	0.9674	0.628	0.627	66	0.0	3	"514281:s__Bradyrhizobium sp023387695:species;227326:g__Bradyrhizobium:genus;227325:f__Xanthobacteraceae:family;161314:o__Rhizobiales:order;159315:c__Alphaproteobacteria:class;14525:p__Pseudomonadota:phylum;14524:d__Bacteria:superkingdom;1:root:no rank"
278062	"g__Brachybacterium"	3	1.01	2.39	0.0	0.0	59.67	0.9847	0.662	0.665	94	0.011	3	"278062:g__Brachybacterium:genus;256206:f__Dermabacteraceae:family;171647:o__Actinomycetales:order;101056:c__Actinomycetia:class;101055:p__Actinomycetota:phylum;14524:d__Bacteria:superkingdom;1:root:no rank"
256206	"f__Dermabacteraceae"	3	1.01	2.39	0.0	0.0	59.67	0.9847	0.662	0.665	94	0.011	3	"256206:f__Dermabacteraceae:family;171647:o__Actinomycetales:order;101056:c__Actinomycetia:class;101055:p__Actinomycetota:phylum;14524:d__Bacteria:superkingdom;1:root:no rank"
353876	"GB_GCA_021779635.1"	3	1.01	2.07	0	0.0	59.0	0.9889	0.648	0.65	92	0.011	3	"353876:GB_GCA_021779635.1:subspecies;353875:s__Bradyrhizobium sp021779635:species;227326:g__Bradyrhizobium:genus;227325:f__Xanthobacteraceae:family;161314:o__Rhizobiales:order;159315:c__Alphaproteobacteria:class;14525:p__Pseudomonadota:phylum;14524:d__Bacteria:superkingdom;1:root:no rank"
353875	"s__Bradyrhizobium sp021779635"	3	1.01	2.07	0	0.0	59.0	0.9889	0.648	0.65	92	0.011	3	"353875:s__Bradyrhizobium sp021779635:species;227326:g__Bradyrhizobium:genus;227325:f__Xanthobacteraceae:family;161314:o__Rhizobiales:order;159315:c__Alphaproteobacteria:class;14525:p__Pseudomonadota:phylum;14524:d__Bacteria:superkingdom;1:root:no rank"
267592	"RS_GCF_001500315.1"	3	1.0	1.95	0.0	0.0	50.33	1.0	0.394	0.391	67	0.0	3	"267592:RS_GCF_001500315.1:subspecies;267583:s__Staphylococcus auricularis:species;63361:g__Staphylococcus:genus;63360:f__Staphylococcaceae:family;63359:o__Staphylococcales:order;63358:c__Bacilli:class;63357:p__Bacillota:phylum;14524:d__Bacteria:superkingdom;1:root:no rank"
267583	"s__Staphylococcus auricularis"	3	1.0	1.95	0.0	0.0	50.33	1.0	0.394	0.391	67	0.0	3	"267583:s__Staphylococcus auricularis:species;63361:g__Staphylococcus:genus;63360:f__Staphylococcaceae:family;63359:o__Staphylococcales:order;63358:c__Bacilli:class;63357:p__Bacillota:phylum;14524:d__Bacteria:superkingdom;1:root:no rank"
287406	"g__Telluria"	3	1.0	2.56	0.0	0.0	49.0	0.9756	0.699	0.711	63	0.0	5	"287406:g__Telluria:genus;147451:f__Burkholderiaceae:family;137197:o__Burkholderiales:order;14526:c__Gammaproteobacteria:class;14525:p__Pseudomonadota:phylum;14524:d__Bacteria:superkingdom;1:root:no rank"
346950	"GB_GCA_002973575.1"	3	1.0	1.47	0.0	0	45.67	1.0	0.437	0.438	53	0.0	3	"346950:GB_GCA_002973575.1:subspecies;346948:s__Sediminibacterium magnilacihabitans:species;261774:g__Sediminibacterium:genus;257281:f__Chitinophagaceae:family;257280:o__Chitinophagales:order;173791:c__Bacteroidia:class;173790:p__Bacteroidota:phylum;14524:d__Bacteria:superkingdom;1:root:no rank"
346948	"s__Sediminibacterium magnilacihabitans"	3	1.0	1.47	0.0	0	45.67	1.0	0.437	0.438	53	0.0	3	"346948:s__Sediminibacterium magnilacihabitans:species;261774:g__Sediminibacterium:genus;257281:f__Chitinophagaceae:family;257280:o__Chitinophagales:order;173791:c__Bacteroidia:class;173790:p__Bacteroidota:phylum;14524:d__Bacteria:superkingdom;1:root:no rank"
201903	"g__Stutzerimonas"	3	1.01	2.45	0.0	0.0	69.67	0.985	0.66	0.679	124	0.008	4	"201903:g__Stutzerimonas:genus;108194:f__Pseudomonadaceae:family;108193:o__Pseudomonadales:order;14526:c__Gammaproteobacteria:class;14525:p__Pseudomonadota:phylum;14524:d__Bacteria:superkingdom;1:root:no rank"
341935	"g__Archangium_A"	3	1.0	2.8	0.0	0.0	36.33	0.9641	0.713	0.706	25	0.0	3	"341935:g__Archangium_A:genus;257766:f__Myxococcaceae:family;257765:o__Myxococcales:order;257764:c__Myxococcia:class;257763:p__Myxococcota:phylum;14524:d__Bacteria:superkingdom;1:root:no rank"
464882	"RS_GCF_900108485.1"	3	1.0	1.47	0.0	0	37.67	0.9861	0.374	0.389	29	0.0	3	"464882:RS_GCF_900108485.1:subspecies;464881:s__Rheinheimera pacifica:species;301954:g__Rheinheimera:genus;225214:f__Alteromonadaceae:family;145555:o__Enterobacterales_A:order;14526:c__Gammaproteobacteria:class;14525:p__Pseudomonadota:phylum;14524:d__Bacteria:superkingdom;1:root:no rank"
464881	"s__Rheinheimera pacifica"	3	1.0	1.47	0.0	0	37.67	0.9861	0.374	0.389	29	0.0	3	"464881:s__Rheinheimera pacifica:species;301954:g__Rheinheimera:genus;225214:f__Alteromonadaceae:family;145555:o__Enterobacterales_A:order;14526:c__Gammaproteobacteria:class;14525:p__Pseudomonadota:phylum;14524:d__Bacteria:superkingdom;1:root:no rank"
246272	"f__Exiguobacteraceae"	3	1.0	2.22	1.0	0.0	31.0	0.9791	0.495	0.498	9	0.0	16	"246272:f__Exiguobacteraceae:family;246271:o__Exiguobacterales:order;63358:c__Bacilli:class;63357:p__Bacillota:phylum;14524:d__Bacteria:superkingdom;1:root:no rank"
246271	"o__Exiguobacterales"	3	1.0	2.22	1.0	0.0	31.0	0.9791	0.495	0.498	9	0.0	16	"246271:o__Exiguobacterales:order;63358:c__Bacilli:class;63357:p__Bacillota:phylum;14524:d__Bacteria:superkingdom;1:root:no rank"
203653	"g__Pantoea"	3	1.01	2.79	0	0.0	70.33	0.9821	0.662	0.661	126	0.008	6	"203653:g__Pantoea:genus;14528:f__Enterobacteriaceae:family;14527:o__Enterobacterales:order;14526:c__Gammaproteobacteria:class;14525:p__Pseudomonadota:phylum;14524:d__Bacteria:superkingdom;1:root:no rank"
259640	"g__Gordonia"	3	1.01	3.45	0.0	0.0	82.67	0.9815	0.734	0.726	163	0.006	5	"259640:g__Gordonia:genus;101058:f__Mycobacteriaceae:family;101057:o__Mycobacteriales:order;101056:c__Actinomycetia:class;101055:p__Actinomycetota:phylum;14524:d__Bacteria:superkingdom;1:root:no rank"
339238	"RS_GCF_901875635.1"	3	1.01	2.31	0.0	0.0	67.33	0.9559	0.697	0.708	117	0.008	3	"339238:RS_GCF_901875635.1:subspecies;339237:s__ALPHA2B sp901875635:species;339236:g__ALPHA2B:genus;233990:f__Burkholderiaceae_B:family;137197:o__Burkholderiales:order;14526:c__Gammaproteobacteria:class;14525:p__Pseudomonadota:phylum;14524:d__Bacteria:superkingdom;1:root:no rank"
339237	"s__ALPHA2B sp901875635"	3	1.01	2.31	0.0	0.0	67.33	0.9559	0.697	0.708	117	0.008	3	"339237:s__ALPHA2B sp901875635:species;339236:g__ALPHA2B:genus;233990:f__Burkholderiaceae_B:family;137197:o__Burkholderiales:order;14526:c__Gammaproteobacteria:class;14525:p__Pseudomonadota:phylum;14524:d__Bacteria:superkingdom;1:root:no rank"
236669	"g__Polynucleobacter"	3	1.0	2.53	0.0	0.0	43.67	0.9851	0.537	0.525	47	0.0	8	"236669:g__Polynucleobacter:genus;147451:f__Burkholderiaceae:family;137197:o__Burkholderiales:order;14526:c__Gammaproteobacteria:class;14525:p__Pseudomonadota:phylum;14524:d__Bacteria:superkingdom;1:root:no rank"
215183	"g__Weissella"	2	1.0	1.61	0.0	0	59.5	0.9934	0.413	0.424	63	0.0	3	"215183:g__Weissella:genus;165659:f__Lactobacillaceae:family;92156:o__Lactobacillales:order;63358:c__Bacilli:class;63357:p__Bacillota:phylum;14524:d__Bacteria:superkingdom;1:root:no rank"
420508	"GB_GCA_017303895.1"	2	1.0	1.84	0.0	0	41.0	0.9639	0.375	0.39	26	0.0	2	"420508:GB_GCA_017303895.1:subspecies;420507:s__2-12-FULL-35-15 sp017303895:species;288664:g__2-12-FULL-35-15:genus;288663:f__2-12-FULL-35-15:family;283488:o__AKYH767:order;173791:c__Bacteroidia:class;173790:p__Bacteroidota:phylum;14524:d__Bacteria:superkingdom;1:root:no rank"
420507	"s__2-12-FULL-35-15 sp017303895"	2	1.0	1.84	0.0	0	41.0	0.9639	0.375	0.39	26	0.0	2	"420507:s__2-12-FULL-35-15 sp017303895:species;288664:g__2-12-FULL-35-15:genus;288663:f__2-12-FULL-35-15:family;283488:o__AKYH767:order;173791:c__Bacteroidia:class;173790:p__Bacteroidota:phylum;14524:d__Bacteria:superkingdom;1:root:no rank"
449671	"RS_GCF_003345355.1"	2	1.0	2.52	0.0	0	68.5	0.9853	0.61	0.62	81	0.0	2	"449671:RS_GCF_003345355.1:subspecies;449670:s__Sphingomonas aracearum:species;223509:g__Sphingomonas:genus;223508:f__Sphingomonadaceae:family;223507:o__Sphingomonadales:order;159315:c__Alphaproteobacteria:class;14525:p__Pseudomonadota:phylum;14524:d__Bacteria:superkingdom;1:root:no rank"
449670	"s__Sphingomonas aracearum"	2	1.0	2.52	0.0	0	68.5	0.9853	0.61	0.62	81	0.0	2	"449670:s__Sphingomonas aracearum:species;223509:g__Sphingomonas:genus;223508:f__Sphingomonadaceae:family;223507:o__Sphingomonadales:order;159315:c__Alphaproteobacteria:class;14525:p__Pseudomonadota:phylum;14524:d__Bacteria:superkingdom;1:root:no rank"
201262	"RS_GCF_002902325.1"	2	1.0	2.51	0	0.0	41.5	1.0	0.375	0.373	27	0.0	2	"201262:RS_GCF_002902325.1:subspecies;201184:s__Staphylococcus capitis:species;63361:g__Staphylococcus:genus;63360:f__Staphylococcaceae:family;63359:o__Staphylococcales:order;63358:c__Bacilli:class;63357:p__Bacillota:phylum;14524:d__Bacteria:superkingdom;1:root:no rank"
201184	"s__Staphylococcus capitis"	2	1.0	2.51	0	0.0	41.5	1.0	0.375	0.373	27	0.0	2	"201184:s__Staphylococcus capitis:species;63361:g__Staphylococcus:genus;63360:f__Staphylococcaceae:family;63359:o__Staphylococcales:order;63358:c__Bacilli:class;63357:p__Bacillota:phylum;14524:d__Bacteria:superkingdom;1:root:no rank"
236419	"RS_GCF_001894785.1"	2	1.0	2.55	0	0.0	43.0	1.0	0.59	0.581	30	0.0	2	"236419:RS_GCF_001894785.1:subspecies;236404:s__Rhodococcus fascians:species;219099:g__Rhodococcus:genus;101058:f__Mycobacteriaceae:family;101057:o__Mycobacteriales:order;101056:c__Actinomycetia:class;101055:p__Actinomycetota:phylum;14524:d__Bacteria:superkingdom;1:root:no rank"
236404	"s__Rhodococcus fascians"	2	1.0	2.55	0	0.0	43.0	1.0	0.59	0.581	30	0.0	2	"236404:s__Rhodococcus fascians:species;219099:g__Rhodococcus:genus;101058:f__Mycobacteriaceae:family;101057:o__Mycobacteriales:order;101056:c__Actinomycetia:class;101055:p__Actinomycetota:phylum;14524:d__Bacteria:superkingdom;1:root:no rank"
390042	"RS_GCF_022179185.1"	2	1.41	1.45	0	0	52.0	0.9783	0.565	0.577	34	0.292	2	"390042:RS_GCF_022179185.1:subspecies;390041:s__Methylobacterium frigidaeris:species;251232:g__Methylobacterium:genus;251231:f__Beijerinckiaceae:family;161314:o__Rhizobiales:order;159315:c__Alphaproteobacteria:class;14525:p__Pseudomonadota:phylum;14524:d__Bacteria:superkingdom;1:root:no rank"
390041	"s__Methylobacterium frigidaeris"	2	1.41	1.45	0	0	52.0	0.9783	0.565	0.577	34	0.292	2	"390041:s__Methylobacterium frigidaeris:species;251232:g__Methylobacterium:genus;251231:f__Beijerinckiaceae:family;161314:o__Rhizobiales:order;159315:c__Alphaproteobacteria:class;14525:p__Pseudomonadota:phylum;14524:d__Bacteria:superkingdom;1:root:no rank"
289763	"RS_GCF_013415845.1"	2	1.0	2.16	0	0	54.5	0.9717	0.599	0.624	53	0.0	2	"289763:RS_GCF_013415845.1:subspecies;289756:s__Rhodopseudomonas palustris_F:species;289755:g__Rhodopseudomonas:genus;227325:f__Xanthobacteraceae:family;161314:o__Rhizobiales:order;159315:c__Alphaproteobacteria:class;14525:p__Pseudomonadota:phylum;14524:d__Bacteria:superkingdom;1:root:no rank"
289756	"s__Rhodopseudomonas palustris_F"	2	1.0	2.16	0	0	54.5	0.9717	0.599	0.624	53	0.0	2	"289756:s__Rhodopseudomonas palustris_F:species;289755:g__Rhodopseudomonas:genus;227325:f__Xanthobacteraceae:family;161314:o__Rhizobiales:order;159315:c__Alphaproteobacteria:class;14525:p__Pseudomonadota:phylum;14524:d__Bacteria:superkingdom;1:root:no rank"
284804	"RS_GCF_000278725.1"	2	1.0	2.66	0.0	0.0	78.0	0.9778	0.619	0.603	100	0.0	2	"284804:RS_GCF_000278725.1:subspecies;284802:s__Pauljensenia sp000278725:species;284801:g__Pauljensenia:genus;239098:f__Actinomycetaceae:family;171647:o__Actinomycetales:order;101056:c__Actinomycetia:class;101055:p__Actinomycetota:phylum;14524:d__Bacteria:superkingdom;1:root:no rank"
284802	"s__Pauljensenia sp000278725"	2	1.0	2.66	0.0	0.0	78.0	0.9778	0.619	0.603	100	0.0	2	"284802:s__Pauljensenia sp000278725:species;284801:g__Pauljensenia:genus;239098:f__Actinomycetaceae:family;171647:o__Actinomycetales:order;101056:c__Actinomycetia:class;101055:p__Actinomycetota:phylum;14524:d__Bacteria:superkingdom;1:root:no rank"
192032	"g__Agrobacterium"	2	1.0	1.91	0.0	0	61.5	0.9855	0.621	0.63	67	0.0	14	"192032:g__Agrobacterium:genus;161315:f__Rhizobiaceae:family;161314:o__Rhizobiales:order;159315:c__Alphaproteobacteria:class;14525:p__Pseudomonadota:phylum;14524:d__Bacteria:superkingdom;1:root:no rank"
261250	"g__Pseudolabrys"	2	1.0	2.12	0.0	0.0	39.0	0.9715	0.574	0.577	22	0.0	6	"261250:g__Pseudolabrys:genus;227325:f__Xanthobacteraceae:family;161314:o__Rhizobiales:order;159315:c__Alphaproteobacteria:class;14525:p__Pseudomonadota:phylum;14524:d__Bacteria:superkingdom;1:root:no rank"
444158	"RS_GCF_007018965.1"	2	1.0	3.81	0.0	0.0	38.0	1.0	0.69	0.697	20	0.0	2	"444158:RS_GCF_007018965.1:subspecies;444157:s__Paracoccus marinus:species;279860:g__Paracoccus:genus;198019:f__Rhodobacteraceae:family;198018:o__Rhodobacterales:order;159315:c__Alphaproteobacteria:class;14525:p__Pseudomonadota:phylum;14524:d__Bacteria:superkingdom;1:root:no rank"
444157	"s__Paracoccus marinus"	2	1.0	3.81	0.0	0.0	38.0	1.0	0.69	0.697	20	0.0	2	"444157:s__Paracoccus marinus:species;279860:g__Paracoccus:genus;198019:f__Rhodobacteraceae:family;198018:o__Rhodobacterales:order;159315:c__Alphaproteobacteria:class;14525:p__Pseudomonadota:phylum;14524:d__Bacteria:superkingdom;1:root:no rank"
325410	"RS_GCF_000196275.1"	2	1.0	2.2	0	0	57.0	0.9914	0.613	0.605	58	0.0	2	"325410:RS_GCF_000196275.1:subspecies;325406:s__Deinococcus geothermalis:species;257258:g__Deinococcus:genus;257257:f__Deinococcaceae:family;233595:o__Deinococcales:order;233594:c__Deinococci:class;233593:p__Deinococcota:phylum;14524:d__Bacteria:superkingdom;1:root:no rank"
325406	"s__Deinococcus geothermalis"	2	1.0	2.2	0	0	57.0	0.9914	0.613	0.605	58	0.0	2	"325406:s__Deinococcus geothermalis:species;257258:g__Deinococcus:genus;257257:f__Deinococcaceae:family;233595:o__Deinococcales:order;233594:c__Deinococci:class;233593:p__Deinococcota:phylum;14524:d__Bacteria:superkingdom;1:root:no rank"
201395	"RS_GCF_002075345.1"	2	1.0	2.24	0	0.0	34.5	0.9707	0.441	0.42	13	0.0	2	"201395:RS_GCF_002075345.1:subspecies;201364:s__Citrobacter braakii:species;170478:g__Citrobacter:genus;14528:f__Enterobacteriaceae:family;14527:o__Enterobacterales:order;14526:c__Gammaproteobacteria:class;14525:p__Pseudomonadota:phylum;14524:d__Bacteria:superkingdom;1:root:no rank"
201364	"s__Citrobacter braakii"	2	1.0	2.24	0	0.0	34.5	0.9707	0.441	0.42	13	0.0	2	"201364:s__Citrobacter braakii:species;170478:g__Citrobacter:genus;14528:f__Enterobacteriaceae:family;14527:o__Enterobacterales:order;14526:c__Gammaproteobacteria:class;14525:p__Pseudomonadota:phylum;14524:d__Bacteria:superkingdom;1:root:no rank"
310253	"RS_GCF_000023925.1"	2	1.0	2.46	0.0	0	52.0	0.9922	0.752	0.75	48	0.0	2	"310253:RS_GCF_000023925.1:subspecies;310250:s__Kytococcus sedentarius:species;310249:g__Kytococcus:genus;243063:f__Dermatophilaceae:family;171647:o__Actinomycetales:order;101056:c__Actinomycetia:class;101055:p__Actinomycetota:phylum;14524:d__Bacteria:superkingdom;1:root:no rank"
310250	"s__Kytococcus sedentarius"	2	1.0	2.46	0.0	0	52.0	0.9922	0.752	0.75	48	0.0	2	"310250:s__Kytococcus sedentarius:species;310249:g__Kytococcus:genus;243063:f__Dermatophilaceae:family;171647:o__Actinomycetales:order;101056:c__Actinomycetia:class;101055:p__Actinomycetota:phylum;14524:d__Bacteria:superkingdom;1:root:no rank"
310249	"g__Kytococcus"	2	1.0	2.46	0.0	0	52.0	0.9922	0.752	0.75	48	0.0	2	"310249:g__Kytococcus:genus;243063:f__Dermatophilaceae:family;171647:o__Actinomycetales:order;101056:c__Actinomycetia:class;101055:p__Actinomycetota:phylum;14524:d__Bacteria:superkingdom;1:root:no rank"
495574	"RS_GCF_006483445.1"	2	1.0	1.66	0	0.0	43.5	0.9759	0.6	0.609	31	0.0	2	"495574:RS_GCF_006483445.1:subspecies;495573:s__Bradyrhizobium guangdongense_A:species;227326:g__Bradyrhizobium:genus;227325:f__Xanthobacteraceae:family;161314:o__Rhizobiales:order;159315:c__Alphaproteobacteria:class;14525:p__Pseudomonadota:phylum;14524:d__Bacteria:superkingdom;1:root:no rank"
495573	"s__Bradyrhizobium guangdongense_A"	2	1.0	1.66	0	0.0	43.5	0.9759	0.6	0.609	31	0.0	2	"495573:s__Bradyrhizobium guangdongense_A:species;227326:g__Bradyrhizobium:genus;227325:f__Xanthobacteraceae:family;161314:o__Rhizobiales:order;159315:c__Alphaproteobacteria:class;14525:p__Pseudomonadota:phylum;14524:d__Bacteria:superkingdom;1:root:no rank"
330393	"GB_GCA_001464615.1"	2	1.0	1.41	0.0	0.0	48.0	0.9841	0.628	0.635	40	0.0	2	"330393:GB_GCA_001464615.1:subspecies;330390:s__Sphingomonas sp001464615:species;223509:g__Sphingomonas:genus;223508:f__Sphingomonadaceae:family;223507:o__Sphingomonadales:order;159315:c__Alphaproteobacteria:class;14525:p__Pseudomonadota:phylum;14524:d__Bacteria:superkingdom;1:root:no rank"
330390	"s__Sphingomonas sp001464615"	2	1.0	1.41	0.0	0.0	48.0	0.9841	0.628	0.635	40	0.0	2	"330390:s__Sphingomonas sp001464615:species;223509:g__Sphingomonas:genus;223508:f__Sphingomonadaceae:family;223507:o__Sphingomonadales:order;159315:c__Alphaproteobacteria:class;14525:p__Pseudomonadota:phylum;14524:d__Bacteria:superkingdom;1:root:no rank"
172846	"RS_GCF_006094395.1"	2	1.0	2.4	0.0	0	49.0	1.0	0.286	0.265	42	0.0	2	"172846:RS_GCF_006094395.1:subspecies;172755:s__Staphylococcus haemolyticus:species;63361:g__Staphylococcus:genus;63360:f__Staphylococcaceae:family;63359:o__Staphylococcales:order;63358:c__Bacilli:class;63357:p__Bacillota:phylum;14524:d__Bacteria:superkingdom;1:root:no rank"
172755	"s__Staphylococcus haemolyticus"	2	1.0	2.4	0.0	0	49.0	1.0	0.286	0.265	42	0.0	2	"172755:s__Staphylococcus haemolyticus:species;63361:g__Staphylococcus:genus;63360:f__Staphylococcaceae:family;63359:o__Staphylococcales:order;63358:c__Bacilli:class;63357:p__Bacillota:phylum;14524:d__Bacteria:superkingdom;1:root:no rank"
379986	"RS_GCF_014529705.1"	2	1.0	2.36	0.0	0.0	54.0	0.9799	0.72	0.713	52	0.0	2	"379986:RS_GCF_014529705.1:subspecies;379985:s__Bradyrhizobium campsiandrae:species;227326:g__Bradyrhizobium:genus;227325:f__Xanthobacteraceae:family;161314:o__Rhizobiales:order;159315:c__Alphaproteobacteria:class;14525:p__Pseudomonadota:phylum;14524:d__Bacteria:superkingdom;1:root:no rank"
379985	"s__Bradyrhizobium campsiandrae"	2	1.0	2.36	0.0	0.0	54.0	0.9799	0.72	0.713	52	0.0	2	"379985:s__Bradyrhizobium campsiandrae:species;227326:g__Bradyrhizobium:genus;227325:f__Xanthobacteraceae:family;161314:o__Rhizobiales:order;159315:c__Alphaproteobacteria:class;14525:p__Pseudomonadota:phylum;14524:d__Bacteria:superkingdom;1:root:no rank"
283490	"g__UBA4416"	2	1.0	1.56	0	0	38.5	0.974	0.366	0.364	21	0.0	2	"283490:g__UBA4416:genus;283489:f__B-17BO:family;283488:o__AKYH767:order;173791:c__Bacteroidia:class;173790:p__Bacteroidota:phylum;14524:d__Bacteria:superkingdom;1:root:no rank"
223842	"RS_GCF_000284595.1"	2	1.0	2.67	0.0	0.0	74.0	0.9931	0.664	0.655	92	0.0	2	"223842:RS_GCF_000284595.1:subspecies;223800:s__Stenotrophomonas maltophilia_F:species;185892:g__Stenotrophomonas:genus;177470:f__Xanthomonadaceae:family;177469:o__Xanthomonadales:order;14526:c__Gammaproteobacteria:class;14525:p__Pseudomonadota:phylum;14524:d__Bacteria:superkingdom;1:root:no rank"
223800	"s__Stenotrophomonas maltophilia_F"	2	1.0	2.67	0.0	0.0	74.0	0.9931	0.664	0.655	92	0.0	2	"223800:s__Stenotrophomonas maltophilia_F:species;185892:g__Stenotrophomonas:genus;177470:f__Xanthomonadaceae:family;177469:o__Xanthomonadales:order;14526:c__Gammaproteobacteria:class;14525:p__Pseudomonadota:phylum;14524:d__Bacteria:superkingdom;1:root:no rank"
137822	"RS_GCF_900638555.1"	2	1.72	2.17	0	0	96.0	0.9583	0.453	0.458	79	0.419	2	"137822:RS_GCF_900638555.1:subspecies;137200:s__Neisseria meningitidis:species;137199:g__Neisseria:genus;137198:f__Neisseriaceae:family;137197:o__Burkholderiales:order;14526:c__Gammaproteobacteria:class;14525:p__Pseudomonadota:phylum;14524:d__Bacteria:superkingdom;1:root:no rank"
137200	"s__Neisseria meningitidis"	2	1.72	2.17	0	0	96.0	0.9583	0.453	0.458	79	0.419	2	"137200:s__Neisseria meningitidis:species;137199:g__Neisseria:genus;137198:f__Neisseriaceae:family;137197:o__Burkholderiales:order;14526:c__Gammaproteobacteria:class;14525:p__Pseudomonadota:phylum;14524:d__Bacteria:superkingdom;1:root:no rank"
233597	"g__Thermus"	2	1.0	1.86	0	0	70.0	0.9854	0.56	0.571	84	0.0	2	"233597:g__Thermus:genus;233596:f__Thermaceae:family;233595:o__Deinococcales:order;233594:c__Deinococci:class;233593:p__Deinococcota:phylum;14524:d__Bacteria:superkingdom;1:root:no rank"
346876	"RS_GCF_000411455.1"	2	1.0	1.76	0.0	0.0	43.5	0.99	0.665	0.667	31	0.0	2	"346876:RS_GCF_000411455.1:subspecies;346874:s__Microbacterium sp000411455:species;260237:g__Microbacterium:genus;219704:f__Microbacteriaceae:family;171647:o__Actinomycetales:order;101056:c__Actinomycetia:class;101055:p__Actinomycetota:phylum;14524:d__Bacteria:superkingdom;1:root:no rank"
346874	"s__Microbacterium sp000411455"	2	1.0	1.76	0.0	0.0	43.5	0.99	0.665	0.667	31	0.0	2	"346874:s__Microbacterium sp000411455:species;260237:g__Microbacterium:genus;219704:f__Microbacteriaceae:family;171647:o__Actinomycetales:order;101056:c__Actinomycetia:class;101055:p__Actinomycetota:phylum;14524:d__Bacteria:superkingdom;1:root:no rank"
404249	"GB_GCA_023251695.1"	2	1.06	5.23	0	0	36.5	0.9598	0.337	0.329	16	0.059	2	"404249:GB_GCA_023251695.1:subspecies;404248:s__JAFLBH01 sp023251695:species;404247:g__JAFLBH01:genus;283489:f__B-17BO:family;283488:o__AKYH767:order;173791:c__Bacteroidia:class;173790:p__Bacteroidota:phylum;14524:d__Bacteria:superkingdom;1:root:no rank"
404248	"s__JAFLBH01 sp023251695"	2	1.06	5.23	0	0	36.5	0.9598	0.337	0.329	16	0.059	2	"404248:s__JAFLBH01 sp023251695:species;404247:g__JAFLBH01:genus;283489:f__B-17BO:family;283488:o__AKYH767:order;173791:c__Bacteroidia:class;173790:p__Bacteroidota:phylum;14524:d__Bacteria:superkingdom;1:root:no rank"
510124	"RS_GCF_002288635.1"	2	1.0	2.39	0	0.0	57.0	0.9672	0.458	0.434	58	0.0	2	"510124:RS_GCF_002288635.1:subspecies;510123:s__Mucilaginibacter sp002288635:species;281909:g__Mucilaginibacter:genus;235547:f__Sphingobacteriaceae:family;235546:o__Sphingobacteriales:order;173791:c__Bacteroidia:class;173790:p__Bacteroidota:phylum;14524:d__Bacteria:superkingdom;1:root:no rank"
510123	"s__Mucilaginibacter sp002288635"	2	1.0	2.39	0	0.0	57.0	0.9672	0.458	0.434	58	0.0	2	"510123:s__Mucilaginibacter sp002288635:species;281909:g__Mucilaginibacter:genus;235547:f__Sphingobacteriaceae:family;235546:o__Sphingobacteriales:order;173791:c__Bacteroidia:class;173790:p__Bacteroidota:phylum;14524:d__Bacteria:superkingdom;1:root:no rank"
271337	"g__UBA9655"	2	1.0	1.86	0	0.0	55.0	0.9775	0.424	0.441	54	0.0	5	"271337:g__UBA9655:genus;271336:f__UBA9655:family;271335:o__UBA9655:order;159315:c__Alphaproteobacteria:class;14525:p__Pseudomonadota:phylum;14524:d__Bacteria:superkingdom;1:root:no rank"
271336	"f__UBA9655"	2	1.0	1.86	0	0.0	55.0	0.9775	0.424	0.441	54	0.0	5	"271336:f__UBA9655:family;271335:o__UBA9655:order;159315:c__Alphaproteobacteria:class;14525:p__Pseudomonadota:phylum;14524:d__Bacteria:superkingdom;1:root:no rank"
271335	"o__UBA9655"	2	1.0	1.86	0	0.0	55.0	0.9775	0.424	0.441	54	0.0	5	"271335:o__UBA9655:order;159315:c__Alphaproteobacteria:class;14525:p__Pseudomonadota:phylum;14524:d__Bacteria:superkingdom;1:root:no rank"
257106	"g__Porphyromonas_A"	2	1.0	2.23	0.0	0.0	57.5	0.9867	0.512	0.548	59	0.0	2	"257106:g__Porphyromonas_A:genus;218299:f__Porphyromonadaceae:family;173792:o__Bacteroidales:order;173791:c__Bacteroidia:class;173790:p__Bacteroidota:phylum;14524:d__Bacteria:superkingdom;1:root:no rank"
515031	"RS_GCF_021502575.1"	2	1.0	2.34	0.0	0	66.5	0.9542	0.647	0.662	77	0.0	2	"515031:RS_GCF_021502575.1:subspecies;515030:s__Afipia sp021502575:species;270168:g__Afipia:genus;227325:f__Xanthobacteraceae:family;161314:o__Rhizobiales:order;159315:c__Alphaproteobacteria:class;14525:p__Pseudomonadota:phylum;14524:d__Bacteria:superkingdom;1:root:no rank"
515030	"s__Afipia sp021502575"	2	1.0	2.34	0.0	0	66.5	0.9542	0.647	0.662	77	0.0	2	"515030:s__Afipia sp021502575:species;270168:g__Afipia:genus;227325:f__Xanthobacteraceae:family;161314:o__Rhizobiales:order;159315:c__Alphaproteobacteria:class;14525:p__Pseudomonadota:phylum;14524:d__Bacteria:superkingdom;1:root:no rank"
167188	"g__Bacillus"	2	1.0	1.25	0.0	0.0	36.0	0.9857	0.512	0.528	16	0.0	5	"167188:g__Bacillus:genus;167187:f__Bacillaceae:family;167186:o__Bacillales:order;63358:c__Bacilli:class;63357:p__Bacillota:phylum;14524:d__Bacteria:superkingdom;1:root:no rank"
167187	"f__Bacillaceae"	2	1.0	1.25	0.0	0.0	36.0	0.9857	0.512	0.528	16	0.0	5	"167187:f__Bacillaceae:family;167186:o__Bacillales:order;63358:c__Bacilli:class;63357:p__Bacillota:phylum;14524:d__Bacteria:superkingdom;1:root:no rank"
446973	"GB_GCA_019637175.1"	2	1.0	2.23	0	0.0	85.0	0.9622	0.65	0.647	114	0.0	2	"446973:GB_GCA_019637175.1:subspecies;446972:s__Labilithrix sp019637175:species;382181:g__Labilithrix:genus;323334:f__Polyangiaceae:family;287031:o__Polyangiales:order;287030:c__Polyangia:class;257763:p__Myxococcota:phylum;14524:d__Bacteria:superkingdom;1:root:no rank"
446972	"s__Labilithrix sp019637175"	2	1.0	2.23	0	0.0	85.0	0.9622	0.65	0.647	114	0.0	2	"446972:s__Labilithrix sp019637175:species;382181:g__Labilithrix:genus;323334:f__Polyangiaceae:family;287031:o__Polyangiales:order;287030:c__Polyangia:class;257763:p__Myxococcota:phylum;14524:d__Bacteria:superkingdom;1:root:no rank"
382181	"g__Labilithrix"	2	1.0	2.23	0	0.0	85.0	0.9622	0.65	0.647	114	0.0	2	"382181:g__Labilithrix:genus;323334:f__Polyangiaceae:family;287031:o__Polyangiales:order;287030:c__Polyangia:class;257763:p__Myxococcota:phylum;14524:d__Bacteria:superkingdom;1:root:no rank"
308250	"g__Undibacterium"	2	1.0	1.69	0.0	0	45.5	0.9949	0.512	0.508	35	0.0	4	"308250:g__Undibacterium:genus;147451:f__Burkholderiaceae:family;137197:o__Burkholderiales:order;14526:c__Gammaproteobacteria:class;14525:p__Pseudomonadota:phylum;14524:d__Bacteria:superkingdom;1:root:no rank"
295252	"g__Methyloversatilis"	2	1.0	1.3	0.0	0.0	36.5	0.9909	0.657	0.658	17	0.0	6	"295252:g__Methyloversatilis:genus;248460:f__Rhodocyclaceae:family;137197:o__Burkholderiales:order;14526:c__Gammaproteobacteria:class;14525:p__Pseudomonadota:phylum;14524:d__Bacteria:superkingdom;1:root:no rank"
340805	"g__Alishewanella"	2	1.0	2.54	0.0	0	56.5	0.984	0.445	0.469	57	0.0	4	"340805:g__Alishewanella:genus;225214:f__Alteromonadaceae:family;145555:o__Enterobacterales_A:order;14526:c__Gammaproteobacteria:class;14525:p__Pseudomonadota:phylum;14524:d__Bacteria:superkingdom;1:root:no rank"
320588	"GB_GCA_905371275.1"	2	1.0	2.04	0.0	0	87.5	0.9594	0.492	0.457	119	0.0	2	"320588:GB_GCA_905371275.1:subspecies;320587:s__Alloprevotella sp905371275:species;239259:g__Alloprevotella:genus;173793:f__Bacteroidaceae:family;173792:o__Bacteroidales:order;173791:c__Bacteroidia:class;173790:p__Bacteroidota:phylum;14524:d__Bacteria:superkingdom;1:root:no rank"
320587	"s__Alloprevotella sp905371275"	2	1.0	2.04	0.0	0	87.5	0.9594	0.492	0.457	119	0.0	2	"320587:s__Alloprevotella sp905371275:species;239259:g__Alloprevotella:genus;173793:f__Bacteroidaceae:family;173792:o__Bacteroidales:order;173791:c__Bacteroidia:class;173790:p__Bacteroidota:phylum;14524:d__Bacteria:superkingdom;1:root:no rank"
301607	"g__Rhizomicrobium"	2	1.0	2.19	0.0	0	63.5	0.9831	0.557	0.575	71	0.0	2	"301607:g__Rhizomicrobium:genus;301606:f__Micropepsaceae:family;301605:o__Micropepsales:order;159315:c__Alphaproteobacteria:class;14525:p__Pseudomonadota:phylum;14524:d__Bacteria:superkingdom;1:root:no rank"
301606	"f__Micropepsaceae"	2	1.0	2.19	0.0	0	63.5	0.9831	0.557	0.575	71	0.0	2	"301606:f__Micropepsaceae:family;301605:o__Micropepsales:order;159315:c__Alphaproteobacteria:class;14525:p__Pseudomonadota:phylum;14524:d__Bacteria:superkingdom;1:root:no rank"
301605	"o__Micropepsales"	2	1.0	2.19	0.0	0	63.5	0.9831	0.557	0.575	71	0.0	2	"301605:o__Micropepsales:order;159315:c__Alphaproteobacteria:class;14525:p__Pseudomonadota:phylum;14524:d__Bacteria:superkingdom;1:root:no rank"
406763	"GB_GCA_016219575.1"	2	1.0	3.78	0.0	0.0	42.5	0.9529	0.742	0.776	29	0.0	2	"406763:GB_GCA_016219575.1:subspecies;406762:s__Bradyrhizobium sp016219575:species;227326:g__Bradyrhizobium:genus;227325:f__Xanthobacteraceae:family;161314:o__Rhizobiales:order;159315:c__Alphaproteobacteria:class;14525:p__Pseudomonadota:phylum;14524:d__Bacteria:superkingdom;1:root:no rank"
406762	"s__Bradyrhizobium sp016219575"	2	1.0	3.78	0.0	0.0	42.5	0.9529	0.742	0.776	29	0.0	2	"406762:s__Bradyrhizobium sp016219575:species;227326:g__Bradyrhizobium:genus;227325:f__Xanthobacteraceae:family;161314:o__Rhizobiales:order;159315:c__Alphaproteobacteria:class;14525:p__Pseudomonadota:phylum;14524:d__Bacteria:superkingdom;1:root:no rank"
275277	"g__Rubrivivax"	2	1.0	2.89	0.0	0.0	48.0	0.9865	0.678	0.667	40	0.0	2	"275277:g__Rubrivivax:genus;233990:f__Burkholderiaceae_B:family;137197:o__Burkholderiales:order;14526:c__Gammaproteobacteria:class;14525:p__Pseudomonadota:phylum;14524:d__Bacteria:superkingdom;1:root:no rank"
370834	"RS_GCF_001440035.1"	2	1.0	1.91	0.0	0.0	56.5	0.9557	0.635	0.673	57	0.0	2	"370834:RS_GCF_001440035.1:subspecies;370832:s__Bradyrhizobium manausense:species;227326:g__Bradyrhizobium:genus;227325:f__Xanthobacteraceae:family;161314:o__Rhizobiales:order;159315:c__Alphaproteobacteria:class;14525:p__Pseudomonadota:phylum;14524:d__Bacteria:superkingdom;1:root:no rank"
370832	"s__Bradyrhizobium manausense"	2	1.0	1.91	0.0	0.0	56.5	0.9557	0.635	0.673	57	0.0	2	"370832:s__Bradyrhizobium manausense:species;227326:g__Bradyrhizobium:genus;227325:f__Xanthobacteraceae:family;161314:o__Rhizobiales:order;159315:c__Alphaproteobacteria:class;14525:p__Pseudomonadota:phylum;14524:d__Bacteria:superkingdom;1:root:no rank"
399078	"GB_GCA_004173185.1"	2	1.0	1.89	0	0.0	43.0	0.9535	0.558	0.547	30	0.0	2	"399078:GB_GCA_004173185.1:subspecies;399077:s__Sphingomonas sp004173185:species;223509:g__Sphingomonas:genus;223508:f__Sphingomonadaceae:family;223507:o__Sphingomonadales:order;159315:c__Alphaproteobacteria:class;14525:p__Pseudomonadota:phylum;14524:d__Bacteria:superkingdom;1:root:no rank"
399077	"s__Sphingomonas sp004173185"	2	1.0	1.89	0	0.0	43.0	0.9535	0.558	0.547	30	0.0	2	"399077:s__Sphingomonas sp004173185:species;223509:g__Sphingomonas:genus;223508:f__Sphingomonadaceae:family;223507:o__Sphingomonadales:order;159315:c__Alphaproteobacteria:class;14525:p__Pseudomonadota:phylum;14524:d__Bacteria:superkingdom;1:root:no rank"
412827	"GB_GCA_003963005.1"	2	1.0	2.37	0.0	0.0	42.0	0.9653	0.681	0.679	28	0.0	2	"412827:GB_GCA_003963005.1:subspecies;412826:s__Pelomonas sp003963005:species;351383:g__Pelomonas:genus;233990:f__Burkholderiaceae_B:family;137197:o__Burkholderiales:order;14526:c__Gammaproteobacteria:class;14525:p__Pseudomonadota:phylum;14524:d__Bacteria:superkingdom;1:root:no rank"
412826	"s__Pelomonas sp003963005"	2	1.0	2.37	0.0	0.0	42.0	0.9653	0.681	0.679	28	0.0	2	"412826:s__Pelomonas sp003963005:species;351383:g__Pelomonas:genus;233990:f__Burkholderiaceae_B:family;137197:o__Burkholderiales:order;14526:c__Gammaproteobacteria:class;14525:p__Pseudomonadota:phylum;14524:d__Bacteria:superkingdom;1:root:no rank"
277355	"g__Roseomonas"	2	1.0	3.09	0	0	49.5	0.9701	0.696	0.702	43	0.0	3	"277355:g__Roseomonas:genus;241022:f__Acetobacteraceae:family;241021:o__Acetobacterales:order;159315:c__Alphaproteobacteria:class;14525:p__Pseudomonadota:phylum;14524:d__Bacteria:superkingdom;1:root:no rank"
473521	"RS_GCF_000333455.1"	2	1.0	1.77	0.0	0.0	44.5	0.9914	0.658	0.64	33	0.0	2	"473521:RS_GCF_000333455.1:subspecies;473520:s__Rhodopseudomonas sp000333455:species;289755:g__Rhodopseudomonas:genus;227325:f__Xanthobacteraceae:family;161314:o__Rhizobiales:order;159315:c__Alphaproteobacteria:class;14525:p__Pseudomonadota:phylum;14524:d__Bacteria:superkingdom;1:root:no rank"
473520	"s__Rhodopseudomonas sp000333455"	2	1.0	1.77	0.0	0.0	44.5	0.9914	0.658	0.64	33	0.0	2	"473520:s__Rhodopseudomonas sp000333455:species;289755:g__Rhodopseudomonas:genus;227325:f__Xanthobacteraceae:family;161314:o__Rhizobiales:order;159315:c__Alphaproteobacteria:class;14525:p__Pseudomonadota:phylum;14524:d__Bacteria:superkingdom;1:root:no rank"
256593	"g__Thiomonas"	2	1.01	2.38	0.0	0.0	73.5	0.9745	0.633	0.633	90	0.011	6	"256593:g__Thiomonas:genus;233990:f__Burkholderiaceae_B:family;137197:o__Burkholderiales:order;14526:c__Gammaproteobacteria:class;14525:p__Pseudomonadota:phylum;14524:d__Bacteria:superkingdom;1:root:no rank"
438996	"RS_GCF_022179305.1"	2	1.0	1.94	0	0	59.5	0.981	0.604	0.622	63	0.0	2	"438996:RS_GCF_022179305.1:subspecies;438995:s__Methylobacterium iners:species;251232:g__Methylobacterium:genus;251231:f__Beijerinckiaceae:family;161314:o__Rhizobiales:order;159315:c__Alphaproteobacteria:class;14525:p__Pseudomonadota:phylum;14524:d__Bacteria:superkingdom;1:root:no rank"
438995	"s__Methylobacterium iners"	2	1.0	1.94	0	0	59.5	0.981	0.604	0.622	63	0.0	2	"438995:s__Methylobacterium iners:species;251232:g__Methylobacterium:genus;251231:f__Beijerinckiaceae:family;161314:o__Rhizobiales:order;159315:c__Alphaproteobacteria:class;14525:p__Pseudomonadota:phylum;14524:d__Bacteria:superkingdom;1:root:no rank"
283543	"g__Leifsonia"	2	1.0	2.12	0.0	0	69.0	1.0	0.648	0.652	82	0.0	7	"283543:g__Leifsonia:genus;219704:f__Microbacteriaceae:family;171647:o__Actinomycetales:order;101056:c__Actinomycetia:class;101055:p__Actinomycetota:phylum;14524:d__Bacteria:superkingdom;1:root:no rank"
263958	"RS_GCF_000375525.1"	2	1.04	1.69	0.0	0.0	40.0	0.9636	0.654	0.625	23	0.042	2	"263958:RS_GCF_000375525.1:subspecies;263946:s__Corynebacterium propinquum:species;175271:g__Corynebacterium:genus;101058:f__Mycobacteriaceae:family;101057:o__Mycobacteriales:order;101056:c__Actinomycetia:class;101055:p__Actinomycetota:phylum;14524:d__Bacteria:superkingdom;1:root:no rank"
263946	"s__Corynebacterium propinquum"	2	1.04	1.69	0.0	0.0	40.0	0.9636	0.654	0.625	23	0.042	2	"263946:s__Corynebacterium propinquum:species;175271:g__Corynebacterium:genus;101058:f__Mycobacteriaceae:family;101057:o__Mycobacteriales:order;101056:c__Actinomycetia:class;101055:p__Actinomycetota:phylum;14524:d__Bacteria:superkingdom;1:root:no rank"
509303	"RS_GCF_018130505.1"	2	1.0	2.45	0.0	0.0	33.0	0.9697	0.56	0.591	10	0.0	2	"509303:RS_GCF_018130505.1:subspecies;509302:s__Bradyrhizobium tropiciagri_B:species;227326:g__Bradyrhizobium:genus;227325:f__Xanthobacteraceae:family;161314:o__Rhizobiales:order;159315:c__Alphaproteobacteria:class;14525:p__Pseudomonadota:phylum;14524:d__Bacteria:superkingdom;1:root:no rank"
509302	"s__Bradyrhizobium tropiciagri_B"	2	1.0	2.45	0.0	0.0	33.0	0.9697	0.56	0.591	10	0.0	2	"509302:s__Bradyrhizobium tropiciagri_B:species;227326:g__Bradyrhizobium:genus;227325:f__Xanthobacteraceae:family;161314:o__Rhizobiales:order;159315:c__Alphaproteobacteria:class;14525:p__Pseudomonadota:phylum;14524:d__Bacteria:superkingdom;1:root:no rank"
284287	"g__Leucobacter"	2	1.02	2.38	0.0	0	61.5	0.9921	0.635	0.626	66	0.015	2	"284287:g__Leucobacter:genus;219704:f__Microbacteriaceae:family;171647:o__Actinomycetales:order;101056:c__Actinomycetia:class;101055:p__Actinomycetota:phylum;14524:d__Bacteria:superkingdom;1:root:no rank"
336669	"g__Emticicia"	2	1.0	1.98	0	0.0	45.0	0.9766	0.349	0.361	34	0.0	3	"336669:g__Emticicia:genus;275037:f__Spirosomaceae:family;268144:o__Cytophagales:order;173791:c__Bacteroidia:class;173790:p__Bacteroidota:phylum;14524:d__Bacteria:superkingdom;1:root:no rank"
500048	"GB_GCA_021738245.1"	2	1.01	2.78	0.0	0.0	92.0	1.0	0.679	0.679	127	0.008	2	"500048:GB_GCA_021738245.1:subspecies;500047:s__Pelomonas sp021738245:species;351383:g__Pelomonas:genus;233990:f__Burkholderiaceae_B:family;137197:o__Burkholderiales:order;14526:c__Gammaproteobacteria:class;14525:p__Pseudomonadota:phylum;14524:d__Bacteria:superkingdom;1:root:no rank"
500047	"s__Pelomonas sp021738245"	2	1.01	2.78	0.0	0.0	92.0	1.0	0.679	0.679	127	0.008	2	"500047:s__Pelomonas sp021738245:species;351383:g__Pelomonas:genus;233990:f__Burkholderiaceae_B:family;137197:o__Burkholderiales:order;14526:c__Gammaproteobacteria:class;14525:p__Pseudomonadota:phylum;14524:d__Bacteria:superkingdom;1:root:no rank"
326109	"g__Arthrobacter_D"	2	1.0	2.82	1.0	0.0	33.0	0.9697	0.638	0.667	10	0.0	2	"326109:g__Arthrobacter_D:genus;187121:f__Micrococcaceae:family;171647:o__Actinomycetales:order;101056:c__Actinomycetia:class;101055:p__Actinomycetota:phylum;14524:d__Bacteria:superkingdom;1:root:no rank"
277192	"RS_GCF_004138125.1"	2	1.0	1.45	0	0.0	55.0	1.0	0.444	0.436	54	0.0	2	"277192:RS_GCF_004138125.1:subspecies;277182:s__Seramator thermalis:species;277181:g__Seramator:genus;256401:f__Dysgonomonadaceae:family;173792:o__Bacteroidales:order;173791:c__Bacteroidia:class;173790:p__Bacteroidota:phylum;14524:d__Bacteria:superkingdom;1:root:no rank"
277182	"s__Seramator thermalis"	2	1.0	1.45	0	0.0	55.0	1.0	0.444	0.436	54	0.0	2	"277182:s__Seramator thermalis:species;277181:g__Seramator:genus;256401:f__Dysgonomonadaceae:family;173792:o__Bacteroidales:order;173791:c__Bacteroidia:class;173790:p__Bacteroidota:phylum;14524:d__Bacteria:superkingdom;1:root:no rank"
277181	"g__Seramator"	2	1.0	1.45	0	0.0	55.0	1.0	0.444	0.436	54	0.0	2	"277181:g__Seramator:genus;256401:f__Dysgonomonadaceae:family;173792:o__Bacteroidales:order;173791:c__Bacteroidia:class;173790:p__Bacteroidota:phylum;14524:d__Bacteria:superkingdom;1:root:no rank"
256401	"f__Dysgonomonadaceae"	2	1.0	1.45	0	0.0	55.0	1.0	0.444	0.436	54	0.0	2	"256401:f__Dysgonomonadaceae:family;173792:o__Bacteroidales:order;173791:c__Bacteroidia:class;173790:p__Bacteroidota:phylum;14524:d__Bacteria:superkingdom;1:root:no rank"
316894	"GB_GCA_015257125.1"	2	1.0	2.23	0.0	0	68.5	0.9727	0.58	0.591	81	0.0	2	"316894:GB_GCA_015257125.1:subspecies;316892:s__Alloprevotella sp015257125:species;239259:g__Alloprevotella:genus;173793:f__Bacteroidaceae:family;173792:o__Bacteroidales:order;173791:c__Bacteroidia:class;173790:p__Bacteroidota:phylum;14524:d__Bacteria:superkingdom;1:root:no rank"
316892	"s__Alloprevotella sp015257125"	2	1.0	2.23	0.0	0	68.5	0.9727	0.58	0.591	81	0.0	2	"316892:s__Alloprevotella sp015257125:species;239259:g__Alloprevotella:genus;173793:f__Bacteroidaceae:family;173792:o__Bacteroidales:order;173791:c__Bacteroidia:class;173790:p__Bacteroidota:phylum;14524:d__Bacteria:superkingdom;1:root:no rank"
377177	"RS_GCF_004923205.2"	2	1.0	2.91	0	0.0	57.5	1.0	0.724	0.704	59	0.0	2	"377177:RS_GCF_004923205.2:subspecies;377175:s__Paracoccus aeridis:species;279860:g__Paracoccus:genus;198019:f__Rhodobacteraceae:family;198018:o__Rhodobacterales:order;159315:c__Alphaproteobacteria:class;14525:p__Pseudomonadota:phylum;14524:d__Bacteria:superkingdom;1:root:no rank"
377175	"s__Paracoccus aeridis"	2	1.0	2.91	0	0.0	57.5	1.0	0.724	0.704	59	0.0	2	"377175:s__Paracoccus aeridis:species;279860:g__Paracoccus:genus;198019:f__Rhodobacteraceae:family;198018:o__Rhodobacterales:order;159315:c__Alphaproteobacteria:class;14525:p__Pseudomonadota:phylum;14524:d__Bacteria:superkingdom;1:root:no rank"
348359	"RS_GCF_019991125.1"	2	1.0	1.33	0	0	41.0	0.9853	0.518	0.549	26	0.0	2	"348359:RS_GCF_019991125.1:subspecies;348357:s__Phyllobacterium calauticae:species;244941:g__Phyllobacterium:genus;161315:f__Rhizobiaceae:family;161314:o__Rhizobiales:order;159315:c__Alphaproteobacteria:class;14525:p__Pseudomonadota:phylum;14524:d__Bacteria:superkingdom;1:root:no rank"
348357	"s__Phyllobacterium calauticae"	2	1.0	1.33	0	0	41.0	0.9853	0.518	0.549	26	0.0	2	"348357:s__Phyllobacterium calauticae:species;244941:g__Phyllobacterium:genus;161315:f__Rhizobiaceae:family;161314:o__Rhizobiales:order;159315:c__Alphaproteobacteria:class;14525:p__Pseudomonadota:phylum;14524:d__Bacteria:superkingdom;1:root:no rank"
201001	"g__Rhizobium"	2	1.0	2.13	0	0	50.5	0.9862	0.533	0.513	45	0.0	8	"201001:g__Rhizobium:genus;161315:f__Rhizobiaceae:family;161314:o__Rhizobiales:order;159315:c__Alphaproteobacteria:class;14525:p__Pseudomonadota:phylum;14524:d__Bacteria:superkingdom;1:root:no rank"
288480	"f__Salinicoccaceae"	2	1.0	1.88	0	0.0	52.5	0.9636	0.307	0.333	49	0.0	2	"288480:f__Salinicoccaceae:family;63359:o__Staphylococcales:order;63358:c__Bacilli:class;63357:p__Bacillota:phylum;14524:d__Bacteria:superkingdom;1:root:no rank"
249581	"RS_GCF_002902685.1"	2	1.0	1.8	0.0	0	40.0	1.0	0.49	0.487	24	0.0	2	"249581:RS_GCF_002902685.1:subspecies;249572:s__Staphylococcus pettenkoferi:species;63361:g__Staphylococcus:genus;63360:f__Staphylococcaceae:family;63359:o__Staphylococcales:order;63358:c__Bacilli:class;63357:p__Bacillota:phylum;14524:d__Bacteria:superkingdom;1:root:no rank"
249572	"s__Staphylococcus pettenkoferi"	2	1.0	1.8	0.0	0	40.0	1.0	0.49	0.487	24	0.0	2	"249572:s__Staphylococcus pettenkoferi:species;63361:g__Staphylococcus:genus;63360:f__Staphylococcaceae:family;63359:o__Staphylococcales:order;63358:c__Bacilli:class;63357:p__Bacillota:phylum;14524:d__Bacteria:superkingdom;1:root:no rank"
431032	"RS_GCF_002127225.1"	2	1.0	1.53	0	0.0	37.0	1.0	0.582	0.581	18	0.0	2	"431032:RS_GCF_002127225.1:subspecies;431031:s__Sphingomonas sp002127225:species;223509:g__Sphingomonas:genus;223508:f__Sphingomonadaceae:family;223507:o__Sphingomonadales:order;159315:c__Alphaproteobacteria:class;14525:p__Pseudomonadota:phylum;14524:d__Bacteria:superkingdom;1:root:no rank"
431031	"s__Sphingomonas sp002127225"	2	1.0	1.53	0	0.0	37.0	1.0	0.582	0.581	18	0.0	2	"431031:s__Sphingomonas sp002127225:species;223509:g__Sphingomonas:genus;223508:f__Sphingomonadaceae:family;223507:o__Sphingomonadales:order;159315:c__Alphaproteobacteria:class;14525:p__Pseudomonadota:phylum;14524:d__Bacteria:superkingdom;1:root:no rank"
259839	"g__Acidovorax_A"	2	1.0	2.65	0	0	36.0	0.9853	0.731	0.736	16	0.0	2	"259839:g__Acidovorax_A:genus;233990:f__Burkholderiaceae_B:family;137197:o__Burkholderiales:order;14526:c__Gammaproteobacteria:class;14525:p__Pseudomonadota:phylum;14524:d__Bacteria:superkingdom;1:root:no rank"
217991	"RS_GCF_001591705.1"	2	1.0	3.27	0	0	42.0	1.0	0.277	0.274	28	0.0	2	"217991:RS_GCF_001591705.1:subspecies;217937:s__Lactococcus cremoris:species;186509:g__Lactococcus:genus;92157:f__Streptococcaceae:family;92156:o__Lactobacillales:order;63358:c__Bacilli:class;63357:p__Bacillota:phylum;14524:d__Bacteria:superkingdom;1:root:no rank"
217937	"s__Lactococcus cremoris"	2	1.0	3.27	0	0	42.0	1.0	0.277	0.274	28	0.0	2	"217937:s__Lactococcus cremoris:species;186509:g__Lactococcus:genus;92157:f__Streptococcaceae:family;92156:o__Lactobacillales:order;63358:c__Bacilli:class;63357:p__Bacillota:phylum;14524:d__Bacteria:superkingdom;1:root:no rank"
310830	"g__Sphingorhabdus_B"	2	1.0	2.12	0.0	0	53.0	0.9878	0.563	0.538	50	0.0	3	"310830:g__Sphingorhabdus_B:genus;223508:f__Sphingomonadaceae:family;223507:o__Sphingomonadales:order;159315:c__Alphaproteobacteria:class;14525:p__Pseudomonadota:phylum;14524:d__Bacteria:superkingdom;1:root:no rank"
481380	"GB_GCA_023432885.1"	2	1.0	2.3	0.0	0.0	68.0	0.9618	0.656	0.654	80	0.0	2	"481380:GB_GCA_023432885.1:subspecies;481379:s__Bradyrhizobium sp023432885:species;227326:g__Bradyrhizobium:genus;227325:f__Xanthobacteraceae:family;161314:o__Rhizobiales:order;159315:c__Alphaproteobacteria:class;14525:p__Pseudomonadota:phylum;14524:d__Bacteria:superkingdom;1:root:no rank"
481379	"s__Bradyrhizobium sp023432885"	2	1.0	2.3	0.0	0.0	68.0	0.9618	0.656	0.654	80	0.0	2	"481379:s__Bradyrhizobium sp023432885:species;227326:g__Bradyrhizobium:genus;227325:f__Xanthobacteraceae:family;161314:o__Rhizobiales:order;159315:c__Alphaproteobacteria:class;14525:p__Pseudomonadota:phylum;14524:d__Bacteria:superkingdom;1:root:no rank"
258904	"RS_GCF_000023285.1"	2	1.01	2.24	0.0	0.0	68.0	0.9851	0.507	0.485	79	0.013	2	"258904:RS_GCF_000023285.1:subspecies;258895:s__Capnocytophaga ochracea:species;258894:g__Capnocytophaga:genus;190477:f__Flavobacteriaceae:family;190476:o__Flavobacteriales:order;173791:c__Bacteroidia:class;173790:p__Bacteroidota:phylum;14524:d__Bacteria:superkingdom;1:root:no rank"
258895	"s__Capnocytophaga ochracea"	2	1.01	2.24	0.0	0.0	68.0	0.9851	0.507	0.485	79	0.013	2	"258895:s__Capnocytophaga ochracea:species;258894:g__Capnocytophaga:genus;190477:f__Flavobacteriaceae:family;190476:o__Flavobacteriales:order;173791:c__Bacteroidia:class;173790:p__Bacteroidota:phylum;14524:d__Bacteria:superkingdom;1:root:no rank"
258894	"g__Capnocytophaga"	2	1.01	2.24	0.0	0.0	68.0	0.9851	0.507	0.485	79	0.013	2	"258894:g__Capnocytophaga:genus;190477:f__Flavobacteriaceae:family;190476:o__Flavobacteriales:order;173791:c__Bacteroidia:class;173790:p__Bacteroidota:phylum;14524:d__Bacteria:superkingdom;1:root:no rank"
245793	"RS_GCF_000368625.1"	2	1.0	1.62	0.0	0	34.0	0.9704	0.499	0.5	12	0.0	2	"245793:RS_GCF_000368625.1:subspecies;245767:s__Acinetobacter schindleri:species;115235:g__Acinetobacter:genus;115234:f__Moraxellaceae:family;108193:o__Pseudomonadales:order;14526:c__Gammaproteobacteria:class;14525:p__Pseudomonadota:phylum;14524:d__Bacteria:superkingdom;1:root:no rank"
245767	"s__Acinetobacter schindleri"	2	1.0	1.62	0.0	0	34.0	0.9704	0.499	0.5	12	0.0	2	"245767:s__Acinetobacter schindleri:species;115235:g__Acinetobacter:genus;115234:f__Moraxellaceae:family;108193:o__Pseudomonadales:order;14526:c__Gammaproteobacteria:class;14525:p__Pseudomonadota:phylum;14524:d__Bacteria:superkingdom;1:root:no rank"
266075	"g__Granulicatella"	2	1.01	4.55	0.0	0	64.0	1.0	0.419	0.352	71	0.014	4	"266075:g__Granulicatella:genus;245357:f__Aerococcaceae:family;92156:o__Lactobacillales:order;63358:c__Bacilli:class;63357:p__Bacillota:phylum;14524:d__Bacteria:superkingdom;1:root:no rank"
245357	"f__Aerococcaceae"	2	1.01	4.55	0.0	0	64.0	1.0	0.419	0.352	71	0.014	4	"245357:f__Aerococcaceae:family;92156:o__Lactobacillales:order;63358:c__Bacilli:class;63357:p__Bacillota:phylum;14524:d__Bacteria:superkingdom;1:root:no rank"
328358	"GB_GCA_903960915.1"	2	1.0	2.49	0.0	0.0	77.0	0.9608	0.608	0.571	98	0.0	2	"328358:GB_GCA_903960915.1:subspecies;328356:s__Rhodoferax sp903960915:species;247200:g__Rhodoferax:genus;233990:f__Burkholderiaceae_B:family;137197:o__Burkholderiales:order;14526:c__Gammaproteobacteria:class;14525:p__Pseudomonadota:phylum;14524:d__Bacteria:superkingdom;1:root:no rank"
328356	"s__Rhodoferax sp903960915"	2	1.0	2.49	0.0	0.0	77.0	0.9608	0.608	0.571	98	0.0	2	"328356:s__Rhodoferax sp903960915:species;247200:g__Rhodoferax:genus;233990:f__Burkholderiaceae_B:family;137197:o__Burkholderiales:order;14526:c__Gammaproteobacteria:class;14525:p__Pseudomonadota:phylum;14524:d__Bacteria:superkingdom;1:root:no rank"
247200	"g__Rhodoferax"	2	1.0	2.49	0.0	0.0	77.0	0.9608	0.608	0.571	98	0.0	2	"247200:g__Rhodoferax:genus;233990:f__Burkholderiaceae_B:family;137197:o__Burkholderiales:order;14526:c__Gammaproteobacteria:class;14525:p__Pseudomonadota:phylum;14524:d__Bacteria:superkingdom;1:root:no rank"
403473	"RS_GCF_020329435.1"	2	1.0	1.9	0.0	0.0	43.5	0.9665	0.593	0.598	31	0.0	2	"403473:RS_GCF_020329435.1:subspecies;403472:s__Bradyrhizobium hereditatis:species;227326:g__Bradyrhizobium:genus;227325:f__Xanthobacteraceae:family;161314:o__Rhizobiales:order;159315:c__Alphaproteobacteria:class;14525:p__Pseudomonadota:phylum;14524:d__Bacteria:superkingdom;1:root:no rank"
403472	"s__Bradyrhizobium hereditatis"	2	1.0	1.9	0.0	0.0	43.5	0.9665	0.593	0.598	31	0.0	2	"403472:s__Bradyrhizobium hereditatis:species;227326:g__Bradyrhizobium:genus;227325:f__Xanthobacteraceae:family;161314:o__Rhizobiales:order;159315:c__Alphaproteobacteria:class;14525:p__Pseudomonadota:phylum;14524:d__Bacteria:superkingdom;1:root:no rank"
400565	"RS_GCF_022695515.1"	2	1.0	2.52	0	0.0	56.0	0.9667	0.683	0.696	56	0.0	2	"400565:RS_GCF_022695515.1:subspecies;400564:s__Phenylobacterium aquaticum:species;231994:g__Phenylobacterium:genus;231993:f__Caulobacteraceae:family;231992:o__Caulobacterales:order;159315:c__Alphaproteobacteria:class;14525:p__Pseudomonadota:phylum;14524:d__Bacteria:superkingdom;1:root:no rank"
400564	"s__Phenylobacterium aquaticum"	2	1.0	2.52	0	0.0	56.0	0.9667	0.683	0.696	56	0.0	2	"400564:s__Phenylobacterium aquaticum:species;231994:g__Phenylobacterium:genus;231993:f__Caulobacteraceae:family;231992:o__Caulobacterales:order;159315:c__Alphaproteobacteria:class;14525:p__Pseudomonadota:phylum;14524:d__Bacteria:superkingdom;1:root:no rank"
231994	"g__Phenylobacterium"	2	1.0	2.52	0	0.0	56.0	0.9667	0.683	0.696	56	0.0	2	"231994:g__Phenylobacterium:genus;231993:f__Caulobacteraceae:family;231992:o__Caulobacterales:order;159315:c__Alphaproteobacteria:class;14525:p__Pseudomonadota:phylum;14524:d__Bacteria:superkingdom;1:root:no rank"
386081	"RS_GCF_014649015.1"	2	1.0	3.59	0	0	43.0	0.9796	0.258	0.279	30	0.0	2	"386081:RS_GCF_014649015.1:subspecies;386079:s__Streptomyces narbonensis:species;207082:g__Streptomyces:genus;207081:f__Streptomycetaceae:family;207080:o__Streptomycetales:order;101056:c__Actinomycetia:class;101055:p__Actinomycetota:phylum;14524:d__Bacteria:superkingdom;1:root:no rank"
386079	"s__Streptomyces narbonensis"	2	1.0	3.59	0	0	43.0	0.9796	0.258	0.279	30	0.0	2	"386079:s__Streptomyces narbonensis:species;207082:g__Streptomyces:genus;207081:f__Streptomycetaceae:family;207080:o__Streptomycetales:order;101056:c__Actinomycetia:class;101055:p__Actinomycetota:phylum;14524:d__Bacteria:superkingdom;1:root:no rank"
278827	"RS_GCF_006539825.1"	2	1.01	2.78	0.0	0.0	63.5	1.0	0.682	0.677	70	0.014	2	"278827:RS_GCF_006539825.1:subspecies;278826:s__Corynebacterium variabile:species;175271:g__Corynebacterium:genus;101058:f__Mycobacteriaceae:family;101057:o__Mycobacteriales:order;101056:c__Actinomycetia:class;101055:p__Actinomycetota:phylum;14524:d__Bacteria:superkingdom;1:root:no rank"
278826	"s__Corynebacterium variabile"	2	1.01	2.78	0.0	0.0	63.5	1.0	0.682	0.677	70	0.014	2	"278826:s__Corynebacterium variabile:species;175271:g__Corynebacterium:genus;101058:f__Mycobacteriaceae:family;101057:o__Mycobacteriales:order;101056:c__Actinomycetia:class;101055:p__Actinomycetota:phylum;14524:d__Bacteria:superkingdom;1:root:no rank"
357850	"GB_GCA_020161775.1"	2	1.0	2.56	0.0	0.0	50.5	0.9595	0.734	0.752	45	0.0	2	"357850:GB_GCA_020161775.1:subspecies;357848:s__JAHBZM01 sp017988075:species;357847:g__JAHBZM01:genus;233990:f__Burkholderiaceae_B:family;137197:o__Burkholderiales:order;14526:c__Gammaproteobacteria:class;14525:p__Pseudomonadota:phylum;14524:d__Bacteria:superkingdom;1:root:no rank"
357848	"s__JAHBZM01 sp017988075"	2	1.0	2.56	0.0	0.0	50.5	0.9595	0.734	0.752	45	0.0	2	"357848:s__JAHBZM01 sp017988075:species;357847:g__JAHBZM01:genus;233990:f__Burkholderiaceae_B:family;137197:o__Burkholderiales:order;14526:c__Gammaproteobacteria:class;14525:p__Pseudomonadota:phylum;14524:d__Bacteria:superkingdom;1:root:no rank"
357847	"g__JAHBZM01"	2	1.0	2.56	0.0	0.0	50.5	0.9595	0.734	0.752	45	0.0	2	"357847:g__JAHBZM01:genus;233990:f__Burkholderiaceae_B:family;137197:o__Burkholderiales:order;14526:c__Gammaproteobacteria:class;14525:p__Pseudomonadota:phylum;14524:d__Bacteria:superkingdom;1:root:no rank"
354316	"GB_GCA_004297075.1"	2	1.0	1.65	0	0	43.5	0.9839	0.526	0.54	31	0.0	2	"354316:GB_GCA_004297075.1:subspecies;354315:s__Sediminibacterium sp004297075:species;261774:g__Sediminibacterium:genus;257281:f__Chitinophagaceae:family;257280:o__Chitinophagales:order;173791:c__Bacteroidia:class;173790:p__Bacteroidota:phylum;14524:d__Bacteria:superkingdom;1:root:no rank"
354315	"s__Sediminibacterium sp004297075"	2	1.0	1.65	0	0	43.5	0.9839	0.526	0.54	31	0.0	2	"354315:s__Sediminibacterium sp004297075:species;261774:g__Sediminibacterium:genus;257281:f__Chitinophagaceae:family;257280:o__Chitinophagales:order;173791:c__Bacteroidia:class;173790:p__Bacteroidota:phylum;14524:d__Bacteria:superkingdom;1:root:no rank"
298182	"f__70-9"	2	1.0	1.67	0	0.0	41.5	0.9648	0.635	0.675	27	0.0	5	"298182:f__70-9:family;242818:o__Solirubrobacterales:order;242817:c__Thermoleophilia:class;101055:p__Actinomycetota:phylum;14524:d__Bacteria:superkingdom;1:root:no rank"
242818	"o__Solirubrobacterales"	2	1.0	1.67	0	0.0	41.5	0.9648	0.635	0.675	27	0.0	5	"242818:o__Solirubrobacterales:order;242817:c__Thermoleophilia:class;101055:p__Actinomycetota:phylum;14524:d__Bacteria:superkingdom;1:root:no rank"
242817	"c__Thermoleophilia"	2	1.0	1.67	0	0.0	41.5	0.9648	0.635	0.675	27	0.0	5	"242817:c__Thermoleophilia:class;101055:p__Actinomycetota:phylum;14524:d__Bacteria:superkingdom;1:root:no rank"
250822	"g__Exiguobacterium_A"	2	1.0	1.97	1.0	0.0	31.0	0.9821	0.452	0.47	6	0.0	10	"250822:g__Exiguobacterium_A:genus;246272:f__Exiguobacteraceae:family;246271:o__Exiguobacterales:order;63358:c__Bacilli:class;63357:p__Bacillota:phylum;14524:d__Bacteria:superkingdom;1:root:no rank"
321118	"RS_GCF_000466165.1"	2	1.0	1.7	0	0.0	48.5	0.9794	0.67	0.67	41	0.0	2	"321118:RS_GCF_000466165.1:subspecies;321117:s__Peptidiphaga sp000466165:species;321116:g__Peptidiphaga:genus;239098:f__Actinomycetaceae:family;171647:o__Actinomycetales:order;101056:c__Actinomycetia:class;101055:p__Actinomycetota:phylum;14524:d__Bacteria:superkingdom;1:root:no rank"
321117	"s__Peptidiphaga sp000466165"	2	1.0	1.7	0	0.0	48.5	0.9794	0.67	0.67	41	0.0	2	"321117:s__Peptidiphaga sp000466165:species;321116:g__Peptidiphaga:genus;239098:f__Actinomycetaceae:family;171647:o__Actinomycetales:order;101056:c__Actinomycetia:class;101055:p__Actinomycetota:phylum;14524:d__Bacteria:superkingdom;1:root:no rank"
321116	"g__Peptidiphaga"	2	1.0	1.7	0	0.0	48.5	0.9794	0.67	0.67	41	0.0	2	"321116:g__Peptidiphaga:genus;239098:f__Actinomycetaceae:family;171647:o__Actinomycetales:order;101056:c__Actinomycetia:class;101055:p__Actinomycetota:phylum;14524:d__Bacteria:superkingdom;1:root:no rank"
235548	"g__Sphingobacterium"	2	1.0	1.36	0	0	36.0	1.0	0.366	0.375	16	0.0	2	"235548:g__Sphingobacterium:genus;235547:f__Sphingobacteriaceae:family;235546:o__Sphingobacteriales:order;173791:c__Bacteroidia:class;173790:p__Bacteroidota:phylum;14524:d__Bacteria:superkingdom;1:root:no rank"
443869	"RS_GCF_014280435.1"	2	1.0	1.89	0	0.0	32.5	0.9692	0.571	0.6	9	0.0	2	"443869:RS_GCF_014280435.1:subspecies;443868:s__Sphingobium sp014280435:species;240387:g__Sphingobium:genus;223508:f__Sphingomonadaceae:family;223507:o__Sphingomonadales:order;159315:c__Alphaproteobacteria:class;14525:p__Pseudomonadota:phylum;14524:d__Bacteria:superkingdom;1:root:no rank"
443868	"s__Sphingobium sp014280435"	2	1.0	1.89	0	0.0	32.5	0.9692	0.571	0.6	9	0.0	2	"443868:s__Sphingobium sp014280435:species;240387:g__Sphingobium:genus;223508:f__Sphingomonadaceae:family;223507:o__Sphingomonadales:order;159315:c__Alphaproteobacteria:class;14525:p__Pseudomonadota:phylum;14524:d__Bacteria:superkingdom;1:root:no rank"
326168	"g__Aureimonas"	2	1.03	1.82	0.5	0	47.5	0.9787	0.652	0.674	38	0.026	2	"326168:g__Aureimonas:genus;161315:f__Rhizobiaceae:family;161314:o__Rhizobiales:order;159315:c__Alphaproteobacteria:class;14525:p__Pseudomonadota:phylum;14524:d__Bacteria:superkingdom;1:root:no rank"
499067	"GB_GCA_023425455.1"	2	1.01	2.19	0.0	0	83.0	0.9812	0.58	0.572	109	0.009	2	"499067:GB_GCA_023425455.1:subspecies;499066:s__Enterobacter sp023425455:species;127516:g__Enterobacter:genus;14528:f__Enterobacteriaceae:family;14527:o__Enterobacterales:order;14526:c__Gammaproteobacteria:class;14525:p__Pseudomonadota:phylum;14524:d__Bacteria:superkingdom;1:root:no rank"
499066	"s__Enterobacter sp023425455"	2	1.01	2.19	0.0	0	83.0	0.9812	0.58	0.572	109	0.009	2	"499066:s__Enterobacter sp023425455:species;127516:g__Enterobacter:genus;14528:f__Enterobacteriaceae:family;14527:o__Enterobacterales:order;14526:c__Gammaproteobacteria:class;14525:p__Pseudomonadota:phylum;14524:d__Bacteria:superkingdom;1:root:no rank"
430335	"GB_GCA_020161015.1"	2	1.0	2.91	0.0	0	64.5	0.9804	0.737	0.721	73	0.0	2	"430335:GB_GCA_020161015.1:subspecies;430334:s__Propionicimonas sp020161015:species;263841:g__Propionicimonas:genus;177041:f__Propionibacteriaceae:family;177040:o__Propionibacteriales:order;101056:c__Actinomycetia:class;101055:p__Actinomycetota:phylum;14524:d__Bacteria:superkingdom;1:root:no rank"
430334	"s__Propionicimonas sp020161015"	2	1.0	2.91	0.0	0	64.5	0.9804	0.737	0.721	73	0.0	2	"430334:s__Propionicimonas sp020161015:species;263841:g__Propionicimonas:genus;177041:f__Propionibacteriaceae:family;177040:o__Propionibacteriales:order;101056:c__Actinomycetia:class;101055:p__Actinomycetota:phylum;14524:d__Bacteria:superkingdom;1:root:no rank"
263841	"g__Propionicimonas"	2	1.0	2.91	0.0	0	64.5	0.9804	0.737	0.721	73	0.0	2	"263841:g__Propionicimonas:genus;177041:f__Propionibacteriaceae:family;177040:o__Propionibacteriales:order;101056:c__Actinomycetia:class;101055:p__Actinomycetota:phylum;14524:d__Bacteria:superkingdom;1:root:no rank"
298698	"GB_GCA_002305415.1"	2	1.0	2.93	0.0	0.0	77.5	0.9724	0.721	0.742	99	0.0	2	"298698:GB_GCA_002305415.1:subspecies;298692:s__UBA1383 sp002305415:species;298691:g__UBA1383:genus;239098:f__Actinomycetaceae:family;171647:o__Actinomycetales:order;101056:c__Actinomycetia:class;101055:p__Actinomycetota:phylum;14524:d__Bacteria:superkingdom;1:root:no rank"
298692	"s__UBA1383 sp002305415"	2	1.0	2.93	0.0	0.0	77.5	0.9724	0.721	0.742	99	0.0	2	"298692:s__UBA1383 sp002305415:species;298691:g__UBA1383:genus;239098:f__Actinomycetaceae:family;171647:o__Actinomycetales:order;101056:c__Actinomycetia:class;101055:p__Actinomycetota:phylum;14524:d__Bacteria:superkingdom;1:root:no rank"
298691	"g__UBA1383"	2	1.0	2.93	0.0	0.0	77.5	0.9724	0.721	0.742	99	0.0	2	"298691:g__UBA1383:genus;239098:f__Actinomycetaceae:family;171647:o__Actinomycetales:order;101056:c__Actinomycetia:class;101055:p__Actinomycetota:phylum;14524:d__Bacteria:superkingdom;1:root:no rank"
284636	"RS_GCF_018129965.1"	2	1.0	1.99	0	0	63.0	0.9803	0.626	0.619	70	0.0	2	"284636:RS_GCF_018129965.1:subspecies;284629:s__Bradyrhizobium diazoefficiens_A:species;227326:g__Bradyrhizobium:genus;227325:f__Xanthobacteraceae:family;161314:o__Rhizobiales:order;159315:c__Alphaproteobacteria:class;14525:p__Pseudomonadota:phylum;14524:d__Bacteria:superkingdom;1:root:no rank"
284629	"s__Bradyrhizobium diazoefficiens_A"	2	1.0	1.99	0	0	63.0	0.9803	0.626	0.619	70	0.0	2	"284629:s__Bradyrhizobium diazoefficiens_A:species;227326:g__Bradyrhizobium:genus;227325:f__Xanthobacteraceae:family;161314:o__Rhizobiales:order;159315:c__Alphaproteobacteria:class;14525:p__Pseudomonadota:phylum;14524:d__Bacteria:superkingdom;1:root:no rank"
247318	"g__Anoxybacillus"	2	1.0	4.88	0.0	0.0	33.0	1.0	0.336	0.333	10	0.0	3	"247318:g__Anoxybacillus:genus;245672:f__Anoxybacillaceae:family;167186:o__Bacillales:order;63358:c__Bacilli:class;63357:p__Bacillota:phylum;14524:d__Bacteria:superkingdom;1:root:no rank"
245672	"f__Anoxybacillaceae"	2	1.0	4.88	0.0	0.0	33.0	1.0	0.336	0.333	10	0.0	3	"245672:f__Anoxybacillaceae:family;167186:o__Bacillales:order;63358:c__Bacilli:class;63357:p__Bacillota:phylum;14524:d__Bacteria:superkingdom;1:root:no rank"
505928	"RS_GCF_004011805.1"	2	1.0	1.9	0.0	0	47.0	1.0	0.734	0.734	38	0.0	2	"505928:RS_GCF_004011805.1:subspecies;505927:s__Piscinibacter defluvii:species;322373:g__Piscinibacter:genus;233990:f__Burkholderiaceae_B:family;137197:o__Burkholderiales:order;14526:c__Gammaproteobacteria:class;14525:p__Pseudomonadota:phylum;14524:d__Bacteria:superkingdom;1:root:no rank"
505927	"s__Piscinibacter defluvii"	2	1.0	1.9	0.0	0	47.0	1.0	0.734	0.734	38	0.0	2	"505927:s__Piscinibacter defluvii:species;322373:g__Piscinibacter:genus;233990:f__Burkholderiaceae_B:family;137197:o__Burkholderiales:order;14526:c__Gammaproteobacteria:class;14525:p__Pseudomonadota:phylum;14524:d__Bacteria:superkingdom;1:root:no rank"
322373	"g__Piscinibacter"	2	1.0	1.9	0.0	0	47.0	1.0	0.734	0.734	38	0.0	2	"322373:g__Piscinibacter:genus;233990:f__Burkholderiaceae_B:family;137197:o__Burkholderiales:order;14526:c__Gammaproteobacteria:class;14525:p__Pseudomonadota:phylum;14524:d__Bacteria:superkingdom;1:root:no rank"
333069	"g__Hymenobacter"	2	1.0	0.69	0.0	0.0	31.5	0.9761	0.524	0.516	7	0.0	9	"333069:g__Hymenobacter:genus;279895:f__Hymenobacteraceae:family;268144:o__Cytophagales:order;173791:c__Bacteroidia:class;173790:p__Bacteroidota:phylum;14524:d__Bacteria:superkingdom;1:root:no rank"
312449	"g__Leadbetterella"	2	1.0	1.74	0	0	50.5	0.9711	0.371	0.376	45	0.0	3	"312449:g__Leadbetterella:genus;275037:f__Spirosomaceae:family;268144:o__Cytophagales:order;173791:c__Bacteroidia:class;173790:p__Bacteroidota:phylum;14524:d__Bacteria:superkingdom;1:root:no rank"
359625	"RS_GCF_005280295.1"	2	0.99	3.36	0.0	0.0	93.5	0.9871	0.738	0.743	132	0	2	"359625:RS_GCF_005280295.1:subspecies;359623:s__Brevibacterium sp005280295:species;246933:g__Brevibacterium:genus;246932:f__Brevibacteriaceae:family;171647:o__Actinomycetales:order;101056:c__Actinomycetia:class;101055:p__Actinomycetota:phylum;14524:d__Bacteria:superkingdom;1:root:no rank"
359623	"s__Brevibacterium sp005280295"	2	0.99	3.36	0.0	0.0	93.5	0.9871	0.738	0.743	132	0	2	"359623:s__Brevibacterium sp005280295:species;246933:g__Brevibacterium:genus;246932:f__Brevibacteriaceae:family;171647:o__Actinomycetales:order;101056:c__Actinomycetia:class;101055:p__Actinomycetota:phylum;14524:d__Bacteria:superkingdom;1:root:no rank"
307824	"GB_GCA_000016765.1"	2	1.0	2.32	0	0	50.0	0.9706	0.661	0.65	44	0.0	2	"307824:GB_GCA_000016765.1:subspecies;307822:s__Rhizorhabdus wittichii:species;307821:g__Rhizorhabdus:genus;223508:f__Sphingomonadaceae:family;223507:o__Sphingomonadales:order;159315:c__Alphaproteobacteria:class;14525:p__Pseudomonadota:phylum;14524:d__Bacteria:superkingdom;1:root:no rank"
307822	"s__Rhizorhabdus wittichii"	2	1.0	2.32	0	0	50.0	0.9706	0.661	0.65	44	0.0	2	"307822:s__Rhizorhabdus wittichii:species;307821:g__Rhizorhabdus:genus;223508:f__Sphingomonadaceae:family;223507:o__Sphingomonadales:order;159315:c__Alphaproteobacteria:class;14525:p__Pseudomonadota:phylum;14524:d__Bacteria:superkingdom;1:root:no rank"
307821	"g__Rhizorhabdus"	2	1.0	2.32	0	0	50.0	0.9706	0.661	0.65	44	0.0	2	"307821:g__Rhizorhabdus:genus;223508:f__Sphingomonadaceae:family;223507:o__Sphingomonadales:order;159315:c__Alphaproteobacteria:class;14525:p__Pseudomonadota:phylum;14524:d__Bacteria:superkingdom;1:root:no rank"
171066	"f__Pasteurellaceae"	2	1.0	2.12	0	0.0	57.5	0.9972	0.435	0.432	59	0.0	4	"171066:f__Pasteurellaceae:family;145555:o__Enterobacterales_A:order;14526:c__Gammaproteobacteria:class;14525:p__Pseudomonadota:phylum;14524:d__Bacteria:superkingdom;1:root:no rank"
226425	"g__Ochrobactrum"	2	0.99	2.41	0	0.0	94.0	0.9873	0.58	0.578	133	0	5	"226425:g__Ochrobactrum:genus;161315:f__Rhizobiaceae:family;161314:o__Rhizobiales:order;159315:c__Alphaproteobacteria:class;14525:p__Pseudomonadota:phylum;14524:d__Bacteria:superkingdom;1:root:no rank"
233991	"g__Comamonas"	2	1.0	2.87	0.0	0.0	41.5	0.9715	0.658	0.671	27	0.0	4	"233991:g__Comamonas:genus;233990:f__Burkholderiaceae_B:family;137197:o__Burkholderiales:order;14526:c__Gammaproteobacteria:class;14525:p__Pseudomonadota:phylum;14524:d__Bacteria:superkingdom;1:root:no rank"
323494	"g__Epilithonimonas"	2	1.0	2.15	0.0	0	41.5	0.9886	0.401	0.398	27	0.0	5	"323494:g__Epilithonimonas:genus;206791:f__Weeksellaceae:family;190476:o__Flavobacteriales:order;173791:c__Bacteroidia:class;173790:p__Bacteroidota:phylum;14524:d__Bacteria:superkingdom;1:root:no rank"
418531	"RS_GCF_004342485.1"	2	1.0	2.45	0.0	0.0	46.0	0.9681	0.693	0.685	36	0.0	2	"418531:RS_GCF_004342485.1:subspecies;418530:s__Pelomonas saccharophila:species;351383:g__Pelomonas:genus;233990:f__Burkholderiaceae_B:family;137197:o__Burkholderiales:order;14526:c__Gammaproteobacteria:class;14525:p__Pseudomonadota:phylum;14524:d__Bacteria:superkingdom;1:root:no rank"
418530	"s__Pelomonas saccharophila"	2	1.0	2.45	0.0	0.0	46.0	0.9681	0.693	0.685	36	0.0	2	"418530:s__Pelomonas saccharophila:species;351383:g__Pelomonas:genus;233990:f__Burkholderiaceae_B:family;137197:o__Burkholderiales:order;14526:c__Gammaproteobacteria:class;14525:p__Pseudomonadota:phylum;14524:d__Bacteria:superkingdom;1:root:no rank"
363767	"RS_GCF_022965755.1"	2	1.01	2.86	0.0	0.0	78.0	0.956	0.731	0.756	99	0.01	2	"363767:RS_GCF_022965755.1:subspecies;363765:s__Pseudoxanthomonas_A sp022965755:species;273941:g__Pseudoxanthomonas_A:genus;177470:f__Xanthomonadaceae:family;177469:o__Xanthomonadales:order;14526:c__Gammaproteobacteria:class;14525:p__Pseudomonadota:phylum;14524:d__Bacteria:superkingdom;1:root:no rank"
363765	"s__Pseudoxanthomonas_A sp022965755"	2	1.01	2.86	0.0	0.0	78.0	0.956	0.731	0.756	99	0.01	2	"363765:s__Pseudoxanthomonas_A sp022965755:species;273941:g__Pseudoxanthomonas_A:genus;177470:f__Xanthomonadaceae:family;177469:o__Xanthomonadales:order;14526:c__Gammaproteobacteria:class;14525:p__Pseudomonadota:phylum;14524:d__Bacteria:superkingdom;1:root:no rank"
465099	"RS_GCF_000300855.1"	2	1.0	2.17	0.0	1.0	66.0	0.9717	0.642	0.652	76	0.0	2	"465099:RS_GCF_000300855.1:subspecies;465098:s__Allorhizobium albertimagni:species;244385:g__Allorhizobium:genus;161315:f__Rhizobiaceae:family;161314:o__Rhizobiales:order;159315:c__Alphaproteobacteria:class;14525:p__Pseudomonadota:phylum;14524:d__Bacteria:superkingdom;1:root:no rank"
465098	"s__Allorhizobium albertimagni"	2	1.0	2.17	0.0	1.0	66.0	0.9717	0.642	0.652	76	0.0	2	"465098:s__Allorhizobium albertimagni:species;244385:g__Allorhizobium:genus;161315:f__Rhizobiaceae:family;161314:o__Rhizobiales:order;159315:c__Alphaproteobacteria:class;14525:p__Pseudomonadota:phylum;14524:d__Bacteria:superkingdom;1:root:no rank"
215233	"GB_GCA_001436895.1"	1	1.0	1.48	0.0	0	81.0	1.0	0.457	0.457	53	0.0	1	"215233:GB_GCA_001436895.1:subspecies;215184:s__Weissella confusa:species;215183:g__Weissella:genus;165659:f__Lactobacillaceae:family;92156:o__Lactobacillales:order;63358:c__Bacilli:class;63357:p__Bacillota:phylum;14524:d__Bacteria:superkingdom;1:root:no rank"
215184	"s__Weissella confusa"	1	1.0	1.48	0.0	0	81.0	1.0	0.457	0.457	53	0.0	1	"215184:s__Weissella confusa:species;215183:g__Weissella:genus;165659:f__Lactobacillaceae:family;92156:o__Lactobacillales:order;63358:c__Bacilli:class;63357:p__Bacillota:phylum;14524:d__Bacteria:superkingdom;1:root:no rank"
446264	"RS_GCF_000427665.1"	1	1.0	1.73	0	0.0	54.0	0.963	0.574	0.593	26	0.0	1	"446264:RS_GCF_000427665.1:subspecies;446263:s__Geminicoccus roseus:species;389872:g__Geminicoccus:genus;329077:f__Geminicoccaceae:family;329076:o__Geminicoccales:order;159315:c__Alphaproteobacteria:class;14525:p__Pseudomonadota:phylum;14524:d__Bacteria:superkingdom;1:root:no rank"
446263	"s__Geminicoccus roseus"	1	1.0	1.73	0	0.0	54.0	0.963	0.574	0.593	26	0.0	1	"446263:s__Geminicoccus roseus:species;389872:g__Geminicoccus:genus;329077:f__Geminicoccaceae:family;329076:o__Geminicoccales:order;159315:c__Alphaproteobacteria:class;14525:p__Pseudomonadota:phylum;14524:d__Bacteria:superkingdom;1:root:no rank"
389872	"g__Geminicoccus"	1	1.0	1.73	0	0.0	54.0	0.963	0.574	0.593	26	0.0	1	"389872:g__Geminicoccus:genus;329077:f__Geminicoccaceae:family;329076:o__Geminicoccales:order;159315:c__Alphaproteobacteria:class;14525:p__Pseudomonadota:phylum;14524:d__Bacteria:superkingdom;1:root:no rank"
329077	"f__Geminicoccaceae"	1	1.0	1.73	0	0.0	54.0	0.963	0.574	0.593	26	0.0	1	"329077:f__Geminicoccaceae:family;329076:o__Geminicoccales:order;159315:c__Alphaproteobacteria:class;14525:p__Pseudomonadota:phylum;14524:d__Bacteria:superkingdom;1:root:no rank"
329076	"o__Geminicoccales"	1	1.0	1.73	0	0.0	54.0	0.963	0.574	0.593	26	0.0	1	"329076:o__Geminicoccales:order;159315:c__Alphaproteobacteria:class;14525:p__Pseudomonadota:phylum;14524:d__Bacteria:superkingdom;1:root:no rank"
435278	"RS_GCF_009735645.1"	1	1.0	5.11	0.0	0.0	39.0	1.0	0.769	0.769	11	0.0	1	"435278:RS_GCF_009735645.1:subspecies;435277:s__Microbacterium oryzae:species;260237:g__Microbacterium:genus;219704:f__Microbacteriaceae:family;171647:o__Actinomycetales:order;101056:c__Actinomycetia:class;101055:p__Actinomycetota:phylum;14524:d__Bacteria:superkingdom;1:root:no rank"
435277	"s__Microbacterium oryzae"	1	1.0	5.11	0.0	0.0	39.0	1.0	0.769	0.769	11	0.0	1	"435277:s__Microbacterium oryzae:species;260237:g__Microbacterium:genus;219704:f__Microbacteriaceae:family;171647:o__Actinomycetales:order;101056:c__Actinomycetia:class;101055:p__Actinomycetota:phylum;14524:d__Bacteria:superkingdom;1:root:no rank"
410701	"GB_GCA_022566735.1"	1	1.0	1.84	0.0	0	32.0	0.9688	0.625	0.625	4	0.0	1	"410701:GB_GCA_022566735.1:subspecies;410700:s__Aquabacterium sp022566735:species;319972:g__Aquabacterium:genus;233990:f__Burkholderiaceae_B:family;137197:o__Burkholderiales:order;14526:c__Gammaproteobacteria:class;14525:p__Pseudomonadota:phylum;14524:d__Bacteria:superkingdom;1:root:no rank"
410700	"s__Aquabacterium sp022566735"	1	1.0	1.84	0.0	0	32.0	0.9688	0.625	0.625	4	0.0	1	"410700:s__Aquabacterium sp022566735:species;319972:g__Aquabacterium:genus;233990:f__Burkholderiaceae_B:family;137197:o__Burkholderiales:order;14526:c__Gammaproteobacteria:class;14525:p__Pseudomonadota:phylum;14524:d__Bacteria:superkingdom;1:root:no rank"
394956	"RS_GCF_022179465.1"	1	1.0	1.52	0	0	35.0	0.9714	0.543	0.543	7	0.0	1	"394956:RS_GCF_022179465.1:subspecies;394954:s__Methylobacterium organophilum:species;251232:g__Methylobacterium:genus;251231:f__Beijerinckiaceae:family;161314:o__Rhizobiales:order;159315:c__Alphaproteobacteria:class;14525:p__Pseudomonadota:phylum;14524:d__Bacteria:superkingdom;1:root:no rank"
394954	"s__Methylobacterium organophilum"	1	1.0	1.52	0	0	35.0	0.9714	0.543	0.543	7	0.0	1	"394954:s__Methylobacterium organophilum:species;251232:g__Methylobacterium:genus;251231:f__Beijerinckiaceae:family;161314:o__Rhizobiales:order;159315:c__Alphaproteobacteria:class;14525:p__Pseudomonadota:phylum;14524:d__Bacteria:superkingdom;1:root:no rank"
423664	"GB_GCA_903844825.1"	1	1.0	2.09	0.0	0	57.0	0.9649	0.684	0.719	29	0.0	1	"423664:GB_GCA_903844825.1:subspecies;423663:s__Polaromonas sp903844825:species;307007:g__Polaromonas:genus;233990:f__Burkholderiaceae_B:family;137197:o__Burkholderiales:order;14526:c__Gammaproteobacteria:class;14525:p__Pseudomonadota:phylum;14524:d__Bacteria:superkingdom;1:root:no rank"
423663	"s__Polaromonas sp903844825"	1	1.0	2.09	0.0	0	57.0	0.9649	0.684	0.719	29	0.0	1	"423663:s__Polaromonas sp903844825:species;307007:g__Polaromonas:genus;233990:f__Burkholderiaceae_B:family;137197:o__Burkholderiales:order;14526:c__Gammaproteobacteria:class;14525:p__Pseudomonadota:phylum;14524:d__Bacteria:superkingdom;1:root:no rank"
438810	"GB_GCA_024509055.1"	1	1.0	3.05	0.0	0	49.0	0.9592	0.694	0.735	21	0.0	1	"438810:GB_GCA_024509055.1:subspecies;438809:s__Mesorhizobium sp024509055:species;219532:g__Mesorhizobium:genus;161315:f__Rhizobiaceae:family;161314:o__Rhizobiales:order;159315:c__Alphaproteobacteria:class;14525:p__Pseudomonadota:phylum;14524:d__Bacteria:superkingdom;1:root:no rank"
438809	"s__Mesorhizobium sp024509055"	1	1.0	3.05	0.0	0	49.0	0.9592	0.694	0.735	21	0.0	1	"438809:s__Mesorhizobium sp024509055:species;219532:g__Mesorhizobium:genus;161315:f__Rhizobiaceae:family;161314:o__Rhizobiales:order;159315:c__Alphaproteobacteria:class;14525:p__Pseudomonadota:phylum;14524:d__Bacteria:superkingdom;1:root:no rank"
459866	"RS_GCF_018131005.1"	1	1.0	2.16	0	0	41.0	0.9512	0.634	0.659	13	0.0	1	"459866:RS_GCF_018131005.1:subspecies;459865:s__Bradyrhizobium lablabi_D:species;227326:g__Bradyrhizobium:genus;227325:f__Xanthobacteraceae:family;161314:o__Rhizobiales:order;159315:c__Alphaproteobacteria:class;14525:p__Pseudomonadota:phylum;14524:d__Bacteria:superkingdom;1:root:no rank"
459865	"s__Bradyrhizobium lablabi_D"	1	1.0	2.16	0	0	41.0	0.9512	0.634	0.659	13	0.0	1	"459865:s__Bradyrhizobium lablabi_D:species;227326:g__Bradyrhizobium:genus;227325:f__Xanthobacteraceae:family;161314:o__Rhizobiales:order;159315:c__Alphaproteobacteria:class;14525:p__Pseudomonadota:phylum;14524:d__Bacteria:superkingdom;1:root:no rank"
412502	"GB_GCA_016185015.1"	1	1.0	1.51	0	0	44.0	0.9545	0.636	0.636	16	0.0	1	"412502:GB_GCA_016185015.1:subspecies;412501:s__Hylemonella sp016185015:species;313749:g__Hylemonella:genus;233990:f__Burkholderiaceae_B:family;137197:o__Burkholderiales:order;14526:c__Gammaproteobacteria:class;14525:p__Pseudomonadota:phylum;14524:d__Bacteria:superkingdom;1:root:no rank"
412501	"s__Hylemonella sp016185015"	1	1.0	1.51	0	0	44.0	0.9545	0.636	0.636	16	0.0	1	"412501:s__Hylemonella sp016185015:species;313749:g__Hylemonella:genus;233990:f__Burkholderiaceae_B:family;137197:o__Burkholderiales:order;14526:c__Gammaproteobacteria:class;14525:p__Pseudomonadota:phylum;14524:d__Bacteria:superkingdom;1:root:no rank"
280005	"RS_GCF_010669145.1"	1	1.0	2.27	0.0	0	78.0	1.0	0.641	0.641	50	0.0	1	"280005:RS_GCF_010669145.1:subspecies;279998:s__Agrobacterium oryzihabitans:species;192032:g__Agrobacterium:genus;161315:f__Rhizobiaceae:family;161314:o__Rhizobiales:order;159315:c__Alphaproteobacteria:class;14525:p__Pseudomonadota:phylum;14524:d__Bacteria:superkingdom;1:root:no rank"
279998	"s__Agrobacterium oryzihabitans"	1	1.0	2.27	0.0	0	78.0	1.0	0.641	0.641	50	0.0	1	"279998:s__Agrobacterium oryzihabitans:species;192032:g__Agrobacterium:genus;161315:f__Rhizobiaceae:family;161314:o__Rhizobiales:order;159315:c__Alphaproteobacteria:class;14525:p__Pseudomonadota:phylum;14524:d__Bacteria:superkingdom;1:root:no rank"
261261	"GB_GCA_903839845.1"	1	1.0	2.58	0.0	0	33.0	0.9697	0.636	0.667	5	0.0	1	"261261:GB_GCA_903839845.1:subspecies;261251:s__Pseudolabrys sp903839845:species;261250:g__Pseudolabrys:genus;227325:f__Xanthobacteraceae:family;161314:o__Rhizobiales:order;159315:c__Alphaproteobacteria:class;14525:p__Pseudomonadota:phylum;14524:d__Bacteria:superkingdom;1:root:no rank"
261251	"s__Pseudolabrys sp903839845"	1	1.0	2.58	0.0	0	33.0	0.9697	0.636	0.667	5	0.0	1	"261251:s__Pseudolabrys sp903839845:species;261250:g__Pseudolabrys:genus;227325:f__Xanthobacteraceae:family;161314:o__Rhizobiales:order;159315:c__Alphaproteobacteria:class;14525:p__Pseudomonadota:phylum;14524:d__Bacteria:superkingdom;1:root:no rank"
453705	"RS_GCF_005771675.1"	1	1.0	1.2	0.0	0	39.0	0.9744	0.667	0.667	11	0.0	1	"453705:RS_GCF_005771675.1:subspecies;453704:s__Solirubrum jeollabukense:species;394604:g__Solirubrum:genus;279895:f__Hymenobacteraceae:family;268144:o__Cytophagales:order;173791:c__Bacteroidia:class;173790:p__Bacteroidota:phylum;14524:d__Bacteria:superkingdom;1:root:no rank"
453704	"s__Solirubrum jeollabukense"	1	1.0	1.2	0.0	0	39.0	0.9744	0.667	0.667	11	0.0	1	"453704:s__Solirubrum jeollabukense:species;394604:g__Solirubrum:genus;279895:f__Hymenobacteraceae:family;268144:o__Cytophagales:order;173791:c__Bacteroidia:class;173790:p__Bacteroidota:phylum;14524:d__Bacteria:superkingdom;1:root:no rank"
394604	"g__Solirubrum"	1	1.0	1.2	0.0	0	39.0	0.9744	0.667	0.667	11	0.0	1	"394604:g__Solirubrum:genus;279895:f__Hymenobacteraceae:family;268144:o__Cytophagales:order;173791:c__Bacteroidia:class;173790:p__Bacteroidota:phylum;14524:d__Bacteria:superkingdom;1:root:no rank"
259696	"RS_GCF_014207505.1"	1	1.0	2.04	0	0.0	53.0	1.0	0.453	0.453	25	0.0	1	"259696:RS_GCF_014207505.1:subspecies;259679:s__Leuconostoc carnosum:species;208734:g__Leuconostoc:genus;165659:f__Lactobacillaceae:family;92156:o__Lactobacillales:order;63358:c__Bacilli:class;63357:p__Bacillota:phylum;14524:d__Bacteria:superkingdom;1:root:no rank"
259679	"s__Leuconostoc carnosum"	1	1.0	2.04	0	0.0	53.0	1.0	0.453	0.453	25	0.0	1	"259679:s__Leuconostoc carnosum:species;208734:g__Leuconostoc:genus;165659:f__Lactobacillaceae:family;92156:o__Lactobacillales:order;63358:c__Bacilli:class;63357:p__Bacillota:phylum;14524:d__Bacteria:superkingdom;1:root:no rank"
481769	"RS_GCF_014235185.1"	1	1.0	3.24	0	0	41.0	0.9756	0.707	0.683	13	0.0	1	"481769:RS_GCF_014235185.1:subspecies;481768:s__Pseudonocardia sp014235185:species;274400:g__Pseudonocardia:genus;274399:f__Pseudonocardiaceae:family;101057:o__Mycobacteriales:order;101056:c__Actinomycetia:class;101055:p__Actinomycetota:phylum;14524:d__Bacteria:superkingdom;1:root:no rank"
481768	"s__Pseudonocardia sp014235185"	1	1.0	3.24	0	0	41.0	0.9756	0.707	0.683	13	0.0	1	"481768:s__Pseudonocardia sp014235185:species;274400:g__Pseudonocardia:genus;274399:f__Pseudonocardiaceae:family;101057:o__Mycobacteriales:order;101056:c__Actinomycetia:class;101055:p__Actinomycetota:phylum;14524:d__Bacteria:superkingdom;1:root:no rank"
367897	"GB_GCA_016703145.1"	1	1.0	3.02	0.0	0	60.0	0.95	0.667	0.7	32	0.0	1	"367897:GB_GCA_016703145.1:subspecies;367895:s__Ottowia sp016703145:species;294662:g__Ottowia:genus;233990:f__Burkholderiaceae_B:family;137197:o__Burkholderiales:order;14526:c__Gammaproteobacteria:class;14525:p__Pseudomonadota:phylum;14524:d__Bacteria:superkingdom;1:root:no rank"
367895	"s__Ottowia sp016703145"	1	1.0	3.02	0.0	0	60.0	0.95	0.667	0.7	32	0.0	1	"367895:s__Ottowia sp016703145:species;294662:g__Ottowia:genus;233990:f__Burkholderiaceae_B:family;137197:o__Burkholderiales:order;14526:c__Gammaproteobacteria:class;14525:p__Pseudomonadota:phylum;14524:d__Bacteria:superkingdom;1:root:no rank"
268269	"RS_GCF_000159235.2"	1	1.0	3.52	0	0	49.0	0.9796	0.49	0.469	21	0.0	1	"268269:RS_GCF_000159235.2:subspecies;268260:s__Fannyhessea vaginae:species;268259:g__Fannyhessea:genus;240234:f__Atopobiaceae:family;214978:o__Coriobacteriales:order;214977:c__Coriobacteriia:class;101055:p__Actinomycetota:phylum;14524:d__Bacteria:superkingdom;1:root:no rank"
268260	"s__Fannyhessea vaginae"	1	1.0	3.52	0	0	49.0	0.9796	0.49	0.469	21	0.0	1	"268260:s__Fannyhessea vaginae:species;268259:g__Fannyhessea:genus;240234:f__Atopobiaceae:family;214978:o__Coriobacteriales:order;214977:c__Coriobacteriia:class;101055:p__Actinomycetota:phylum;14524:d__Bacteria:superkingdom;1:root:no rank"
268259	"g__Fannyhessea"	1	1.0	3.52	0	0	49.0	0.9796	0.49	0.469	21	0.0	1	"268259:g__Fannyhessea:genus;240234:f__Atopobiaceae:family;214978:o__Coriobacteriales:order;214977:c__Coriobacteriia:class;101055:p__Actinomycetota:phylum;14524:d__Bacteria:superkingdom;1:root:no rank"
240234	"f__Atopobiaceae"	1	1.0	3.52	0	0	49.0	0.9796	0.49	0.469	21	0.0	1	"240234:f__Atopobiaceae:family;214978:o__Coriobacteriales:order;214977:c__Coriobacteriia:class;101055:p__Actinomycetota:phylum;14524:d__Bacteria:superkingdom;1:root:no rank"
214978	"o__Coriobacteriales"	1	1.0	3.52	0	0	49.0	0.9796	0.49	0.469	21	0.0	1	"214978:o__Coriobacteriales:order;214977:c__Coriobacteriia:class;101055:p__Actinomycetota:phylum;14524:d__Bacteria:superkingdom;1:root:no rank"
214977	"c__Coriobacteriia"	1	1.0	3.52	0	0	49.0	0.9796	0.49	0.469	21	0.0	1	"214977:c__Coriobacteriia:class;101055:p__Actinomycetota:phylum;14524:d__Bacteria:superkingdom;1:root:no rank"
306275	"GB_GCA_903939555.1"	1	1.0	1.71	0.0	0	40.0	1.0	0.675	0.675	12	0.0	1	"306275:GB_GCA_903939555.1:subspecies;306271:s__Polymorphobacter sp903939555:species;306270:g__Polymorphobacter:genus;223508:f__Sphingomonadaceae:family;223507:o__Sphingomonadales:order;159315:c__Alphaproteobacteria:class;14525:p__Pseudomonadota:phylum;14524:d__Bacteria:superkingdom;1:root:no rank"
306271	"s__Polymorphobacter sp903939555"	1	1.0	1.71	0.0	0	40.0	1.0	0.675	0.675	12	0.0	1	"306271:s__Polymorphobacter sp903939555:species;306270:g__Polymorphobacter:genus;223508:f__Sphingomonadaceae:family;223507:o__Sphingomonadales:order;159315:c__Alphaproteobacteria:class;14525:p__Pseudomonadota:phylum;14524:d__Bacteria:superkingdom;1:root:no rank"
306270	"g__Polymorphobacter"	1	1.0	1.71	0.0	0	40.0	1.0	0.675	0.675	12	0.0	1	"306270:g__Polymorphobacter:genus;223508:f__Sphingomonadaceae:family;223507:o__Sphingomonadales:order;159315:c__Alphaproteobacteria:class;14525:p__Pseudomonadota:phylum;14524:d__Bacteria:superkingdom;1:root:no rank"
278000	"RS_GCF_012271765.1"	1	1.0	2.06	0	0	112.0	0.9911	0.491	0.491	84	0.0	1	"278000:RS_GCF_012271765.1:subspecies;277999:s__Erwinia rhapontici:species;195008:g__Erwinia:genus;14528:f__Enterobacteriaceae:family;14527:o__Enterobacterales:order;14526:c__Gammaproteobacteria:class;14525:p__Pseudomonadota:phylum;14524:d__Bacteria:superkingdom;1:root:no rank"
277999	"s__Erwinia rhapontici"	1	1.0	2.06	0	0	112.0	0.9911	0.491	0.491	84	0.0	1	"277999:s__Erwinia rhapontici:species;195008:g__Erwinia:genus;14528:f__Enterobacteriaceae:family;14527:o__Enterobacterales:order;14526:c__Gammaproteobacteria:class;14525:p__Pseudomonadota:phylum;14524:d__Bacteria:superkingdom;1:root:no rank"
195008	"g__Erwinia"	1	1.0	2.06	0	0	112.0	0.9911	0.491	0.491	84	0.0	1	"195008:g__Erwinia:genus;14528:f__Enterobacteriaceae:family;14527:o__Enterobacterales:order;14526:c__Gammaproteobacteria:class;14525:p__Pseudomonadota:phylum;14524:d__Bacteria:superkingdom;1:root:no rank"
359536	"g__Aquabacterium_A"	1	1.0	1.94	0	0	33.0	0.9697	0.606	0.591	5	0.0	2	"359536:g__Aquabacterium_A:genus;233990:f__Burkholderiaceae_B:family;137197:o__Burkholderiales:order;14526:c__Gammaproteobacteria:class;14525:p__Pseudomonadota:phylum;14524:d__Bacteria:superkingdom;1:root:no rank"
465619	"RS_GCF_015277675.1"	1	1.0	1.88	0	0.0	52.0	0.9808	0.519	0.538	24	0.0	1	"465619:RS_GCF_015277675.1:subspecies;465618:s__Flavobacterium soyangense:species;190478:g__Flavobacterium:genus;190477:f__Flavobacteriaceae:family;190476:o__Flavobacteriales:order;173791:c__Bacteroidia:class;173790:p__Bacteroidota:phylum;14524:d__Bacteria:superkingdom;1:root:no rank"
465618	"s__Flavobacterium soyangense"	1	1.0	1.88	0	0.0	52.0	0.9808	0.519	0.538	24	0.0	1	"465618:s__Flavobacterium soyangense:species;190478:g__Flavobacterium:genus;190477:f__Flavobacteriaceae:family;190476:o__Flavobacteriales:order;173791:c__Bacteroidia:class;173790:p__Bacteroidota:phylum;14524:d__Bacteria:superkingdom;1:root:no rank"
270088	"RS_GCF_021602025.1"	1	1.0	1.64	0	0	81.0	1.0	0.617	0.617	53	0.0	1	"270088:RS_GCF_021602025.1:subspecies;270082:s__Pseudomonas_E ceruminis:species;154229:g__Pseudomonas_E:genus;108194:f__Pseudomonadaceae:family;108193:o__Pseudomonadales:order;14526:c__Gammaproteobacteria:class;14525:p__Pseudomonadota:phylum;14524:d__Bacteria:superkingdom;1:root:no rank"
270082	"s__Pseudomonas_E ceruminis"	1	1.0	1.64	0	0	81.0	1.0	0.617	0.617	53	0.0	1	"270082:s__Pseudomonas_E ceruminis:species;154229:g__Pseudomonas_E:genus;108194:f__Pseudomonadaceae:family;108193:o__Pseudomonadales:order;14526:c__Gammaproteobacteria:class;14525:p__Pseudomonadota:phylum;14524:d__Bacteria:superkingdom;1:root:no rank"
514085	"GB_GCA_021813195.1"	1	1.0	1.62	0	0	41.0	0.9512	0.634	0.683	13	0.0	1	"514085:GB_GCA_021813195.1:subspecies;514084:s__Hyphomicrobium_C sp021813195:species;351413:g__Hyphomicrobium_C:genus;308738:f__Hyphomicrobiaceae:family;161314:o__Rhizobiales:order;159315:c__Alphaproteobacteria:class;14525:p__Pseudomonadota:phylum;14524:d__Bacteria:superkingdom;1:root:no rank"
514084	"s__Hyphomicrobium_C sp021813195"	1	1.0	1.62	0	0	41.0	0.9512	0.634	0.683	13	0.0	1	"514084:s__Hyphomicrobium_C sp021813195:species;351413:g__Hyphomicrobium_C:genus;308738:f__Hyphomicrobiaceae:family;161314:o__Rhizobiales:order;159315:c__Alphaproteobacteria:class;14525:p__Pseudomonadota:phylum;14524:d__Bacteria:superkingdom;1:root:no rank"
347850	"RS_GCF_004336635.1"	1	1.0	2.01	0.0	0	59.0	1.0	0.322	0.322	31	0.0	1	"347850:RS_GCF_004336635.1:subspecies;347848:s__Acinetobacter sp004336635:species;115235:g__Acinetobacter:genus;115234:f__Moraxellaceae:family;108193:o__Pseudomonadales:order;14526:c__Gammaproteobacteria:class;14525:p__Pseudomonadota:phylum;14524:d__Bacteria:superkingdom;1:root:no rank"
347848	"s__Acinetobacter sp004336635"	1	1.0	2.01	0.0	0	59.0	1.0	0.322	0.322	31	0.0	1	"347848:s__Acinetobacter sp004336635:species;115235:g__Acinetobacter:genus;115234:f__Moraxellaceae:family;108193:o__Pseudomonadales:order;14526:c__Gammaproteobacteria:class;14525:p__Pseudomonadota:phylum;14524:d__Bacteria:superkingdom;1:root:no rank"
460108	"RS_GCF_004801415.1"	1	1.0	2.17	0	0	89.0	0.9551	0.64	0.674	61	0.0	1	"460108:RS_GCF_004801415.1:subspecies;460107:s__Deinococcus sp004801415:species;257258:g__Deinococcus:genus;257257:f__Deinococcaceae:family;233595:o__Deinococcales:order;233594:c__Deinococci:class;233593:p__Deinococcota:phylum;14524:d__Bacteria:superkingdom;1:root:no rank"
460107	"s__Deinococcus sp004801415"	1	1.0	2.17	0	0	89.0	0.9551	0.64	0.674	61	0.0	1	"460107:s__Deinococcus sp004801415:species;257258:g__Deinococcus:genus;257257:f__Deinococcaceae:family;233595:o__Deinococcales:order;233594:c__Deinococci:class;233593:p__Deinococcota:phylum;14524:d__Bacteria:superkingdom;1:root:no rank"
315600	"RS_GCF_000275725.1"	1	1.0	1.69	0	0	61.0	0.9508	0.59	0.541	33	0.0	1	"315600:RS_GCF_000275725.1:subspecies;315599:s__Halomonas stevensii:species;242500:g__Halomonas:genus;242499:f__Halomonadaceae:family;108193:o__Pseudomonadales:order;14526:c__Gammaproteobacteria:class;14525:p__Pseudomonadota:phylum;14524:d__Bacteria:superkingdom;1:root:no rank"
315599	"s__Halomonas stevensii"	1	1.0	1.69	0	0	61.0	0.9508	0.59	0.541	33	0.0	1	"315599:s__Halomonas stevensii:species;242500:g__Halomonas:genus;242499:f__Halomonadaceae:family;108193:o__Pseudomonadales:order;14526:c__Gammaproteobacteria:class;14525:p__Pseudomonadota:phylum;14524:d__Bacteria:superkingdom;1:root:no rank"
442120	"GB_GCA_016194985.1"	1	1.0	1.28	0	0	40.0	0.975	0.3	0.275	12	0.0	1	"442120:GB_GCA_016194985.1:subspecies;442119:s__UBA4416 sp016194985:species;283490:g__UBA4416:genus;283489:f__B-17BO:family;283488:o__AKYH767:order;173791:c__Bacteroidia:class;173790:p__Bacteroidota:phylum;14524:d__Bacteria:superkingdom;1:root:no rank"
442119	"s__UBA4416 sp016194985"	1	1.0	1.28	0	0	40.0	0.975	0.3	0.275	12	0.0	1	"442119:s__UBA4416 sp016194985:species;283490:g__UBA4416:genus;283489:f__B-17BO:family;283488:o__AKYH767:order;173791:c__Bacteroidia:class;173790:p__Bacteroidota:phylum;14524:d__Bacteria:superkingdom;1:root:no rank"
458539	"RS_GCF_001519075.1"	1	1.0	2.35	0	0	37.0	0.973	0.676	0.703	9	0.0	1	"458539:RS_GCF_001519075.1:subspecies;458538:s__Novosphingobium fuchskuhlense:species;256977:g__Novosphingobium:genus;223508:f__Sphingomonadaceae:family;223507:o__Sphingomonadales:order;159315:c__Alphaproteobacteria:class;14525:p__Pseudomonadota:phylum;14524:d__Bacteria:superkingdom;1:root:no rank"
458538	"s__Novosphingobium fuchskuhlense"	1	1.0	2.35	0	0	37.0	0.973	0.676	0.703	9	0.0	1	"458538:s__Novosphingobium fuchskuhlense:species;256977:g__Novosphingobium:genus;223508:f__Sphingomonadaceae:family;223507:o__Sphingomonadales:order;159315:c__Alphaproteobacteria:class;14525:p__Pseudomonadota:phylum;14524:d__Bacteria:superkingdom;1:root:no rank"
463241	"RS_GCF_001982615.1"	1	1.0	1.61	0.0	0.0	32.0	0.9688	0.719	0.688	4	0.0	1	"463241:RS_GCF_001982615.1:subspecies;463240:s__Roseomonas_D deserti:species;358505:g__Roseomonas_D:genus;241022:f__Acetobacteraceae:family;241021:o__Acetobacterales:order;159315:c__Alphaproteobacteria:class;14525:p__Pseudomonadota:phylum;14524:d__Bacteria:superkingdom;1:root:no rank"
463240	"s__Roseomonas_D deserti"	1	1.0	1.61	0.0	0.0	32.0	0.9688	0.719	0.688	4	0.0	1	"463240:s__Roseomonas_D deserti:species;358505:g__Roseomonas_D:genus;241022:f__Acetobacteraceae:family;241021:o__Acetobacterales:order;159315:c__Alphaproteobacteria:class;14525:p__Pseudomonadota:phylum;14524:d__Bacteria:superkingdom;1:root:no rank"
358505	"g__Roseomonas_D"	1	1.0	1.61	0.0	0.0	32.0	0.9688	0.719	0.688	4	0.0	1	"358505:g__Roseomonas_D:genus;241022:f__Acetobacteraceae:family;241021:o__Acetobacterales:order;159315:c__Alphaproteobacteria:class;14525:p__Pseudomonadota:phylum;14524:d__Bacteria:superkingdom;1:root:no rank"
367406	"RS_GCF_003171715.1"	1	1.0	2.57	0.0	0.0	50.0	1.0	0.72	0.72	22	0.0	1	"367406:RS_GCF_003171715.1:subspecies;367405:s__Novosphingobium meiothermophilum:species;256977:g__Novosphingobium:genus;223508:f__Sphingomonadaceae:family;223507:o__Sphingomonadales:order;159315:c__Alphaproteobacteria:class;14525:p__Pseudomonadota:phylum;14524:d__Bacteria:superkingdom;1:root:no rank"
367405	"s__Novosphingobium meiothermophilum"	1	1.0	2.57	0.0	0.0	50.0	1.0	0.72	0.72	22	0.0	1	"367405:s__Novosphingobium meiothermophilum:species;256977:g__Novosphingobium:genus;223508:f__Sphingomonadaceae:family;223507:o__Sphingomonadales:order;159315:c__Alphaproteobacteria:class;14525:p__Pseudomonadota:phylum;14524:d__Bacteria:superkingdom;1:root:no rank"
276211	"RS_GCF_900176155.1"	1	1.02	1.96	0.0	0	89.0	0.9888	0.618	0.607	60	0.016	1	"276211:RS_GCF_900176155.1:subspecies;276206:s__Corynebacterium glucuronolyticum:species;175271:g__Corynebacterium:genus;101058:f__Mycobacteriaceae:family;101057:o__Mycobacteriales:order;101056:c__Actinomycetia:class;101055:p__Actinomycetota:phylum;14524:d__Bacteria:superkingdom;1:root:no rank"
276206	"s__Corynebacterium glucuronolyticum"	1	1.02	1.96	0.0	0	89.0	0.9888	0.618	0.607	60	0.016	1	"276206:s__Corynebacterium glucuronolyticum:species;175271:g__Corynebacterium:genus;101058:f__Mycobacteriaceae:family;101057:o__Mycobacteriales:order;101056:c__Actinomycetia:class;101055:p__Actinomycetota:phylum;14524:d__Bacteria:superkingdom;1:root:no rank"
346706	"RS_GCF_000423445.1"	1	1.0	3.38	0.0	0	46.0	0.9783	0.739	0.717	18	0.0	1	"346706:RS_GCF_000423445.1:subspecies;346704:s__Acidipropionibacterium thoenii:species;291630:g__Acidipropionibacterium:genus;177041:f__Propionibacteriaceae:family;177040:o__Propionibacteriales:order;101056:c__Actinomycetia:class;101055:p__Actinomycetota:phylum;14524:d__Bacteria:superkingdom;1:root:no rank"
346704	"s__Acidipropionibacterium thoenii"	1	1.0	3.38	0.0	0	46.0	0.9783	0.739	0.717	18	0.0	1	"346704:s__Acidipropionibacterium thoenii:species;291630:g__Acidipropionibacterium:genus;177041:f__Propionibacteriaceae:family;177040:o__Propionibacteriales:order;101056:c__Actinomycetia:class;101055:p__Actinomycetota:phylum;14524:d__Bacteria:superkingdom;1:root:no rank"
291630	"g__Acidipropionibacterium"	1	1.0	3.38	0.0	0	46.0	0.9783	0.739	0.717	18	0.0	1	"291630:g__Acidipropionibacterium:genus;177041:f__Propionibacteriaceae:family;177040:o__Propionibacteriales:order;101056:c__Actinomycetia:class;101055:p__Actinomycetota:phylum;14524:d__Bacteria:superkingdom;1:root:no rank"
409580	"RS_GCF_003752465.1"	1	1.0	3.28	0.0	0	73.0	0.9589	0.699	0.726	45	0.0	1	"409580:RS_GCF_003752465.1:subspecies;409579:s__Agrococcus jenensis:species;332307:g__Agrococcus:genus;219704:f__Microbacteriaceae:family;171647:o__Actinomycetales:order;101056:c__Actinomycetia:class;101055:p__Actinomycetota:phylum;14524:d__Bacteria:superkingdom;1:root:no rank"
409579	"s__Agrococcus jenensis"	1	1.0	3.28	0.0	0	73.0	0.9589	0.699	0.726	45	0.0	1	"409579:s__Agrococcus jenensis:species;332307:g__Agrococcus:genus;219704:f__Microbacteriaceae:family;171647:o__Actinomycetales:order;101056:c__Actinomycetia:class;101055:p__Actinomycetota:phylum;14524:d__Bacteria:superkingdom;1:root:no rank"
332307	"g__Agrococcus"	1	1.0	3.28	0.0	0	73.0	0.9589	0.699	0.726	45	0.0	1	"332307:g__Agrococcus:genus;219704:f__Microbacteriaceae:family;171647:o__Actinomycetales:order;101056:c__Actinomycetia:class;101055:p__Actinomycetota:phylum;14524:d__Bacteria:superkingdom;1:root:no rank"
377504	"RS_GCF_000794385.1"	1	1.0	1.27	0	0	81.0	0.9877	0.543	0.556	53	0.0	1	"377504:RS_GCF_000794385.1:subspecies;377503:s__Thermus sp000794385:species;233597:g__Thermus:genus;233596:f__Thermaceae:family;233595:o__Deinococcales:order;233594:c__Deinococci:class;233593:p__Deinococcota:phylum;14524:d__Bacteria:superkingdom;1:root:no rank"
377503	"s__Thermus sp000794385"	1	1.0	1.27	0	0	81.0	0.9877	0.543	0.556	53	0.0	1	"377503:s__Thermus sp000794385:species;233597:g__Thermus:genus;233596:f__Thermaceae:family;233595:o__Deinococcales:order;233594:c__Deinococci:class;233593:p__Deinococcota:phylum;14524:d__Bacteria:superkingdom;1:root:no rank"
294666	"GB_GCA_018060485.1"	1	1.0	2.43	0	0	107.0	1.0	0.617	0.617	79	0.0	1	"294666:GB_GCA_018060485.1:subspecies;294663:s__Ottowia sp018060485:species;294662:g__Ottowia:genus;233990:f__Burkholderiaceae_B:family;137197:o__Burkholderiales:order;14526:c__Gammaproteobacteria:class;14525:p__Pseudomonadota:phylum;14524:d__Bacteria:superkingdom;1:root:no rank"
294663	"s__Ottowia sp018060485"	1	1.0	2.43	0	0	107.0	1.0	0.617	0.617	79	0.0	1	"294663:s__Ottowia sp018060485:species;294662:g__Ottowia:genus;233990:f__Burkholderiaceae_B:family;137197:o__Burkholderiales:order;14526:c__Gammaproteobacteria:class;14525:p__Pseudomonadota:phylum;14524:d__Bacteria:superkingdom;1:root:no rank"
439276	"RS_GCF_003020125.1"	1	1.0	1.9	0	0	68.0	0.9559	0.676	0.691	40	0.0	1	"439276:RS_GCF_003020125.1:subspecies;439275:s__Bradyrhizobium sp003020125:species;227326:g__Bradyrhizobium:genus;227325:f__Xanthobacteraceae:family;161314:o__Rhizobiales:order;159315:c__Alphaproteobacteria:class;14525:p__Pseudomonadota:phylum;14524:d__Bacteria:superkingdom;1:root:no rank"
439275	"s__Bradyrhizobium sp003020125"	1	1.0	1.9	0	0	68.0	0.9559	0.676	0.691	40	0.0	1	"439275:s__Bradyrhizobium sp003020125:species;227326:g__Bradyrhizobium:genus;227325:f__Xanthobacteraceae:family;161314:o__Rhizobiales:order;159315:c__Alphaproteobacteria:class;14525:p__Pseudomonadota:phylum;14524:d__Bacteria:superkingdom;1:root:no rank"
266595	"RS_GCF_000369525.1"	1	1.0	1.41	0	0	53.0	0.9811	0.415	0.434	25	0.0	1	"266595:RS_GCF_000369525.1:subspecies;266591:s__Acinetobacter sp000369525:species;115235:g__Acinetobacter:genus;115234:f__Moraxellaceae:family;108193:o__Pseudomonadales:order;14526:c__Gammaproteobacteria:class;14525:p__Pseudomonadota:phylum;14524:d__Bacteria:superkingdom;1:root:no rank"
266591	"s__Acinetobacter sp000369525"	1	1.0	1.41	0	0	53.0	0.9811	0.415	0.434	25	0.0	1	"266591:s__Acinetobacter sp000369525:species;115235:g__Acinetobacter:genus;115234:f__Moraxellaceae:family;108193:o__Pseudomonadales:order;14526:c__Gammaproteobacteria:class;14525:p__Pseudomonadota:phylum;14524:d__Bacteria:superkingdom;1:root:no rank"
298871	"RS_GCF_013410305.1"	1	1.0	1.9	0	0	38.0	1.0	0.447	0.447	10	0.0	1	"298871:RS_GCF_013410305.1:subspecies;298864:s__Corynebacterium durum:species;175271:g__Corynebacterium:genus;101058:f__Mycobacteriaceae:family;101057:o__Mycobacteriales:order;101056:c__Actinomycetia:class;101055:p__Actinomycetota:phylum;14524:d__Bacteria:superkingdom;1:root:no rank"
298864	"s__Corynebacterium durum"	1	1.0	1.9	0	0	38.0	1.0	0.447	0.447	10	0.0	1	"298864:s__Corynebacterium durum:species;175271:g__Corynebacterium:genus;101058:f__Mycobacteriaceae:family;101057:o__Mycobacteriales:order;101056:c__Actinomycetia:class;101055:p__Actinomycetota:phylum;14524:d__Bacteria:superkingdom;1:root:no rank"
397061	"RS_GCF_023155745.1"	1	1.0	4.87	0.0	0.0	111.0	0.991	0.739	0.739	83	0.0	1	"397061:RS_GCF_023155745.1:subspecies;397060:s__Microbacterium sp023155745:species;260237:g__Microbacterium:genus;219704:f__Microbacteriaceae:family;171647:o__Actinomycetales:order;101056:c__Actinomycetia:class;101055:p__Actinomycetota:phylum;14524:d__Bacteria:superkingdom;1:root:no rank"
397060	"s__Microbacterium sp023155745"	1	1.0	4.87	0.0	0.0	111.0	0.991	0.739	0.739	83	0.0	1	"397060:s__Microbacterium sp023155745:species;260237:g__Microbacterium:genus;219704:f__Microbacteriaceae:family;171647:o__Actinomycetales:order;101056:c__Actinomycetia:class;101055:p__Actinomycetota:phylum;14524:d__Bacteria:superkingdom;1:root:no rank"
259063	"RS_GCF_002197815.1"	1	1.0	3.28	0.0	0	119.0	0.9748	0.689	0.706	91	0.0	1	"259063:RS_GCF_002197815.1:subspecies;259056:s__Pseudomonas_E oleovorans:species;154229:g__Pseudomonas_E:genus;108194:f__Pseudomonadaceae:family;108193:o__Pseudomonadales:order;14526:c__Gammaproteobacteria:class;14525:p__Pseudomonadota:phylum;14524:d__Bacteria:superkingdom;1:root:no rank"
259056	"s__Pseudomonas_E oleovorans"	1	1.0	3.28	0.0	0	119.0	0.9748	0.689	0.706	91	0.0	1	"259056:s__Pseudomonas_E oleovorans:species;154229:g__Pseudomonas_E:genus;108194:f__Pseudomonadaceae:family;108193:o__Pseudomonadales:order;14526:c__Gammaproteobacteria:class;14525:p__Pseudomonadota:phylum;14524:d__Bacteria:superkingdom;1:root:no rank"
108195	"g__Pseudomonas"	1	1.0	4.12	0	0	46.0	0.9891	0.652	0.641	18	0.0	2	"108195:g__Pseudomonas:genus;108194:f__Pseudomonadaceae:family;108193:o__Pseudomonadales:order;14526:c__Gammaproteobacteria:class;14525:p__Pseudomonadota:phylum;14524:d__Bacteria:superkingdom;1:root:no rank"
335213	"RS_GCF_022012435.1"	1	1.0	4.84	0.0	0	34.0	0.9706	0.824	0.853	6	0.0	1	"335213:RS_GCF_022012435.1:subspecies;335212:s__Bradyrhizobium sp022012435:species;227326:g__Bradyrhizobium:genus;227325:f__Xanthobacteraceae:family;161314:o__Rhizobiales:order;159315:c__Alphaproteobacteria:class;14525:p__Pseudomonadota:phylum;14524:d__Bacteria:superkingdom;1:root:no rank"
335212	"s__Bradyrhizobium sp022012435"	1	1.0	4.84	0.0	0	34.0	0.9706	0.824	0.853	6	0.0	1	"335212:s__Bradyrhizobium sp022012435:species;227326:g__Bradyrhizobium:genus;227325:f__Xanthobacteraceae:family;161314:o__Rhizobiales:order;159315:c__Alphaproteobacteria:class;14525:p__Pseudomonadota:phylum;14524:d__Bacteria:superkingdom;1:root:no rank"
462402	"RS_GCF_015351335.1"	1	1.0	1.08	0	0	33.0	1.0	0.485	0.485	5	0.0	1	"462402:RS_GCF_015351335.1:subspecies;462401:s__Corynebacterium lipophilum:species;175271:g__Corynebacterium:genus;101058:f__Mycobacteriaceae:family;101057:o__Mycobacteriales:order;101056:c__Actinomycetia:class;101055:p__Actinomycetota:phylum;14524:d__Bacteria:superkingdom;1:root:no rank"
462401	"s__Corynebacterium lipophilum"	1	1.0	1.08	0	0	33.0	1.0	0.485	0.485	5	0.0	1	"462401:s__Corynebacterium lipophilum:species;175271:g__Corynebacterium:genus;101058:f__Mycobacteriaceae:family;101057:o__Mycobacteriales:order;101056:c__Actinomycetia:class;101055:p__Actinomycetota:phylum;14524:d__Bacteria:superkingdom;1:root:no rank"
488386	"GB_GCA_022841325.1"	1	1.0	1.59	0	0	81.0	0.9506	0.556	0.58	53	0.0	1	"488386:GB_GCA_022841325.1:subspecies;488385:s__JADKFD01 sp022841325:species;318891:g__JADKFD01:genus;318890:f__SZUA-5:family;177469:o__Xanthomonadales:order;14526:c__Gammaproteobacteria:class;14525:p__Pseudomonadota:phylum;14524:d__Bacteria:superkingdom;1:root:no rank"
488385	"s__JADKFD01 sp022841325"	1	1.0	1.59	0	0	81.0	0.9506	0.556	0.58	53	0.0	1	"488385:s__JADKFD01 sp022841325:species;318891:g__JADKFD01:genus;318890:f__SZUA-5:family;177469:o__Xanthomonadales:order;14526:c__Gammaproteobacteria:class;14525:p__Pseudomonadota:phylum;14524:d__Bacteria:superkingdom;1:root:no rank"
318891	"g__JADKFD01"	1	1.0	1.59	0	0	81.0	0.9506	0.556	0.58	53	0.0	1	"318891:g__JADKFD01:genus;318890:f__SZUA-5:family;177469:o__Xanthomonadales:order;14526:c__Gammaproteobacteria:class;14525:p__Pseudomonadota:phylum;14524:d__Bacteria:superkingdom;1:root:no rank"
318890	"f__SZUA-5"	1	1.0	1.59	0	0	81.0	0.9506	0.556	0.58	53	0.0	1	"318890:f__SZUA-5:family;177469:o__Xanthomonadales:order;14526:c__Gammaproteobacteria:class;14525:p__Pseudomonadota:phylum;14524:d__Bacteria:superkingdom;1:root:no rank"
333574	"RS_GCF_900156665.1"	1	1.0	2.38	0.0	0	121.0	0.9917	0.636	0.628	93	0.0	1	"333574:RS_GCF_900156665.1:subspecies;333572:s__Corynebacterium appendicis:species;175271:g__Corynebacterium:genus;101058:f__Mycobacteriaceae:family;101057:o__Mycobacteriales:order;101056:c__Actinomycetia:class;101055:p__Actinomycetota:phylum;14524:d__Bacteria:superkingdom;1:root:no rank"
333572	"s__Corynebacterium appendicis"	1	1.0	2.38	0.0	0	121.0	0.9917	0.636	0.628	93	0.0	1	"333572:s__Corynebacterium appendicis:species;175271:g__Corynebacterium:genus;101058:f__Mycobacteriaceae:family;101057:o__Mycobacteriales:order;101056:c__Actinomycetia:class;101055:p__Actinomycetota:phylum;14524:d__Bacteria:superkingdom;1:root:no rank"
514848	"GB_GCA_001897795.1"	1	1.0	2.47	0	0.0	51.0	0.9804	0.373	0.392	23	0.0	1	"514848:GB_GCA_001897795.1:subspecies;514847:s__UBA9655 sp001897795:species;271337:g__UBA9655:genus;271336:f__UBA9655:family;271335:o__UBA9655:order;159315:c__Alphaproteobacteria:class;14525:p__Pseudomonadota:phylum;14524:d__Bacteria:superkingdom;1:root:no rank"
514847	"s__UBA9655 sp001897795"	1	1.0	2.47	0	0.0	51.0	0.9804	0.373	0.392	23	0.0	1	"514847:s__UBA9655 sp001897795:species;271337:g__UBA9655:genus;271336:f__UBA9655:family;271335:o__UBA9655:order;159315:c__Alphaproteobacteria:class;14525:p__Pseudomonadota:phylum;14524:d__Bacteria:superkingdom;1:root:no rank"
295299	"RS_GCF_900638305.1"	1	1.0	1.71	0.0	0.0	40.0	1.0	0.425	0.425	12	0.0	1	"295299:RS_GCF_900638305.1:subspecies;295294:s__Porphyromonas_A cangingivalis:species;257106:g__Porphyromonas_A:genus;218299:f__Porphyromonadaceae:family;173792:o__Bacteroidales:order;173791:c__Bacteroidia:class;173790:p__Bacteroidota:phylum;14524:d__Bacteria:superkingdom;1:root:no rank"
295294	"s__Porphyromonas_A cangingivalis"	1	1.0	1.71	0.0	0.0	40.0	1.0	0.425	0.425	12	0.0	1	"295294:s__Porphyromonas_A cangingivalis:species;257106:g__Porphyromonas_A:genus;218299:f__Porphyromonadaceae:family;173792:o__Bacteroidales:order;173791:c__Bacteroidia:class;173790:p__Bacteroidota:phylum;14524:d__Bacteria:superkingdom;1:root:no rank"
431635	"RS_GCF_022809125.1"	1	1.0	2.3	0	0	51.0	1.0	0.706	0.706	23	0.0	1	"431635:RS_GCF_022809125.1:subspecies;431634:s__JALGBI01 sp022809125:species;431633:g__JALGBI01:genus;233990:f__Burkholderiaceae_B:family;137197:o__Burkholderiales:order;14526:c__Gammaproteobacteria:class;14525:p__Pseudomonadota:phylum;14524:d__Bacteria:superkingdom;1:root:no rank"
431634	"s__JALGBI01 sp022809125"	1	1.0	2.3	0	0	51.0	1.0	0.706	0.706	23	0.0	1	"431634:s__JALGBI01 sp022809125:species;431633:g__JALGBI01:genus;233990:f__Burkholderiaceae_B:family;137197:o__Burkholderiales:order;14526:c__Gammaproteobacteria:class;14525:p__Pseudomonadota:phylum;14524:d__Bacteria:superkingdom;1:root:no rank"
431633	"g__JALGBI01"	1	1.0	2.3	0	0	51.0	1.0	0.706	0.706	23	0.0	1	"431633:g__JALGBI01:genus;233990:f__Burkholderiaceae_B:family;137197:o__Burkholderiales:order;14526:c__Gammaproteobacteria:class;14525:p__Pseudomonadota:phylum;14524:d__Bacteria:superkingdom;1:root:no rank"
413308	"GB_GCA_022599775.1"	1	1.0	1.72	0.0	0	31.0	0.9677	0.548	0.581	3	0.0	1	"413308:GB_GCA_022599775.1:subspecies;413307:s__JAHZLQ01 sp022599775:species;413306:g__JAHZLQ01:genus;413305:f__JAHZLQ01:family;307455:o__Nevskiales:order;14526:c__Gammaproteobacteria:class;14525:p__Pseudomonadota:phylum;14524:d__Bacteria:superkingdom;1:root:no rank"
413307	"s__JAHZLQ01 sp022599775"	1	1.0	1.72	0.0	0	31.0	0.9677	0.548	0.581	3	0.0	1	"413307:s__JAHZLQ01 sp022599775:species;413306:g__JAHZLQ01:genus;413305:f__JAHZLQ01:family;307455:o__Nevskiales:order;14526:c__Gammaproteobacteria:class;14525:p__Pseudomonadota:phylum;14524:d__Bacteria:superkingdom;1:root:no rank"
413306	"g__JAHZLQ01"	1	1.0	1.72	0.0	0	31.0	0.9677	0.548	0.581	3	0.0	1	"413306:g__JAHZLQ01:genus;413305:f__JAHZLQ01:family;307455:o__Nevskiales:order;14526:c__Gammaproteobacteria:class;14525:p__Pseudomonadota:phylum;14524:d__Bacteria:superkingdom;1:root:no rank"
413305	"f__JAHZLQ01"	1	1.0	1.72	0.0	0	31.0	0.9677	0.548	0.581	3	0.0	1	"413305:f__JAHZLQ01:family;307455:o__Nevskiales:order;14526:c__Gammaproteobacteria:class;14525:p__Pseudomonadota:phylum;14524:d__Bacteria:superkingdom;1:root:no rank"
206657	"RS_GCF_000488255.1"	1	1.0	2.4	0	0	61.0	1.0	0.492	0.492	33	0.0	1	"206657:RS_GCF_000488255.1:subspecies;206646:s__Acinetobacter indicus:species;115235:g__Acinetobacter:genus;115234:f__Moraxellaceae:family;108193:o__Pseudomonadales:order;14526:c__Gammaproteobacteria:class;14525:p__Pseudomonadota:phylum;14524:d__Bacteria:superkingdom;1:root:no rank"
206646	"s__Acinetobacter indicus"	1	1.0	2.4	0	0	61.0	1.0	0.492	0.492	33	0.0	1	"206646:s__Acinetobacter indicus:species;115235:g__Acinetobacter:genus;115234:f__Moraxellaceae:family;108193:o__Pseudomonadales:order;14526:c__Gammaproteobacteria:class;14525:p__Pseudomonadota:phylum;14524:d__Bacteria:superkingdom;1:root:no rank"
445750	"GB_GCA_023390955.1"	1	1.0	2.14	0.0	0.0	58.0	0.9828	0.621	0.621	30	0.0	1	"445750:GB_GCA_023390955.1:subspecies;445749:s__Bradyrhizobium sp023390955:species;227326:g__Bradyrhizobium:genus;227325:f__Xanthobacteraceae:family;161314:o__Rhizobiales:order;159315:c__Alphaproteobacteria:class;14525:p__Pseudomonadota:phylum;14524:d__Bacteria:superkingdom;1:root:no rank"
445749	"s__Bradyrhizobium sp023390955"	1	1.0	2.14	0.0	0.0	58.0	0.9828	0.621	0.621	30	0.0	1	"445749:s__Bradyrhizobium sp023390955:species;227326:g__Bradyrhizobium:genus;227325:f__Xanthobacteraceae:family;161314:o__Rhizobiales:order;159315:c__Alphaproteobacteria:class;14525:p__Pseudomonadota:phylum;14524:d__Bacteria:superkingdom;1:root:no rank"
441527	"RS_GCF_007991615.1"	1	1.0	1.9	0	0	72.0	0.9583	0.611	0.597	44	0.0	1	"441527:RS_GCF_007991615.1:subspecies;441526:s__Novosphingobium sediminis:species;256977:g__Novosphingobium:genus;223508:f__Sphingomonadaceae:family;223507:o__Sphingomonadales:order;159315:c__Alphaproteobacteria:class;14525:p__Pseudomonadota:phylum;14524:d__Bacteria:superkingdom;1:root:no rank"
441526	"s__Novosphingobium sediminis"	1	1.0	1.9	0	0	72.0	0.9583	0.611	0.597	44	0.0	1	"441526:s__Novosphingobium sediminis:species;256977:g__Novosphingobium:genus;223508:f__Sphingomonadaceae:family;223507:o__Sphingomonadales:order;159315:c__Alphaproteobacteria:class;14525:p__Pseudomonadota:phylum;14524:d__Bacteria:superkingdom;1:root:no rank"
340489	"RS_GCF_007679425.1"	1	1.0	1.43	0	0	36.0	0.9722	0.528	0.543	8	0.0	3	"340489:RS_GCF_007679425.1:subspecies;340486:s__Streptomyces incarnatus_A:species;207082:g__Streptomyces:genus;207081:f__Streptomycetaceae:family;207080:o__Streptomycetales:order;101056:c__Actinomycetia:class;101055:p__Actinomycetota:phylum;14524:d__Bacteria:superkingdom;1:root:no rank"
340486	"s__Streptomyces incarnatus_A"	1	1.0	1.43	0	0	36.0	0.9722	0.528	0.543	8	0.0	3	"340486:s__Streptomyces incarnatus_A:species;207082:g__Streptomyces:genus;207081:f__Streptomycetaceae:family;207080:o__Streptomycetales:order;101056:c__Actinomycetia:class;101055:p__Actinomycetota:phylum;14524:d__Bacteria:superkingdom;1:root:no rank"
251395	"RS_GCF_000176175.1"	1	1.0	2.32	0	0	59.0	0.9661	0.644	0.61	31	0.0	1	"251395:RS_GCF_000176175.1:subspecies;251383:s__Vibrio furnissii:species;145557:g__Vibrio:genus;145556:f__Vibrionaceae:family;145555:o__Enterobacterales_A:order;14526:c__Gammaproteobacteria:class;14525:p__Pseudomonadota:phylum;14524:d__Bacteria:superkingdom;1:root:no rank"
251383	"s__Vibrio furnissii"	1	1.0	2.32	0	0	59.0	0.9661	0.644	0.61	31	0.0	1	"251383:s__Vibrio furnissii:species;145557:g__Vibrio:genus;145556:f__Vibrionaceae:family;145555:o__Enterobacterales_A:order;14526:c__Gammaproteobacteria:class;14525:p__Pseudomonadota:phylum;14524:d__Bacteria:superkingdom;1:root:no rank"
393776	"RS_GCF_000472925.1"	1	1.0	1.43	0	0	58.0	0.9655	0.586	0.552	30	0.0	1	"393776:RS_GCF_000472925.1:subspecies;393774:s__Bradyrhizobium sp000472925:species;227326:g__Bradyrhizobium:genus;227325:f__Xanthobacteraceae:family;161314:o__Rhizobiales:order;159315:c__Alphaproteobacteria:class;14525:p__Pseudomonadota:phylum;14524:d__Bacteria:superkingdom;1:root:no rank"
393774	"s__Bradyrhizobium sp000472925"	1	1.0	1.43	0	0	58.0	0.9655	0.586	0.552	30	0.0	1	"393774:s__Bradyrhizobium sp000472925:species;227326:g__Bradyrhizobium:genus;227325:f__Xanthobacteraceae:family;161314:o__Rhizobiales:order;159315:c__Alphaproteobacteria:class;14525:p__Pseudomonadota:phylum;14524:d__Bacteria:superkingdom;1:root:no rank"
468360	"GB_GCA_021731445.1"	1	1.0	1.48	0.0	0	65.0	0.9538	0.6	0.615	37	0.0	1	"468360:GB_GCA_021731445.1:subspecies;468359:s__Stagnimonas sp021731445:species;380880:g__Stagnimonas:genus;307456:f__Nevskiaceae:family;307455:o__Nevskiales:order;14526:c__Gammaproteobacteria:class;14525:p__Pseudomonadota:phylum;14524:d__Bacteria:superkingdom;1:root:no rank"
468359	"s__Stagnimonas sp021731445"	1	1.0	1.48	0.0	0	65.0	0.9538	0.6	0.615	37	0.0	1	"468359:s__Stagnimonas sp021731445:species;380880:g__Stagnimonas:genus;307456:f__Nevskiaceae:family;307455:o__Nevskiales:order;14526:c__Gammaproteobacteria:class;14525:p__Pseudomonadota:phylum;14524:d__Bacteria:superkingdom;1:root:no rank"
380880	"g__Stagnimonas"	1	1.0	1.48	0.0	0	65.0	0.9538	0.6	0.615	37	0.0	1	"380880:g__Stagnimonas:genus;307456:f__Nevskiaceae:family;307455:o__Nevskiales:order;14526:c__Gammaproteobacteria:class;14525:p__Pseudomonadota:phylum;14524:d__Bacteria:superkingdom;1:root:no rank"
465361	"GB_GCA_902826195.1"	1	1.02	3.33	0	0	92.0	0.9565	0.696	0.707	63	0.016	1	"465361:GB_GCA_902826195.1:subspecies;465360:s__Bradyrhizobium sp902826195:species;227326:g__Bradyrhizobium:genus;227325:f__Xanthobacteraceae:family;161314:o__Rhizobiales:order;159315:c__Alphaproteobacteria:class;14525:p__Pseudomonadota:phylum;14524:d__Bacteria:superkingdom;1:root:no rank"
465360	"s__Bradyrhizobium sp902826195"	1	1.02	3.33	0	0	92.0	0.9565	0.696	0.707	63	0.016	1	"465360:s__Bradyrhizobium sp902826195:species;227326:g__Bradyrhizobium:genus;227325:f__Xanthobacteraceae:family;161314:o__Rhizobiales:order;159315:c__Alphaproteobacteria:class;14525:p__Pseudomonadota:phylum;14524:d__Bacteria:superkingdom;1:root:no rank"
430256	"RS_GCF_021026295.1"	1	1.0	2.04	0	0	53.0	0.9811	0.698	0.717	25	0.0	1	"430256:RS_GCF_021026295.1:subspecies;430255:s__Actinomycetospora soli:species;409052:g__Actinomycetospora:genus;274399:f__Pseudonocardiaceae:family;101057:o__Mycobacteriales:order;101056:c__Actinomycetia:class;101055:p__Actinomycetota:phylum;14524:d__Bacteria:superkingdom;1:root:no rank"
430255	"s__Actinomycetospora soli"	1	1.0	2.04	0	0	53.0	0.9811	0.698	0.717	25	0.0	1	"430255:s__Actinomycetospora soli:species;409052:g__Actinomycetospora:genus;274399:f__Pseudonocardiaceae:family;101057:o__Mycobacteriales:order;101056:c__Actinomycetia:class;101055:p__Actinomycetota:phylum;14524:d__Bacteria:superkingdom;1:root:no rank"
386108	"RS_GCF_001808555.1"	1	1.0	2.75	0.0	0	75.0	0.9733	0.6	0.613	47	0.0	1	"386108:RS_GCF_001808555.1:subspecies;386107:s__Porphyromonas_A sp001808555:species;257106:g__Porphyromonas_A:genus;218299:f__Porphyromonadaceae:family;173792:o__Bacteroidales:order;173791:c__Bacteroidia:class;173790:p__Bacteroidota:phylum;14524:d__Bacteria:superkingdom;1:root:no rank"
386107	"s__Porphyromonas_A sp001808555"	1	1.0	2.75	0.0	0	75.0	0.9733	0.6	0.613	47	0.0	1	"386107:s__Porphyromonas_A sp001808555:species;257106:g__Porphyromonas_A:genus;218299:f__Porphyromonadaceae:family;173792:o__Bacteroidales:order;173791:c__Bacteroidia:class;173790:p__Bacteroidota:phylum;14524:d__Bacteria:superkingdom;1:root:no rank"
368117	"RS_GCF_015291665.1"	1	1.0	2.38	0	0	56.0	0.9643	0.482	0.482	28	0.0	1	"368117:RS_GCF_015291665.1:subspecies;368116:s__Bradyrhizobium sp015291665:species;227326:g__Bradyrhizobium:genus;227325:f__Xanthobacteraceae:family;161314:o__Rhizobiales:order;159315:c__Alphaproteobacteria:class;14525:p__Pseudomonadota:phylum;14524:d__Bacteria:superkingdom;1:root:no rank"
368116	"s__Bradyrhizobium sp015291665"	1	1.0	2.38	0	0	56.0	0.9643	0.482	0.482	28	0.0	1	"368116:s__Bradyrhizobium sp015291665:species;227326:g__Bradyrhizobium:genus;227325:f__Xanthobacteraceae:family;161314:o__Rhizobiales:order;159315:c__Alphaproteobacteria:class;14525:p__Pseudomonadota:phylum;14524:d__Bacteria:superkingdom;1:root:no rank"
495379	"RS_GCF_023336505.1"	1	1.0	1.25	0	0	36.0	1.0	0.5	0.5	8	0.0	1	"495379:RS_GCF_023336505.1:subspecies;495378:s__Sporolactobacillus sp023336505:species;295812:g__Sporolactobacillus:genus;295811:f__Sporolactobacillaceae:family;295810:o__Bacillales_K:order;63358:c__Bacilli:class;63357:p__Bacillota:phylum;14524:d__Bacteria:superkingdom;1:root:no rank"
495378	"s__Sporolactobacillus sp023336505"	1	1.0	1.25	0	0	36.0	1.0	0.5	0.5	8	0.0	1	"495378:s__Sporolactobacillus sp023336505:species;295812:g__Sporolactobacillus:genus;295811:f__Sporolactobacillaceae:family;295810:o__Bacillales_K:order;63358:c__Bacilli:class;63357:p__Bacillota:phylum;14524:d__Bacteria:superkingdom;1:root:no rank"
295812	"g__Sporolactobacillus"	1	1.0	1.25	0	0	36.0	1.0	0.5	0.5	8	0.0	1	"295812:g__Sporolactobacillus:genus;295811:f__Sporolactobacillaceae:family;295810:o__Bacillales_K:order;63358:c__Bacilli:class;63357:p__Bacillota:phylum;14524:d__Bacteria:superkingdom;1:root:no rank"
295811	"f__Sporolactobacillaceae"	1	1.0	1.25	0	0	36.0	1.0	0.5	0.5	8	0.0	1	"295811:f__Sporolactobacillaceae:family;295810:o__Bacillales_K:order;63358:c__Bacilli:class;63357:p__Bacillota:phylum;14524:d__Bacteria:superkingdom;1:root:no rank"
295810	"o__Bacillales_K"	1	1.0	1.25	0	0	36.0	1.0	0.5	0.5	8	0.0	1	"295810:o__Bacillales_K:order;63358:c__Bacilli:class;63357:p__Bacillota:phylum;14524:d__Bacteria:superkingdom;1:root:no rank"
340808	"RS_GCF_000272005.1"	1	1.0	3.56	0	0	40.0	1.0	0.3	0.3	12	0.0	1	"340808:RS_GCF_000272005.1:subspecies;340806:s__Alishewanella agri:species;340805:g__Alishewanella:genus;225214:f__Alteromonadaceae:family;145555:o__Enterobacterales_A:order;14526:c__Gammaproteobacteria:class;14525:p__Pseudomonadota:phylum;14524:d__Bacteria:superkingdom;1:root:no rank"
340806	"s__Alishewanella agri"	1	1.0	3.56	0	0	40.0	1.0	0.3	0.3	12	0.0	1	"340806:s__Alishewanella agri:species;340805:g__Alishewanella:genus;225214:f__Alteromonadaceae:family;145555:o__Enterobacterales_A:order;14526:c__Gammaproteobacteria:class;14525:p__Pseudomonadota:phylum;14524:d__Bacteria:superkingdom;1:root:no rank"
431201	"GB_GCA_019237615.1"	1	1.0	2.8	0.0	0	43.0	0.9535	0.651	0.651	15	0.0	1	"431201:GB_GCA_019237615.1:subspecies;431200:s__Pelomonas sp019237615:species;351383:g__Pelomonas:genus;233990:f__Burkholderiaceae_B:family;137197:o__Burkholderiales:order;14526:c__Gammaproteobacteria:class;14525:p__Pseudomonadota:phylum;14524:d__Bacteria:superkingdom;1:root:no rank"
431200	"s__Pelomonas sp019237615"	1	1.0	2.8	0.0	0	43.0	0.9535	0.651	0.651	15	0.0	1	"431200:s__Pelomonas sp019237615:species;351383:g__Pelomonas:genus;233990:f__Burkholderiaceae_B:family;137197:o__Burkholderiales:order;14526:c__Gammaproteobacteria:class;14525:p__Pseudomonadota:phylum;14524:d__Bacteria:superkingdom;1:root:no rank"
491186	"RS_GCF_000384475.1"	1	1.0	2.29	0.0	0	52.0	0.9615	0.673	0.673	24	0.0	1	"491186:RS_GCF_000384475.1:subspecies;491185:s__Hansschlegelia sp000384475:species;319307:g__Hansschlegelia:genus;319306:f__Methylopilaceae:family;161314:o__Rhizobiales:order;159315:c__Alphaproteobacteria:class;14525:p__Pseudomonadota:phylum;14524:d__Bacteria:superkingdom;1:root:no rank"
491185	"s__Hansschlegelia sp000384475"	1	1.0	2.29	0.0	0	52.0	0.9615	0.673	0.673	24	0.0	1	"491185:s__Hansschlegelia sp000384475:species;319307:g__Hansschlegelia:genus;319306:f__Methylopilaceae:family;161314:o__Rhizobiales:order;159315:c__Alphaproteobacteria:class;14525:p__Pseudomonadota:phylum;14524:d__Bacteria:superkingdom;1:root:no rank"
319307	"g__Hansschlegelia"	1	1.0	2.29	0.0	0	52.0	0.9615	0.673	0.673	24	0.0	1	"319307:g__Hansschlegelia:genus;319306:f__Methylopilaceae:family;161314:o__Rhizobiales:order;159315:c__Alphaproteobacteria:class;14525:p__Pseudomonadota:phylum;14524:d__Bacteria:superkingdom;1:root:no rank"
319306	"f__Methylopilaceae"	1	1.0	2.29	0.0	0	52.0	0.9615	0.673	0.673	24	0.0	1	"319306:f__Methylopilaceae:family;161314:o__Rhizobiales:order;159315:c__Alphaproteobacteria:class;14525:p__Pseudomonadota:phylum;14524:d__Bacteria:superkingdom;1:root:no rank"
346636	"GB_GCA_016783965.1"	1	1.0	2.12	0	0	68.0	1.0	0.588	0.588	40	0.0	1	"346636:GB_GCA_016783965.1:subspecies;346633:s__Rhizomicrobium sp016783965:species;301607:g__Rhizomicrobium:genus;301606:f__Micropepsaceae:family;301605:o__Micropepsales:order;159315:c__Alphaproteobacteria:class;14525:p__Pseudomonadota:phylum;14524:d__Bacteria:superkingdom;1:root:no rank"
346633	"s__Rhizomicrobium sp016783965"	1	1.0	2.12	0	0	68.0	1.0	0.588	0.588	40	0.0	1	"346633:s__Rhizomicrobium sp016783965:species;301607:g__Rhizomicrobium:genus;301606:f__Micropepsaceae:family;301605:o__Micropepsales:order;159315:c__Alphaproteobacteria:class;14525:p__Pseudomonadota:phylum;14524:d__Bacteria:superkingdom;1:root:no rank"
292322	"RS_GCF_902459665.1"	1	1.02	1.8	0	0.0	88.0	0.9659	0.58	0.58	59	0.017	1	"292322:RS_GCF_902459665.1:subspecies;292317:s__Pandoraea cepalis:species;253287:g__Pandoraea:genus;147451:f__Burkholderiaceae:family;137197:o__Burkholderiales:order;14526:c__Gammaproteobacteria:class;14525:p__Pseudomonadota:phylum;14524:d__Bacteria:superkingdom;1:root:no rank"
292317	"s__Pandoraea cepalis"	1	1.02	1.8	0	0.0	88.0	0.9659	0.58	0.58	59	0.017	1	"292317:s__Pandoraea cepalis:species;253287:g__Pandoraea:genus;147451:f__Burkholderiaceae:family;137197:o__Burkholderiales:order;14526:c__Gammaproteobacteria:class;14525:p__Pseudomonadota:phylum;14524:d__Bacteria:superkingdom;1:root:no rank"
253287	"g__Pandoraea"	1	1.02	1.8	0	0.0	88.0	0.9659	0.58	0.58	59	0.017	1	"253287:g__Pandoraea:genus;147451:f__Burkholderiaceae:family;137197:o__Burkholderiales:order;14526:c__Gammaproteobacteria:class;14525:p__Pseudomonadota:phylum;14524:d__Bacteria:superkingdom;1:root:no rank"
354930	"GB_GCA_017849555.1"	1	1.0	4.34	0.0	0.0	94.0	0.9574	0.713	0.713	66	0.0	1	"354930:GB_GCA_017849555.1:subspecies;354929:s__Sphingomonas sp017849555:species;223509:g__Sphingomonas:genus;223508:f__Sphingomonadaceae:family;223507:o__Sphingomonadales:order;159315:c__Alphaproteobacteria:class;14525:p__Pseudomonadota:phylum;14524:d__Bacteria:superkingdom;1:root:no rank"
354929	"s__Sphingomonas sp017849555"	1	1.0	4.34	0.0	0.0	94.0	0.9574	0.713	0.713	66	0.0	1	"354929:s__Sphingomonas sp017849555:species;223509:g__Sphingomonas:genus;223508:f__Sphingomonadaceae:family;223507:o__Sphingomonadales:order;159315:c__Alphaproteobacteria:class;14525:p__Pseudomonadota:phylum;14524:d__Bacteria:superkingdom;1:root:no rank"
351233	"RS_GCF_004136315.1"	1	1.0	1.52	0	0	35.0	1.0	0.657	0.657	7	0.0	1	"351233:RS_GCF_004136315.1:subspecies;351232:s__Mesorhizobium sp004136315:species;219532:g__Mesorhizobium:genus;161315:f__Rhizobiaceae:family;161314:o__Rhizobiales:order;159315:c__Alphaproteobacteria:class;14525:p__Pseudomonadota:phylum;14524:d__Bacteria:superkingdom;1:root:no rank"
351232	"s__Mesorhizobium sp004136315"	1	1.0	1.52	0	0	35.0	1.0	0.657	0.657	7	0.0	1	"351232:s__Mesorhizobium sp004136315:species;219532:g__Mesorhizobium:genus;161315:f__Rhizobiaceae:family;161314:o__Rhizobiales:order;159315:c__Alphaproteobacteria:class;14525:p__Pseudomonadota:phylum;14524:d__Bacteria:superkingdom;1:root:no rank"
320911	"RS_GCF_900176385.1"	1	1.0	2.5	0.0	0	36.0	1.0	0.75	0.75	8	0.0	1	"320911:RS_GCF_900176385.1:subspecies;320907:s__Janibacter indicus:species;317738:g__Janibacter:genus;243063:f__Dermatophilaceae:family;171647:o__Actinomycetales:order;101056:c__Actinomycetia:class;101055:p__Actinomycetota:phylum;14524:d__Bacteria:superkingdom;1:root:no rank"
320907	"s__Janibacter indicus"	1	1.0	2.5	0.0	0	36.0	1.0	0.75	0.75	8	0.0	1	"320907:s__Janibacter indicus:species;317738:g__Janibacter:genus;243063:f__Dermatophilaceae:family;171647:o__Actinomycetales:order;101056:c__Actinomycetia:class;101055:p__Actinomycetota:phylum;14524:d__Bacteria:superkingdom;1:root:no rank"
352536	"RS_GCF_017639205.1"	1	1.0	1.84	0.0	0	48.0	0.9583	0.729	0.729	20	0.0	1	"352536:RS_GCF_017639205.1:subspecies;352533:s__Streptomyces nojiriensis:species;207082:g__Streptomyces:genus;207081:f__Streptomycetaceae:family;207080:o__Streptomycetales:order;101056:c__Actinomycetia:class;101055:p__Actinomycetota:phylum;14524:d__Bacteria:superkingdom;1:root:no rank"
352533	"s__Streptomyces nojiriensis"	1	1.0	1.84	0.0	0	48.0	0.9583	0.729	0.729	20	0.0	1	"352533:s__Streptomyces nojiriensis:species;207082:g__Streptomyces:genus;207081:f__Streptomycetaceae:family;207080:o__Streptomycetales:order;101056:c__Actinomycetia:class;101055:p__Actinomycetota:phylum;14524:d__Bacteria:superkingdom;1:root:no rank"
445853	"RS_GCF_003837805.1"	1	1.0	2.02	0	0.0	47.0	0.9574	0.532	0.532	19	0.0	1	"445853:RS_GCF_003837805.1:subspecies;445852:s__Bradyrhizobium sp003837805:species;227326:g__Bradyrhizobium:genus;227325:f__Xanthobacteraceae:family;161314:o__Rhizobiales:order;159315:c__Alphaproteobacteria:class;14525:p__Pseudomonadota:phylum;14524:d__Bacteria:superkingdom;1:root:no rank"
445852	"s__Bradyrhizobium sp003837805"	1	1.0	2.02	0	0.0	47.0	0.9574	0.532	0.532	19	0.0	1	"445852:s__Bradyrhizobium sp003837805:species;227326:g__Bradyrhizobium:genus;227325:f__Xanthobacteraceae:family;161314:o__Rhizobiales:order;159315:c__Alphaproteobacteria:class;14525:p__Pseudomonadota:phylum;14524:d__Bacteria:superkingdom;1:root:no rank"
298211	"RS_GCF_009867135.1"	1	1.0	1.95	0	0	39.0	0.9744	0.487	0.462	11	0.0	1	"298211:RS_GCF_009867135.1:subspecies;298208:s__Moraxella_A sp002478835:species;235824:g__Moraxella_A:genus;115234:f__Moraxellaceae:family;108193:o__Pseudomonadales:order;14526:c__Gammaproteobacteria:class;14525:p__Pseudomonadota:phylum;14524:d__Bacteria:superkingdom;1:root:no rank"
298208	"s__Moraxella_A sp002478835"	1	1.0	1.95	0	0	39.0	0.9744	0.487	0.462	11	0.0	1	"298208:s__Moraxella_A sp002478835:species;235824:g__Moraxella_A:genus;115234:f__Moraxellaceae:family;108193:o__Pseudomonadales:order;14526:c__Gammaproteobacteria:class;14525:p__Pseudomonadota:phylum;14524:d__Bacteria:superkingdom;1:root:no rank"
273485	"g__Myxococcus"	1	1.0	2.51	0.0	0.0	48.0	0.9861	0.729	0.729	20	0.0	3	"273485:g__Myxococcus:genus;257766:f__Myxococcaceae:family;257765:o__Myxococcales:order;257764:c__Myxococcia:class;257763:p__Myxococcota:phylum;14524:d__Bacteria:superkingdom;1:root:no rank"
382682	"RS_GCF_022179765.1"	1	1.0	3.07	0	0	106.0	0.9811	0.726	0.717	78	0.0	1	"382682:RS_GCF_022179765.1:subspecies;382681:s__Methylobacterium suomiense:species;251232:g__Methylobacterium:genus;251231:f__Beijerinckiaceae:family;161314:o__Rhizobiales:order;159315:c__Alphaproteobacteria:class;14525:p__Pseudomonadota:phylum;14524:d__Bacteria:superkingdom;1:root:no rank"
382681	"s__Methylobacterium suomiense"	1	1.0	3.07	0	0	106.0	0.9811	0.726	0.717	78	0.0	1	"382681:s__Methylobacterium suomiense:species;251232:g__Methylobacterium:genus;251231:f__Beijerinckiaceae:family;161314:o__Rhizobiales:order;159315:c__Alphaproteobacteria:class;14525:p__Pseudomonadota:phylum;14524:d__Bacteria:superkingdom;1:root:no rank"
382600	"GB_GCA_001797315.1"	1	1.0	2.22	0	0	48.0	0.9583	0.75	0.792	20	0.0	1	"382600:GB_GCA_001797315.1:subspecies;382598:s__Hylemonella sp001797315:species;313749:g__Hylemonella:genus;233990:f__Burkholderiaceae_B:family;137197:o__Burkholderiales:order;14526:c__Gammaproteobacteria:class;14525:p__Pseudomonadota:phylum;14524:d__Bacteria:superkingdom;1:root:no rank"
382598	"s__Hylemonella sp001797315"	1	1.0	2.22	0	0	48.0	0.9583	0.75	0.792	20	0.0	1	"382598:s__Hylemonella sp001797315:species;313749:g__Hylemonella:genus;233990:f__Burkholderiaceae_B:family;137197:o__Burkholderiales:order;14526:c__Gammaproteobacteria:class;14525:p__Pseudomonadota:phylum;14524:d__Bacteria:superkingdom;1:root:no rank"
270649	"RS_GCF_001476905.1"	1	1.0	2.49	0.0	0	75.0	0.9733	0.68	0.707	47	0.0	1	"270649:RS_GCF_001476905.1:subspecies;270641:s__Sphingomonas sanguinis_B:species;223509:g__Sphingomonas:genus;223508:f__Sphingomonadaceae:family;223507:o__Sphingomonadales:order;159315:c__Alphaproteobacteria:class;14525:p__Pseudomonadota:phylum;14524:d__Bacteria:superkingdom;1:root:no rank"
270641	"s__Sphingomonas sanguinis_B"	1	1.0	2.49	0.0	0	75.0	0.9733	0.68	0.707	47	0.0	1	"270641:s__Sphingomonas sanguinis_B:species;223509:g__Sphingomonas:genus;223508:f__Sphingomonadaceae:family;223507:o__Sphingomonadales:order;159315:c__Alphaproteobacteria:class;14525:p__Pseudomonadota:phylum;14524:d__Bacteria:superkingdom;1:root:no rank"
396114	"RS_GCF_006175905.1"	1	1.0	1.05	0	0	56.0	0.9821	0.518	0.5	28	0.0	1	"396114:RS_GCF_006175905.1:subspecies;396113:s__Streptococcus oralis_BG:species;92158:g__Streptococcus:genus;92157:f__Streptococcaceae:family;92156:o__Lactobacillales:order;63358:c__Bacilli:class;63357:p__Bacillota:phylum;14524:d__Bacteria:superkingdom;1:root:no rank"
396113	"s__Streptococcus oralis_BG"	1	1.0	1.05	0	0	56.0	0.9821	0.518	0.5	28	0.0	1	"396113:s__Streptococcus oralis_BG:species;92158:g__Streptococcus:genus;92157:f__Streptococcaceae:family;92156:o__Lactobacillales:order;63358:c__Bacilli:class;63357:p__Bacillota:phylum;14524:d__Bacteria:superkingdom;1:root:no rank"
512667	"RS_GCF_014196055.1"	1	1.0	2.75	0	0	93.0	1.0	0.656	0.656	65	0.0	1	"512667:RS_GCF_014196055.1:subspecies;512666:s__Novosphingobium hassiacum:species;256977:g__Novosphingobium:genus;223508:f__Sphingomonadaceae:family;223507:o__Sphingomonadales:order;159315:c__Alphaproteobacteria:class;14525:p__Pseudomonadota:phylum;14524:d__Bacteria:superkingdom;1:root:no rank"
512666	"s__Novosphingobium hassiacum"	1	1.0	2.75	0	0	93.0	1.0	0.656	0.656	65	0.0	1	"512666:s__Novosphingobium hassiacum:species;256977:g__Novosphingobium:genus;223508:f__Sphingomonadaceae:family;223507:o__Sphingomonadales:order;159315:c__Alphaproteobacteria:class;14525:p__Pseudomonadota:phylum;14524:d__Bacteria:superkingdom;1:root:no rank"
415474	"RS_GCF_004123905.1"	1	1.0	2.31	0	0	56.0	0.9643	0.518	0.518	28	0.0	1	"415474:RS_GCF_004123905.1:subspecies;415473:s__Bradyrhizobium betae_A:species;227326:g__Bradyrhizobium:genus;227325:f__Xanthobacteraceae:family;161314:o__Rhizobiales:order;159315:c__Alphaproteobacteria:class;14525:p__Pseudomonadota:phylum;14524:d__Bacteria:superkingdom;1:root:no rank"
415473	"s__Bradyrhizobium betae_A"	1	1.0	2.31	0	0	56.0	0.9643	0.518	0.518	28	0.0	1	"415473:s__Bradyrhizobium betae_A:species;227326:g__Bradyrhizobium:genus;227325:f__Xanthobacteraceae:family;161314:o__Rhizobiales:order;159315:c__Alphaproteobacteria:class;14525:p__Pseudomonadota:phylum;14524:d__Bacteria:superkingdom;1:root:no rank"
346296	"RS_GCF_000013645.1"	1	1.0	2.04	0	0.0	54.0	0.9815	0.556	0.556	26	0.0	1	"346296:RS_GCF_000013645.1:subspecies;346293:s__Paraburkholderia xenovorans:species;255913:g__Paraburkholderia:genus;147451:f__Burkholderiaceae:family;137197:o__Burkholderiales:order;14526:c__Gammaproteobacteria:class;14525:p__Pseudomonadota:phylum;14524:d__Bacteria:superkingdom;1:root:no rank"
346293	"s__Paraburkholderia xenovorans"	1	1.0	2.04	0	0.0	54.0	0.9815	0.556	0.556	26	0.0	1	"346293:s__Paraburkholderia xenovorans:species;255913:g__Paraburkholderia:genus;147451:f__Burkholderiaceae:family;137197:o__Burkholderiales:order;14526:c__Gammaproteobacteria:class;14525:p__Pseudomonadota:phylum;14524:d__Bacteria:superkingdom;1:root:no rank"
255913	"g__Paraburkholderia"	1	1.0	2.04	0	0.0	54.0	0.9815	0.556	0.556	26	0.0	1	"255913:g__Paraburkholderia:genus;147451:f__Burkholderiaceae:family;137197:o__Burkholderiales:order;14526:c__Gammaproteobacteria:class;14525:p__Pseudomonadota:phylum;14524:d__Bacteria:superkingdom;1:root:no rank"
472734	"GB_GCA_021776685.1"	1	1.0	2.82	0.0	0.0	53.0	0.9623	0.66	0.698	25	0.0	1	"472734:GB_GCA_021776685.1:subspecies;472733:s__JAJFFJ01 sp021776685:species;472732:g__JAJFFJ01:genus;294186:f__Bin65:family;294185:o__Bin65:order;159315:c__Alphaproteobacteria:class;14525:p__Pseudomonadota:phylum;14524:d__Bacteria:superkingdom;1:root:no rank"
472733	"s__JAJFFJ01 sp021776685"	1	1.0	2.82	0.0	0.0	53.0	0.9623	0.66	0.698	25	0.0	1	"472733:s__JAJFFJ01 sp021776685:species;472732:g__JAJFFJ01:genus;294186:f__Bin65:family;294185:o__Bin65:order;159315:c__Alphaproteobacteria:class;14525:p__Pseudomonadota:phylum;14524:d__Bacteria:superkingdom;1:root:no rank"
472732	"g__JAJFFJ01"	1	1.0	2.82	0.0	0.0	53.0	0.9623	0.66	0.698	25	0.0	1	"472732:g__JAJFFJ01:genus;294186:f__Bin65:family;294185:o__Bin65:order;159315:c__Alphaproteobacteria:class;14525:p__Pseudomonadota:phylum;14524:d__Bacteria:superkingdom;1:root:no rank"
294186	"f__Bin65"	1	1.0	2.82	0.0	0.0	53.0	0.9623	0.66	0.698	25	0.0	1	"294186:f__Bin65:family;294185:o__Bin65:order;159315:c__Alphaproteobacteria:class;14525:p__Pseudomonadota:phylum;14524:d__Bacteria:superkingdom;1:root:no rank"
294185	"o__Bin65"	1	1.0	2.82	0.0	0.0	53.0	0.9623	0.66	0.698	25	0.0	1	"294185:o__Bin65:order;159315:c__Alphaproteobacteria:class;14525:p__Pseudomonadota:phylum;14524:d__Bacteria:superkingdom;1:root:no rank"
361868	"GB_GCA_017308575.1"	1	1.0	1.35	0	0.0	57.0	0.9649	0.614	0.649	29	0.0	1	"361868:GB_GCA_017308575.1:subspecies;361867:s__Afipia sp001897905:species;270168:g__Afipia:genus;227325:f__Xanthobacteraceae:family;161314:o__Rhizobiales:order;159315:c__Alphaproteobacteria:class;14525:p__Pseudomonadota:phylum;14524:d__Bacteria:superkingdom;1:root:no rank"
361867	"s__Afipia sp001897905"	1	1.0	1.35	0	0.0	57.0	0.9649	0.614	0.649	29	0.0	1	"361867:s__Afipia sp001897905:species;270168:g__Afipia:genus;227325:f__Xanthobacteraceae:family;161314:o__Rhizobiales:order;159315:c__Alphaproteobacteria:class;14525:p__Pseudomonadota:phylum;14524:d__Bacteria:superkingdom;1:root:no rank"
380586	"GB_GCA_019747815.1"	1	1.0	3.07	0	0	92.0	0.9565	0.728	0.707	64	0.0	1	"380586:GB_GCA_019747815.1:subspecies;380585:s__AWTP1-13 sp019747815:species;380584:g__AWTP1-13:genus;308738:f__Hyphomicrobiaceae:family;161314:o__Rhizobiales:order;159315:c__Alphaproteobacteria:class;14525:p__Pseudomonadota:phylum;14524:d__Bacteria:superkingdom;1:root:no rank"
380585	"s__AWTP1-13 sp019747815"	1	1.0	3.07	0	0	92.0	0.9565	0.728	0.707	64	0.0	1	"380585:s__AWTP1-13 sp019747815:species;380584:g__AWTP1-13:genus;308738:f__Hyphomicrobiaceae:family;161314:o__Rhizobiales:order;159315:c__Alphaproteobacteria:class;14525:p__Pseudomonadota:phylum;14524:d__Bacteria:superkingdom;1:root:no rank"
380584	"g__AWTP1-13"	1	1.0	3.07	0	0	92.0	0.9565	0.728	0.707	64	0.0	1	"380584:g__AWTP1-13:genus;308738:f__Hyphomicrobiaceae:family;161314:o__Rhizobiales:order;159315:c__Alphaproteobacteria:class;14525:p__Pseudomonadota:phylum;14524:d__Bacteria:superkingdom;1:root:no rank"
419916	"GB_GCA_016790395.1"	1	1.0	3.53	0.0	0.0	37.0	0.973	0.73	0.73	9	0.0	1	"419916:GB_GCA_016790395.1:subspecies;419915:s__Rubrivivax sp016790395:species;275277:g__Rubrivivax:genus;233990:f__Burkholderiaceae_B:family;137197:o__Burkholderiales:order;14526:c__Gammaproteobacteria:class;14525:p__Pseudomonadota:phylum;14524:d__Bacteria:superkingdom;1:root:no rank"
419915	"s__Rubrivivax sp016790395"	1	1.0	3.53	0.0	0.0	37.0	0.973	0.73	0.73	9	0.0	1	"419915:s__Rubrivivax sp016790395:species;275277:g__Rubrivivax:genus;233990:f__Burkholderiaceae_B:family;137197:o__Burkholderiales:order;14526:c__Gammaproteobacteria:class;14525:p__Pseudomonadota:phylum;14524:d__Bacteria:superkingdom;1:root:no rank"
431909	"GB_GCA_005773165.1"	1	1.0	1.85	0	0	72.0	0.9722	0.625	0.639	44	0.0	1	"431909:GB_GCA_005773165.1:subspecies;431908:s__Sphingomonas sp005773165:species;223509:g__Sphingomonas:genus;223508:f__Sphingomonadaceae:family;223507:o__Sphingomonadales:order;159315:c__Alphaproteobacteria:class;14525:p__Pseudomonadota:phylum;14524:d__Bacteria:superkingdom;1:root:no rank"
431908	"s__Sphingomonas sp005773165"	1	1.0	1.85	0	0	72.0	0.9722	0.625	0.639	44	0.0	1	"431908:s__Sphingomonas sp005773165:species;223509:g__Sphingomonas:genus;223508:f__Sphingomonadaceae:family;223507:o__Sphingomonadales:order;159315:c__Alphaproteobacteria:class;14525:p__Pseudomonadota:phylum;14524:d__Bacteria:superkingdom;1:root:no rank"
402931	"RS_GCF_001417955.2"	1	1.0	2.38	0	0	93.0	0.957	0.699	0.677	65	0.0	1	"402931:RS_GCF_001417955.2:subspecies;402930:s__Mycobacterium gordonae_B:species;101059:g__Mycobacterium:genus;101058:f__Mycobacteriaceae:family;101057:o__Mycobacteriales:order;101056:c__Actinomycetia:class;101055:p__Actinomycetota:phylum;14524:d__Bacteria:superkingdom;1:root:no rank"
402930	"s__Mycobacterium gordonae_B"	1	1.0	2.38	0	0	93.0	0.957	0.699	0.677	65	0.0	1	"402930:s__Mycobacterium gordonae_B:species;101059:g__Mycobacterium:genus;101058:f__Mycobacteriaceae:family;101057:o__Mycobacteriales:order;101056:c__Actinomycetia:class;101055:p__Actinomycetota:phylum;14524:d__Bacteria:superkingdom;1:root:no rank"
465349	"GB_GCA_004299555.1"	1	1.0	1.25	0.0	0	36.0	0.9722	0.583	0.583	8	0.0	1	"465349:GB_GCA_004299555.1:subspecies;465348:s__66-474 sp004299555:species;336014:g__66-474:genus;275876:f__Rhodanobacteraceae:family;177469:o__Xanthomonadales:order;14526:c__Gammaproteobacteria:class;14525:p__Pseudomonadota:phylum;14524:d__Bacteria:superkingdom;1:root:no rank"
465348	"s__66-474 sp004299555"	1	1.0	1.25	0.0	0	36.0	0.9722	0.583	0.583	8	0.0	1	"465348:s__66-474 sp004299555:species;336014:g__66-474:genus;275876:f__Rhodanobacteraceae:family;177469:o__Xanthomonadales:order;14526:c__Gammaproteobacteria:class;14525:p__Pseudomonadota:phylum;14524:d__Bacteria:superkingdom;1:root:no rank"
336014	"g__66-474"	1	1.0	1.25	0.0	0	36.0	0.9722	0.583	0.583	8	0.0	1	"336014:g__66-474:genus;275876:f__Rhodanobacteraceae:family;177469:o__Xanthomonadales:order;14526:c__Gammaproteobacteria:class;14525:p__Pseudomonadota:phylum;14524:d__Bacteria:superkingdom;1:root:no rank"
423046	"RS_GCF_015291645.1"	1	1.0	3.86	0.0	0.0	71.0	0.9577	0.704	0.718	43	0.0	1	"423046:RS_GCF_015291645.1:subspecies;423045:s__Bradyrhizobium sp015291645:species;227326:g__Bradyrhizobium:genus;227325:f__Xanthobacteraceae:family;161314:o__Rhizobiales:order;159315:c__Alphaproteobacteria:class;14525:p__Pseudomonadota:phylum;14524:d__Bacteria:superkingdom;1:root:no rank"
423045	"s__Bradyrhizobium sp015291645"	1	1.0	3.86	0.0	0.0	71.0	0.9577	0.704	0.718	43	0.0	1	"423045:s__Bradyrhizobium sp015291645:species;227326:g__Bradyrhizobium:genus;227325:f__Xanthobacteraceae:family;161314:o__Rhizobiales:order;159315:c__Alphaproteobacteria:class;14525:p__Pseudomonadota:phylum;14524:d__Bacteria:superkingdom;1:root:no rank"
444326	"RS_GCF_020523605.1"	1	1.0	1.97	0	0	44.0	0.9545	0.659	0.659	16	0.0	1	"444326:RS_GCF_020523605.1:subspecies;444325:s__Paracraurococcus sp020523605:species;394128:g__Paracraurococcus:genus;241022:f__Acetobacteraceae:family;241021:o__Acetobacterales:order;159315:c__Alphaproteobacteria:class;14525:p__Pseudomonadota:phylum;14524:d__Bacteria:superkingdom;1:root:no rank"
444325	"s__Paracraurococcus sp020523605"	1	1.0	1.97	0	0	44.0	0.9545	0.659	0.659	16	0.0	1	"444325:s__Paracraurococcus sp020523605:species;394128:g__Paracraurococcus:genus;241022:f__Acetobacteraceae:family;241021:o__Acetobacterales:order;159315:c__Alphaproteobacteria:class;14525:p__Pseudomonadota:phylum;14524:d__Bacteria:superkingdom;1:root:no rank"
472043	"GB_GCA_021847605.1"	1	1.02	2.7	0.0	0	75.0	0.9867	0.613	0.627	46	0.021	1	"472043:GB_GCA_021847605.1:subspecies;472042:s__Sphingobium sp021847605:species;240387:g__Sphingobium:genus;223508:f__Sphingomonadaceae:family;223507:o__Sphingomonadales:order;159315:c__Alphaproteobacteria:class;14525:p__Pseudomonadota:phylum;14524:d__Bacteria:superkingdom;1:root:no rank"
472042	"s__Sphingobium sp021847605"	1	1.02	2.7	0.0	0	75.0	0.9867	0.613	0.627	46	0.021	1	"472042:s__Sphingobium sp021847605:species;240387:g__Sphingobium:genus;223508:f__Sphingomonadaceae:family;223507:o__Sphingomonadales:order;159315:c__Alphaproteobacteria:class;14525:p__Pseudomonadota:phylum;14524:d__Bacteria:superkingdom;1:root:no rank"
269969	"g__Planktophila"	1	1.0	1.68	0	0	56.0	0.9911	0.446	0.438	28	0.0	2	"269969:g__Planktophila:genus;228808:f__Nanopelagicaceae:family;228807:o__Nanopelagicales:order;101056:c__Actinomycetia:class;101055:p__Actinomycetota:phylum;14524:d__Bacteria:superkingdom;1:root:no rank"
228808	"f__Nanopelagicaceae"	1	1.0	1.68	0	0	56.0	0.9911	0.446	0.438	28	0.0	2	"228808:f__Nanopelagicaceae:family;228807:o__Nanopelagicales:order;101056:c__Actinomycetia:class;101055:p__Actinomycetota:phylum;14524:d__Bacteria:superkingdom;1:root:no rank"
228807	"o__Nanopelagicales"	1	1.0	1.68	0	0	56.0	0.9911	0.446	0.438	28	0.0	2	"228807:o__Nanopelagicales:order;101056:c__Actinomycetia:class;101055:p__Actinomycetota:phylum;14524:d__Bacteria:superkingdom;1:root:no rank"
443148	"GB_GCA_002336985.1"	1	1.01	3.17	0.0	0.0	102.0	0.9706	0.686	0.686	73	0.014	1	"443148:GB_GCA_002336985.1:subspecies;443147:s__Sphingomonas_O sp002336985:species;443146:g__Sphingomonas_O:genus;223508:f__Sphingomonadaceae:family;223507:o__Sphingomonadales:order;159315:c__Alphaproteobacteria:class;14525:p__Pseudomonadota:phylum;14524:d__Bacteria:superkingdom;1:root:no rank"
443147	"s__Sphingomonas_O sp002336985"	1	1.01	3.17	0.0	0.0	102.0	0.9706	0.686	0.686	73	0.014	1	"443147:s__Sphingomonas_O sp002336985:species;443146:g__Sphingomonas_O:genus;223508:f__Sphingomonadaceae:family;223507:o__Sphingomonadales:order;159315:c__Alphaproteobacteria:class;14525:p__Pseudomonadota:phylum;14524:d__Bacteria:superkingdom;1:root:no rank"
443146	"g__Sphingomonas_O"	1	1.01	3.17	0.0	0.0	102.0	0.9706	0.686	0.686	73	0.014	1	"443146:g__Sphingomonas_O:genus;223508:f__Sphingomonadaceae:family;223507:o__Sphingomonadales:order;159315:c__Alphaproteobacteria:class;14525:p__Pseudomonadota:phylum;14524:d__Bacteria:superkingdom;1:root:no rank"
427463	"RS_GCF_016107325.1"	1	1.0	2.59	0.0	0	99.0	0.9899	0.545	0.556	71	0.0	1	"427463:RS_GCF_016107325.1:subspecies;427462:s__Sphingomonas sp016107325:species;223509:g__Sphingomonas:genus;223508:f__Sphingomonadaceae:family;223507:o__Sphingomonadales:order;159315:c__Alphaproteobacteria:class;14525:p__Pseudomonadota:phylum;14524:d__Bacteria:superkingdom;1:root:no rank"
427462	"s__Sphingomonas sp016107325"	1	1.0	2.59	0.0	0	99.0	0.9899	0.545	0.556	71	0.0	1	"427462:s__Sphingomonas sp016107325:species;223509:g__Sphingomonas:genus;223508:f__Sphingomonadaceae:family;223507:o__Sphingomonadales:order;159315:c__Alphaproteobacteria:class;14525:p__Pseudomonadota:phylum;14524:d__Bacteria:superkingdom;1:root:no rank"
128080	"RS_GCF_001729745.1"	1	1.0	3.17	0	0.0	87.0	0.954	0.621	0.598	59	0.0	1	"128080:RS_GCF_001729745.1:subspecies;127517:s__Enterobacter hormaechei_A:species;127516:g__Enterobacter:genus;14528:f__Enterobacteriaceae:family;14527:o__Enterobacterales:order;14526:c__Gammaproteobacteria:class;14525:p__Pseudomonadota:phylum;14524:d__Bacteria:superkingdom;1:root:no rank"
127517	"s__Enterobacter hormaechei_A"	1	1.0	3.17	0	0.0	87.0	0.954	0.621	0.598	59	0.0	1	"127517:s__Enterobacter hormaechei_A:species;127516:g__Enterobacter:genus;14528:f__Enterobacteriaceae:family;14527:o__Enterobacterales:order;14526:c__Gammaproteobacteria:class;14525:p__Pseudomonadota:phylum;14524:d__Bacteria:superkingdom;1:root:no rank"
262577	"RS_GCF_000008565.1"	1	1.0	2.27	0	0	88.0	0.9545	0.625	0.614	60	0.0	1	"262577:RS_GCF_000008565.1:subspecies;262571:s__Deinococcus radiodurans:species;257258:g__Deinococcus:genus;257257:f__Deinococcaceae:family;233595:o__Deinococcales:order;233594:c__Deinococci:class;233593:p__Deinococcota:phylum;14524:d__Bacteria:superkingdom;1:root:no rank"
262571	"s__Deinococcus radiodurans"	1	1.0	2.27	0	0	88.0	0.9545	0.625	0.614	60	0.0	1	"262571:s__Deinococcus radiodurans:species;257258:g__Deinococcus:genus;257257:f__Deinococcaceae:family;233595:o__Deinococcales:order;233594:c__Deinococci:class;233593:p__Deinococcota:phylum;14524:d__Bacteria:superkingdom;1:root:no rank"
322163	"RS_GCF_014836885.1"	1	1.0	1.9	0.0	0.0	38.0	1.0	0.711	0.711	10	0.0	1	"322163:RS_GCF_014836885.1:subspecies;322161:s__Brevibacterium gallinarum:species;246933:g__Brevibacterium:genus;246932:f__Brevibacteriaceae:family;171647:o__Actinomycetales:order;101056:c__Actinomycetia:class;101055:p__Actinomycetota:phylum;14524:d__Bacteria:superkingdom;1:root:no rank"
322161	"s__Brevibacterium gallinarum"	1	1.0	1.9	0.0	0.0	38.0	1.0	0.711	0.711	10	0.0	1	"322161:s__Brevibacterium gallinarum:species;246933:g__Brevibacterium:genus;246932:f__Brevibacteriaceae:family;171647:o__Actinomycetales:order;101056:c__Actinomycetia:class;101055:p__Actinomycetota:phylum;14524:d__Bacteria:superkingdom;1:root:no rank"
335849	"g__Daejeonella"	1	1.0	0.57	0	0	35.0	0.9714	0.514	0.543	7	0.0	2	"335849:g__Daejeonella:genus;235547:f__Sphingobacteriaceae:family;235546:o__Sphingobacteriales:order;173791:c__Bacteroidia:class;173790:p__Bacteroidota:phylum;14524:d__Bacteria:superkingdom;1:root:no rank"
376402	"RS_GCF_017565305.1"	1	1.0	1.96	0.0	0	36.0	1.0	0.639	0.639	8	0.0	1	"376402:RS_GCF_017565305.1:subspecies;376401:s__Leifsonia sp017565305:species;283543:g__Leifsonia:genus;219704:f__Microbacteriaceae:family;171647:o__Actinomycetales:order;101056:c__Actinomycetia:class;101055:p__Actinomycetota:phylum;14524:d__Bacteria:superkingdom;1:root:no rank"
376401	"s__Leifsonia sp017565305"	1	1.0	1.96	0.0	0	36.0	1.0	0.639	0.639	8	0.0	1	"376401:s__Leifsonia sp017565305:species;283543:g__Leifsonia:genus;219704:f__Microbacteriaceae:family;171647:o__Actinomycetales:order;101056:c__Actinomycetia:class;101055:p__Actinomycetota:phylum;14524:d__Bacteria:superkingdom;1:root:no rank"
428408	"RS_GCF_008843145.1"	1	1.0	1.3	0	0	62.0	0.9516	0.548	0.565	34	0.0	1	"428408:RS_GCF_008843145.1:subspecies;428407:s__Skermanella pratensis:species;367515:g__Skermanella:genus;259344:f__Azospirillaceae:family;259343:o__Azospirillales:order;159315:c__Alphaproteobacteria:class;14525:p__Pseudomonadota:phylum;14524:d__Bacteria:superkingdom;1:root:no rank"
428407	"s__Skermanella pratensis"	1	1.0	1.3	0	0	62.0	0.9516	0.548	0.565	34	0.0	1	"428407:s__Skermanella pratensis:species;367515:g__Skermanella:genus;259344:f__Azospirillaceae:family;259343:o__Azospirillales:order;159315:c__Alphaproteobacteria:class;14525:p__Pseudomonadota:phylum;14524:d__Bacteria:superkingdom;1:root:no rank"
252662	"RS_GCF_001894945.1"	1	1.0	2.22	0	0	48.0	0.9583	0.625	0.646	20	0.0	1	"252662:RS_GCF_001894945.1:subspecies;252651:s__Rhodococcus ruber:species;219099:g__Rhodococcus:genus;101058:f__Mycobacteriaceae:family;101057:o__Mycobacteriales:order;101056:c__Actinomycetia:class;101055:p__Actinomycetota:phylum;14524:d__Bacteria:superkingdom;1:root:no rank"
252651	"s__Rhodococcus ruber"	1	1.0	2.22	0	0	48.0	0.9583	0.625	0.646	20	0.0	1	"252651:s__Rhodococcus ruber:species;219099:g__Rhodococcus:genus;101058:f__Mycobacteriaceae:family;101057:o__Mycobacteriales:order;101056:c__Actinomycetia:class;101055:p__Actinomycetota:phylum;14524:d__Bacteria:superkingdom;1:root:no rank"
318822	"GB_GCA_005793215.1"	1	1.0	2.14	0.0	0	36.0	1.0	0.667	0.667	8	0.0	1	"318822:GB_GCA_005793215.1:subspecies;318820:s__F1-60-MAGs027 sp005793215:species;278049:g__F1-60-MAGs027:genus;265075:f__Ilumatobacteraceae:family;246208:o__Acidimicrobiales:order;245798:c__Acidimicrobiia:class;101055:p__Actinomycetota:phylum;14524:d__Bacteria:superkingdom;1:root:no rank"
318820	"s__F1-60-MAGs027 sp005793215"	1	1.0	2.14	0.0	0	36.0	1.0	0.667	0.667	8	0.0	1	"318820:s__F1-60-MAGs027 sp005793215:species;278049:g__F1-60-MAGs027:genus;265075:f__Ilumatobacteraceae:family;246208:o__Acidimicrobiales:order;245798:c__Acidimicrobiia:class;101055:p__Actinomycetota:phylum;14524:d__Bacteria:superkingdom;1:root:no rank"
278049	"g__F1-60-MAGs027"	1	1.0	2.14	0.0	0	36.0	1.0	0.667	0.667	8	0.0	1	"278049:g__F1-60-MAGs027:genus;265075:f__Ilumatobacteraceae:family;246208:o__Acidimicrobiales:order;245798:c__Acidimicrobiia:class;101055:p__Actinomycetota:phylum;14524:d__Bacteria:superkingdom;1:root:no rank"
389575	"RS_GCF_000261685.1"	1	1.0	2.22	0.0	0.0	64.0	0.9531	0.703	0.719	36	0.0	1	"389575:RS_GCF_000261685.1:subspecies;389574:s__Bradyrhizobium sp000261685:species;227326:g__Bradyrhizobium:genus;227325:f__Xanthobacteraceae:family;161314:o__Rhizobiales:order;159315:c__Alphaproteobacteria:class;14525:p__Pseudomonadota:phylum;14524:d__Bacteria:superkingdom;1:root:no rank"
389574	"s__Bradyrhizobium sp000261685"	1	1.0	2.22	0.0	0.0	64.0	0.9531	0.703	0.719	36	0.0	1	"389574:s__Bradyrhizobium sp000261685:species;227326:g__Bradyrhizobium:genus;227325:f__Xanthobacteraceae:family;161314:o__Rhizobiales:order;159315:c__Alphaproteobacteria:class;14525:p__Pseudomonadota:phylum;14524:d__Bacteria:superkingdom;1:root:no rank"
404194	"GB_GCA_017305915.1"	1	1.0	2.27	0	0	89.0	0.9551	0.663	0.64	61	0.0	1	"404194:GB_GCA_017305915.1:subspecies;404193:s__Reyranella sp017305915:species;326476:g__Reyranella:genus;326475:f__Reyranellaceae:family;326474:o__Reyranellales:order;159315:c__Alphaproteobacteria:class;14525:p__Pseudomonadota:phylum;14524:d__Bacteria:superkingdom;1:root:no rank"
404193	"s__Reyranella sp017305915"	1	1.0	2.27	0	0	89.0	0.9551	0.663	0.64	61	0.0	1	"404193:s__Reyranella sp017305915:species;326476:g__Reyranella:genus;326475:f__Reyranellaceae:family;326474:o__Reyranellales:order;159315:c__Alphaproteobacteria:class;14525:p__Pseudomonadota:phylum;14524:d__Bacteria:superkingdom;1:root:no rank"
482320	"GB_GCA_910822395.1"	1	1.0	2.78	0.0	0.0	49.0	1.0	0.735	0.735	21	0.0	1	"482320:GB_GCA_910822395.1:subspecies;482319:s__Pseudoclavibacter_B triregionum:species;348334:g__Pseudoclavibacter_B:genus;219704:f__Microbacteriaceae:family;171647:o__Actinomycetales:order;101056:c__Actinomycetia:class;101055:p__Actinomycetota:phylum;14524:d__Bacteria:superkingdom;1:root:no rank"
482319	"s__Pseudoclavibacter_B triregionum"	1	1.0	2.78	0.0	0.0	49.0	1.0	0.735	0.735	21	0.0	1	"482319:s__Pseudoclavibacter_B triregionum:species;348334:g__Pseudoclavibacter_B:genus;219704:f__Microbacteriaceae:family;171647:o__Actinomycetales:order;101056:c__Actinomycetia:class;101055:p__Actinomycetota:phylum;14524:d__Bacteria:superkingdom;1:root:no rank"
348334	"g__Pseudoclavibacter_B"	1	1.0	2.78	0.0	0.0	49.0	1.0	0.735	0.735	21	0.0	1	"348334:g__Pseudoclavibacter_B:genus;219704:f__Microbacteriaceae:family;171647:o__Actinomycetales:order;101056:c__Actinomycetia:class;101055:p__Actinomycetota:phylum;14524:d__Bacteria:superkingdom;1:root:no rank"
432556	"RS_GCF_018449695.1"	1	1.0	2.08	0	0	35.0	0.9714	0.514	0.543	7	0.0	1	"432556:RS_GCF_018449695.1:subspecies;432555:s__Bradyrhizobium sp018449695:species;227326:g__Bradyrhizobium:genus;227325:f__Xanthobacteraceae:family;161314:o__Rhizobiales:order;159315:c__Alphaproteobacteria:class;14525:p__Pseudomonadota:phylum;14524:d__Bacteria:superkingdom;1:root:no rank"
432555	"s__Bradyrhizobium sp018449695"	1	1.0	2.08	0	0	35.0	0.9714	0.514	0.543	7	0.0	1	"432555:s__Bradyrhizobium sp018449695:species;227326:g__Bradyrhizobium:genus;227325:f__Xanthobacteraceae:family;161314:o__Rhizobiales:order;159315:c__Alphaproteobacteria:class;14525:p__Pseudomonadota:phylum;14524:d__Bacteria:superkingdom;1:root:no rank"
246814	"g__Alcaligenes"	1	1.0	1.28	0.0	0	40.0	0.9875	0.425	0.425	12	0.0	2	"246814:g__Alcaligenes:genus;158177:f__Burkholderiaceae_C:family;137197:o__Burkholderiales:order;14526:c__Gammaproteobacteria:class;14525:p__Pseudomonadota:phylum;14524:d__Bacteria:superkingdom;1:root:no rank"
309524	"RS_GCF_904066215.1"	1	1.0	3.57	0.0	0	36.0	1.0	0.722	0.722	8	0.0	1	"309524:RS_GCF_904066215.1:subspecies;309523:s__Microbacterium sp002456035:species;260237:g__Microbacterium:genus;219704:f__Microbacteriaceae:family;171647:o__Actinomycetales:order;101056:c__Actinomycetia:class;101055:p__Actinomycetota:phylum;14524:d__Bacteria:superkingdom;1:root:no rank"
309523	"s__Microbacterium sp002456035"	1	1.0	3.57	0.0	0	36.0	1.0	0.722	0.722	8	0.0	1	"309523:s__Microbacterium sp002456035:species;260237:g__Microbacterium:genus;219704:f__Microbacteriaceae:family;171647:o__Actinomycetales:order;101056:c__Actinomycetia:class;101055:p__Actinomycetota:phylum;14524:d__Bacteria:superkingdom;1:root:no rank"
249269	"RS_GCF_001570865.1"	1	1.0	3.28	0.0	0.0	65.0	1.0	0.785	0.785	37	0.0	1	"249269:RS_GCF_001570865.1:subspecies;249266:s__Rothia kristinae:species;227389:g__Rothia:genus;187121:f__Micrococcaceae:family;171647:o__Actinomycetales:order;101056:c__Actinomycetia:class;101055:p__Actinomycetota:phylum;14524:d__Bacteria:superkingdom;1:root:no rank"
249266	"s__Rothia kristinae"	1	1.0	3.28	0.0	0.0	65.0	1.0	0.785	0.785	37	0.0	1	"249266:s__Rothia kristinae:species;227389:g__Rothia:genus;187121:f__Micrococcaceae:family;171647:o__Actinomycetales:order;101056:c__Actinomycetia:class;101055:p__Actinomycetota:phylum;14524:d__Bacteria:superkingdom;1:root:no rank"
509215	"GB_GCA_016771945.1"	1	1.0	1.81	0	0	60.0	1.0	0.65	0.65	32	0.0	1	"509215:GB_GCA_016771945.1:subspecies;509214:s__Leucobacter sulfamidivorax:species;284287:g__Leucobacter:genus;219704:f__Microbacteriaceae:family;171647:o__Actinomycetales:order;101056:c__Actinomycetia:class;101055:p__Actinomycetota:phylum;14524:d__Bacteria:superkingdom;1:root:no rank"
509214	"s__Leucobacter sulfamidivorax"	1	1.0	1.81	0	0	60.0	1.0	0.65	0.65	32	0.0	1	"509214:s__Leucobacter sulfamidivorax:species;284287:g__Leucobacter:genus;219704:f__Microbacteriaceae:family;171647:o__Actinomycetales:order;101056:c__Actinomycetia:class;101055:p__Actinomycetota:phylum;14524:d__Bacteria:superkingdom;1:root:no rank"
445072	"RS_GCF_003418935.1"	1	1.0	1.7	0	0	35.0	0.9714	0.371	0.4	7	0.0	1	"445072:RS_GCF_003418935.1:subspecies;445071:s__Emticicia sp003418935:species;336669:g__Emticicia:genus;275037:f__Spirosomaceae:family;268144:o__Cytophagales:order;173791:c__Bacteroidia:class;173790:p__Bacteroidota:phylum;14524:d__Bacteria:superkingdom;1:root:no rank"
445071	"s__Emticicia sp003418935"	1	1.0	1.7	0	0	35.0	0.9714	0.371	0.4	7	0.0	1	"445071:s__Emticicia sp003418935:species;336669:g__Emticicia:genus;275037:f__Spirosomaceae:family;268144:o__Cytophagales:order;173791:c__Bacteroidia:class;173790:p__Bacteroidota:phylum;14524:d__Bacteria:superkingdom;1:root:no rank"
213131	"g__Pectobacterium"	1	1.0	1.59	0	0	43.0	0.9581	0.558	0.53	15	0.0	10	"213131:g__Pectobacterium:genus;14528:f__Enterobacteriaceae:family;14527:o__Enterobacterales:order;14526:c__Gammaproteobacteria:class;14525:p__Pseudomonadota:phylum;14524:d__Bacteria:superkingdom;1:root:no rank"
274379	"RS_GCF_011612265.2"	1	1.0	1.43	0	0	69.0	0.971	0.623	0.623	41	0.0	1	"274379:RS_GCF_011612265.2:subspecies;274373:s__Corynebacterium matruchotii:species;175271:g__Corynebacterium:genus;101058:f__Mycobacteriaceae:family;101057:o__Mycobacteriales:order;101056:c__Actinomycetia:class;101055:p__Actinomycetota:phylum;14524:d__Bacteria:superkingdom;1:root:no rank"
274373	"s__Corynebacterium matruchotii"	1	1.0	1.43	0	0	69.0	0.971	0.623	0.623	41	0.0	1	"274373:s__Corynebacterium matruchotii:species;175271:g__Corynebacterium:genus;101058:f__Mycobacteriaceae:family;101057:o__Mycobacteriales:order;101056:c__Actinomycetia:class;101055:p__Actinomycetota:phylum;14524:d__Bacteria:superkingdom;1:root:no rank"
434764	"RS_GCF_002927275.1"	1	1.0	2.42	0	0.0	34.0	0.9706	0.588	0.618	6	0.0	1	"434764:RS_GCF_002927275.1:subspecies;434763:s__Arthrobacter_D pityocampae:species;326109:g__Arthrobacter_D:genus;187121:f__Micrococcaceae:family;171647:o__Actinomycetales:order;101056:c__Actinomycetia:class;101055:p__Actinomycetota:phylum;14524:d__Bacteria:superkingdom;1:root:no rank"
434763	"s__Arthrobacter_D pityocampae"	1	1.0	2.42	0	0.0	34.0	0.9706	0.588	0.618	6	0.0	1	"434763:s__Arthrobacter_D pityocampae:species;326109:g__Arthrobacter_D:genus;187121:f__Micrococcaceae:family;171647:o__Actinomycetales:order;101056:c__Actinomycetia:class;101055:p__Actinomycetota:phylum;14524:d__Bacteria:superkingdom;1:root:no rank"
488734	"GB_GCA_021151805.1"	1	1.0	1.08	0	0	33.0	0.9697	0.455	0.485	5	0.0	1	"488734:GB_GCA_021151805.1:subspecies;488733:s__Cytophaga sp021151805:species;379195:g__Cytophaga:genus;379194:f__Cytophagaceae:family;268144:o__Cytophagales:order;173791:c__Bacteroidia:class;173790:p__Bacteroidota:phylum;14524:d__Bacteria:superkingdom;1:root:no rank"
488733	"s__Cytophaga sp021151805"	1	1.0	1.08	0	0	33.0	0.9697	0.455	0.485	5	0.0	1	"488733:s__Cytophaga sp021151805:species;379195:g__Cytophaga:genus;379194:f__Cytophagaceae:family;268144:o__Cytophagales:order;173791:c__Bacteroidia:class;173790:p__Bacteroidota:phylum;14524:d__Bacteria:superkingdom;1:root:no rank"
437407	"GB_GCA_018971195.1"	1	1.0	1.75	0	0.0	58.0	0.9655	0.707	0.707	30	0.0	1	"437407:GB_GCA_018971195.1:subspecies;437406:s__VBCG01 sp018971195:species;342234:g__VBCG01:genus;279005:f__Casimicrobiaceae:family;137197:o__Burkholderiales:order;14526:c__Gammaproteobacteria:class;14525:p__Pseudomonadota:phylum;14524:d__Bacteria:superkingdom;1:root:no rank"
437406	"s__VBCG01 sp018971195"	1	1.0	1.75	0	0.0	58.0	0.9655	0.707	0.707	30	0.0	1	"437406:s__VBCG01 sp018971195:species;342234:g__VBCG01:genus;279005:f__Casimicrobiaceae:family;137197:o__Burkholderiales:order;14526:c__Gammaproteobacteria:class;14525:p__Pseudomonadota:phylum;14524:d__Bacteria:superkingdom;1:root:no rank"
342234	"g__VBCG01"	1	1.0	1.75	0	0.0	58.0	0.9655	0.707	0.707	30	0.0	1	"342234:g__VBCG01:genus;279005:f__Casimicrobiaceae:family;137197:o__Burkholderiales:order;14526:c__Gammaproteobacteria:class;14525:p__Pseudomonadota:phylum;14524:d__Bacteria:superkingdom;1:root:no rank"
279005	"f__Casimicrobiaceae"	1	1.0	1.75	0	0.0	58.0	0.9655	0.707	0.707	30	0.0	1	"279005:f__Casimicrobiaceae:family;137197:o__Burkholderiales:order;14526:c__Gammaproteobacteria:class;14525:p__Pseudomonadota:phylum;14524:d__Bacteria:superkingdom;1:root:no rank"
376350	"RS_GCF_002217355.1"	1	1.0	9.11	0	0	31.0	1.0	0.097	0.097	3	0.0	1	"376350:RS_GCF_002217355.1:subspecies;376348:s__Flavobacterium oncorhynchi:species;190478:g__Flavobacterium:genus;190477:f__Flavobacteriaceae:family;190476:o__Flavobacteriales:order;173791:c__Bacteroidia:class;173790:p__Bacteroidota:phylum;14524:d__Bacteria:superkingdom;1:root:no rank"
376348	"s__Flavobacterium oncorhynchi"	1	1.0	9.11	0	0	31.0	1.0	0.097	0.097	3	0.0	1	"376348:s__Flavobacterium oncorhynchi:species;190478:g__Flavobacterium:genus;190477:f__Flavobacteriaceae:family;190476:o__Flavobacteriales:order;173791:c__Bacteroidia:class;173790:p__Bacteroidota:phylum;14524:d__Bacteria:superkingdom;1:root:no rank"
392274	"RS_GCF_000764655.1"	1	1.0	1.48	0.0	0	41.0	1.0	0.39	0.39	13	0.0	1	"392274:RS_GCF_000764655.1:subspecies;392273:s__Aeromonas aquatica:species;197356:g__Aeromonas:genus;197355:f__Aeromonadaceae:family;145555:o__Enterobacterales_A:order;14526:c__Gammaproteobacteria:class;14525:p__Pseudomonadota:phylum;14524:d__Bacteria:superkingdom;1:root:no rank"
392273	"s__Aeromonas aquatica"	1	1.0	1.48	0.0	0	41.0	1.0	0.39	0.39	13	0.0	1	"392273:s__Aeromonas aquatica:species;197356:g__Aeromonas:genus;197355:f__Aeromonadaceae:family;145555:o__Enterobacterales_A:order;14526:c__Gammaproteobacteria:class;14525:p__Pseudomonadota:phylum;14524:d__Bacteria:superkingdom;1:root:no rank"
502973	"GB_GCA_022843905.1"	1	1.0	2.26	0	0	59.0	1.0	0.627	0.627	31	0.0	1	"502973:GB_GCA_022843905.1:subspecies;502972:s__Rubrivivax sp022843905:species;275277:g__Rubrivivax:genus;233990:f__Burkholderiaceae_B:family;137197:o__Burkholderiales:order;14526:c__Gammaproteobacteria:class;14525:p__Pseudomonadota:phylum;14524:d__Bacteria:superkingdom;1:root:no rank"
502972	"s__Rubrivivax sp022843905"	1	1.0	2.26	0	0	59.0	1.0	0.627	0.627	31	0.0	1	"502972:s__Rubrivivax sp022843905:species;275277:g__Rubrivivax:genus;233990:f__Burkholderiaceae_B:family;137197:o__Burkholderiales:order;14526:c__Gammaproteobacteria:class;14525:p__Pseudomonadota:phylum;14524:d__Bacteria:superkingdom;1:root:no rank"
453843	"RS_GCF_000418555.1"	1	1.0	2.01	0	0	46.0	0.9565	0.652	0.696	18	0.0	1	"453843:RS_GCF_000418555.1:subspecies;453842:s__Pseudomonas_E sp000418555:species;154229:g__Pseudomonas_E:genus;108194:f__Pseudomonadaceae:family;108193:o__Pseudomonadales:order;14526:c__Gammaproteobacteria:class;14525:p__Pseudomonadota:phylum;14524:d__Bacteria:superkingdom;1:root:no rank"
453842	"s__Pseudomonas_E sp000418555"	1	1.0	2.01	0	0	46.0	0.9565	0.652	0.696	18	0.0	1	"453842:s__Pseudomonas_E sp000418555:species;154229:g__Pseudomonas_E:genus;108194:f__Pseudomonadaceae:family;108193:o__Pseudomonadales:order;14526:c__Gammaproteobacteria:class;14525:p__Pseudomonadota:phylum;14524:d__Bacteria:superkingdom;1:root:no rank"
323796	"GB_GCA_000799755.1"	1	1.0	1.8	0	0	70.0	1.0	0.486	0.486	42	0.0	1	"323796:GB_GCA_000799755.1:subspecies;323792:s__Rhizobium tropici_A:species;201001:g__Rhizobium:genus;161315:f__Rhizobiaceae:family;161314:o__Rhizobiales:order;159315:c__Alphaproteobacteria:class;14525:p__Pseudomonadota:phylum;14524:d__Bacteria:superkingdom;1:root:no rank"
323792	"s__Rhizobium tropici_A"	1	1.0	1.8	0	0	70.0	1.0	0.486	0.486	42	0.0	1	"323792:s__Rhizobium tropici_A:species;201001:g__Rhizobium:genus;161315:f__Rhizobiaceae:family;161314:o__Rhizobiales:order;159315:c__Alphaproteobacteria:class;14525:p__Pseudomonadota:phylum;14524:d__Bacteria:superkingdom;1:root:no rank"
363222	"RS_GCF_001238275.1"	1	1.0	2.96	0.0	0.0	115.0	0.9652	0.591	0.6	87	0.0	1	"363222:RS_GCF_001238275.1:subspecies;363221:s__Bradyrhizobium viridifuturi:species;227326:g__Bradyrhizobium:genus;227325:f__Xanthobacteraceae:family;161314:o__Rhizobiales:order;159315:c__Alphaproteobacteria:class;14525:p__Pseudomonadota:phylum;14524:d__Bacteria:superkingdom;1:root:no rank"
363221	"s__Bradyrhizobium viridifuturi"	1	1.0	2.96	0.0	0.0	115.0	0.9652	0.591	0.6	87	0.0	1	"363221:s__Bradyrhizobium viridifuturi:species;227326:g__Bradyrhizobium:genus;227325:f__Xanthobacteraceae:family;161314:o__Rhizobiales:order;159315:c__Alphaproteobacteria:class;14525:p__Pseudomonadota:phylum;14524:d__Bacteria:superkingdom;1:root:no rank"
307490	"RS_GCF_014635205.1"	1	1.0	1.23	0	0.0	31.0	0.9677	0.29	0.323	3	0.0	1	"307490:RS_GCF_014635205.1:subspecies;307486:s__Jeotgalicoccus aerolatus:species;307485:g__Jeotgalicoccus:genus;288480:f__Salinicoccaceae:family;63359:o__Staphylococcales:order;63358:c__Bacilli:class;63357:p__Bacillota:phylum;14524:d__Bacteria:superkingdom;1:root:no rank"
307486	"s__Jeotgalicoccus aerolatus"	1	1.0	1.23	0	0.0	31.0	0.9677	0.29	0.323	3	0.0	1	"307486:s__Jeotgalicoccus aerolatus:species;307485:g__Jeotgalicoccus:genus;288480:f__Salinicoccaceae:family;63359:o__Staphylococcales:order;63358:c__Bacilli:class;63357:p__Bacillota:phylum;14524:d__Bacteria:superkingdom;1:root:no rank"
307485	"g__Jeotgalicoccus"	1	1.0	1.23	0	0.0	31.0	0.9677	0.29	0.323	3	0.0	1	"307485:g__Jeotgalicoccus:genus;288480:f__Salinicoccaceae:family;63359:o__Staphylococcales:order;63358:c__Bacilli:class;63357:p__Bacillota:phylum;14524:d__Bacteria:superkingdom;1:root:no rank"
487327	"GB_GCA_943912835.1"	1	1.0	2.64	0	0	108.0	0.9815	0.463	0.454	80	0.0	1	"487327:GB_GCA_943912835.1:subspecies;487326:s__Porphyromonas sp943912835:species;218300:g__Porphyromonas:genus;218299:f__Porphyromonadaceae:family;173792:o__Bacteroidales:order;173791:c__Bacteroidia:class;173790:p__Bacteroidota:phylum;14524:d__Bacteria:superkingdom;1:root:no rank"
487326	"s__Porphyromonas sp943912835"	1	1.0	2.64	0	0	108.0	0.9815	0.463	0.454	80	0.0	1	"487326:s__Porphyromonas sp943912835:species;218300:g__Porphyromonas:genus;218299:f__Porphyromonadaceae:family;173792:o__Bacteroidales:order;173791:c__Bacteroidia:class;173790:p__Bacteroidota:phylum;14524:d__Bacteria:superkingdom;1:root:no rank"
262313	"GB_GCA_022631215.1"	1	1.0	2.49	0	0	95.0	1.0	0.632	0.632	67	0.0	1	"262313:GB_GCA_022631215.1:subspecies;262310:s__Ralstonia sp001078575:species;199302:g__Ralstonia:genus;147451:f__Burkholderiaceae:family;137197:o__Burkholderiales:order;14526:c__Gammaproteobacteria:class;14525:p__Pseudomonadota:phylum;14524:d__Bacteria:superkingdom;1:root:no rank"
262310	"s__Ralstonia sp001078575"	1	1.0	2.49	0	0	95.0	1.0	0.632	0.632	67	0.0	1	"262310:s__Ralstonia sp001078575:species;199302:g__Ralstonia:genus;147451:f__Burkholderiaceae:family;137197:o__Burkholderiales:order;14526:c__Gammaproteobacteria:class;14525:p__Pseudomonadota:phylum;14524:d__Bacteria:superkingdom;1:root:no rank"
344326	"RS_GCF_004127215.1"	1	1.0	2.31	0	0	56.0	0.9732	0.589	0.562	28	0.0	2	"344326:RS_GCF_004127215.1:subspecies;344323:s__Streptococcus oralis_BD:species;92158:g__Streptococcus:genus;92157:f__Streptococcaceae:family;92156:o__Lactobacillales:order;63358:c__Bacilli:class;63357:p__Bacillota:phylum;14524:d__Bacteria:superkingdom;1:root:no rank"
344323	"s__Streptococcus oralis_BD"	1	1.0	2.31	0	0	56.0	0.9732	0.589	0.562	28	0.0	2	"344323:s__Streptococcus oralis_BD:species;92158:g__Streptococcus:genus;92157:f__Streptococcaceae:family;92156:o__Lactobacillales:order;63358:c__Bacilli:class;63357:p__Bacillota:phylum;14524:d__Bacteria:superkingdom;1:root:no rank"
384932	"RS_GCF_016806065.1"	1	1.0	1.72	0.0	0	33.0	0.9697	0.697	0.727	5	0.0	1	"384932:RS_GCF_016806065.1:subspecies;384931:s__Allorhizobium sp001724035:species;244385:g__Allorhizobium:genus;161315:f__Rhizobiaceae:family;161314:o__Rhizobiales:order;159315:c__Alphaproteobacteria:class;14525:p__Pseudomonadota:phylum;14524:d__Bacteria:superkingdom;1:root:no rank"
384931	"s__Allorhizobium sp001724035"	1	1.0	1.72	0.0	0	33.0	0.9697	0.697	0.727	5	0.0	1	"384931:s__Allorhizobium sp001724035:species;244385:g__Allorhizobium:genus;161315:f__Rhizobiaceae:family;161314:o__Rhizobiales:order;159315:c__Alphaproteobacteria:class;14525:p__Pseudomonadota:phylum;14524:d__Bacteria:superkingdom;1:root:no rank"
244569	"RS_GCF_007858255.1"	1	1.0	2.06	0	0.0	104.0	0.9519	0.558	0.558	76	0.0	1	"244569:RS_GCF_007858255.1:subspecies;244551:s__Pseudomonas_E rhodesiae:species;154229:g__Pseudomonas_E:genus;108194:f__Pseudomonadaceae:family;108193:o__Pseudomonadales:order;14526:c__Gammaproteobacteria:class;14525:p__Pseudomonadota:phylum;14524:d__Bacteria:superkingdom;1:root:no rank"
244551	"s__Pseudomonas_E rhodesiae"	1	1.0	2.06	0	0.0	104.0	0.9519	0.558	0.558	76	0.0	1	"244551:s__Pseudomonas_E rhodesiae:species;154229:g__Pseudomonas_E:genus;108194:f__Pseudomonadaceae:family;108193:o__Pseudomonadales:order;14526:c__Gammaproteobacteria:class;14525:p__Pseudomonadota:phylum;14524:d__Bacteria:superkingdom;1:root:no rank"
361659	"RS_GCF_012396485.1"	1	1.0	1.85	0.0	0	40.0	1.0	0.3	0.3	12	0.0	1	"361659:RS_GCF_012396485.1:subspecies;361658:s__Leuconostoc holzapfelii:species;208734:g__Leuconostoc:genus;165659:f__Lactobacillaceae:family;92156:o__Lactobacillales:order;63358:c__Bacilli:class;63357:p__Bacillota:phylum;14524:d__Bacteria:superkingdom;1:root:no rank"
361658	"s__Leuconostoc holzapfelii"	1	1.0	1.85	0.0	0	40.0	1.0	0.3	0.3	12	0.0	1	"361658:s__Leuconostoc holzapfelii:species;208734:g__Leuconostoc:genus;165659:f__Lactobacillaceae:family;92156:o__Lactobacillales:order;63358:c__Bacilli:class;63357:p__Bacillota:phylum;14524:d__Bacteria:superkingdom;1:root:no rank"
427279	"RS_GCF_002940685.1"	1	1.0	1.85	0.0	0	64.0	0.9531	0.641	0.672	36	0.0	1	"427279:RS_GCF_002940685.1:subspecies;427278:s__Ensifer adhaerens_E:species;237451:g__Ensifer:genus;161315:f__Rhizobiaceae:family;161314:o__Rhizobiales:order;159315:c__Alphaproteobacteria:class;14525:p__Pseudomonadota:phylum;14524:d__Bacteria:superkingdom;1:root:no rank"
427278	"s__Ensifer adhaerens_E"	1	1.0	1.85	0.0	0	64.0	0.9531	0.641	0.672	36	0.0	1	"427278:s__Ensifer adhaerens_E:species;237451:g__Ensifer:genus;161315:f__Rhizobiaceae:family;161314:o__Rhizobiales:order;159315:c__Alphaproteobacteria:class;14525:p__Pseudomonadota:phylum;14524:d__Bacteria:superkingdom;1:root:no rank"
515050	"RS_GCF_900163655.1"	1	1.0	2.33	0.0	0	72.0	0.9722	0.639	0.667	44	0.0	1	"515050:RS_GCF_900163655.1:subspecies;515049:s__Brachybacterium nesterenkovii:species;278062:g__Brachybacterium:genus;256206:f__Dermabacteraceae:family;171647:o__Actinomycetales:order;101056:c__Actinomycetia:class;101055:p__Actinomycetota:phylum;14524:d__Bacteria:superkingdom;1:root:no rank"
515049	"s__Brachybacterium nesterenkovii"	1	1.0	2.33	0.0	0	72.0	0.9722	0.639	0.667	44	0.0	1	"515049:s__Brachybacterium nesterenkovii:species;278062:g__Brachybacterium:genus;256206:f__Dermabacteraceae:family;171647:o__Actinomycetales:order;101056:c__Actinomycetia:class;101055:p__Actinomycetota:phylum;14524:d__Bacteria:superkingdom;1:root:no rank"
434047	"GB_GCA_913776255.1"	1	1.0	1.96	0.0	0.0	54.0	0.963	0.667	0.704	26	0.0	1	"434047:GB_GCA_913776255.1:subspecies;434046:s__Sphingomonas sp913776255:species;223509:g__Sphingomonas:genus;223508:f__Sphingomonadaceae:family;223507:o__Sphingomonadales:order;159315:c__Alphaproteobacteria:class;14525:p__Pseudomonadota:phylum;14524:d__Bacteria:superkingdom;1:root:no rank"
434046	"s__Sphingomonas sp913776255"	1	1.0	1.96	0.0	0.0	54.0	0.963	0.667	0.704	26	0.0	1	"434046:s__Sphingomonas sp913776255:species;223509:g__Sphingomonas:genus;223508:f__Sphingomonadaceae:family;223507:o__Sphingomonadales:order;159315:c__Alphaproteobacteria:class;14525:p__Pseudomonadota:phylum;14524:d__Bacteria:superkingdom;1:root:no rank"
319772	"GB_GCA_018376445.1"	1	1.0	1.15	0	0	32.0	1.0	0.625	0.625	4	0.0	1	"319772:GB_GCA_018376445.1:subspecies;319771:s__Lawsonella sp018376445:species;319770:g__Lawsonella:genus;101058:f__Mycobacteriaceae:family;101057:o__Mycobacteriales:order;101056:c__Actinomycetia:class;101055:p__Actinomycetota:phylum;14524:d__Bacteria:superkingdom;1:root:no rank"
319771	"s__Lawsonella sp018376445"	1	1.0	1.15	0	0	32.0	1.0	0.625	0.625	4	0.0	1	"319771:s__Lawsonella sp018376445:species;319770:g__Lawsonella:genus;101058:f__Mycobacteriaceae:family;101057:o__Mycobacteriales:order;101056:c__Actinomycetia:class;101055:p__Actinomycetota:phylum;14524:d__Bacteria:superkingdom;1:root:no rank"
312023	"RS_GCF_001570485.1"	1	1.0	2.57	0	0.0	50.0	0.96	0.64	0.66	22	0.0	1	"312023:RS_GCF_001570485.1:subspecies;312021:s__Mycobacterium novocastrense:species;101059:g__Mycobacterium:genus;101058:f__Mycobacteriaceae:family;101057:o__Mycobacteriales:order;101056:c__Actinomycetia:class;101055:p__Actinomycetota:phylum;14524:d__Bacteria:superkingdom;1:root:no rank"
312021	"s__Mycobacterium novocastrense"	1	1.0	2.57	0	0.0	50.0	0.96	0.64	0.66	22	0.0	1	"312021:s__Mycobacterium novocastrense:species;101059:g__Mycobacterium:genus;101058:f__Mycobacteriaceae:family;101057:o__Mycobacteriales:order;101056:c__Actinomycetia:class;101055:p__Actinomycetota:phylum;14524:d__Bacteria:superkingdom;1:root:no rank"
332223	"RS_GCF_003938605.1"	1	1.0	1.92	0.0	0	47.0	1.0	0.66	0.66	19	0.0	1	"332223:RS_GCF_003938605.1:subspecies;332221:s__Brevundimonas sp003938605:species;256529:g__Brevundimonas:genus;231993:f__Caulobacteraceae:family;231992:o__Caulobacterales:order;159315:c__Alphaproteobacteria:class;14525:p__Pseudomonadota:phylum;14524:d__Bacteria:superkingdom;1:root:no rank"
332221	"s__Brevundimonas sp003938605"	1	1.0	1.92	0.0	0	47.0	1.0	0.66	0.66	19	0.0	1	"332221:s__Brevundimonas sp003938605:species;256529:g__Brevundimonas:genus;231993:f__Caulobacteraceae:family;231992:o__Caulobacterales:order;159315:c__Alphaproteobacteria:class;14525:p__Pseudomonadota:phylum;14524:d__Bacteria:superkingdom;1:root:no rank"
358534	"GB_GCA_019118275.1"	1	1.0	2.32	0.0	0	55.0	0.9818	0.655	0.636	27	0.0	1	"358534:GB_GCA_019118275.1:subspecies;358532:s__Brachybacterium merdavium:species;278062:g__Brachybacterium:genus;256206:f__Dermabacteraceae:family;171647:o__Actinomycetales:order;101056:c__Actinomycetia:class;101055:p__Actinomycetota:phylum;14524:d__Bacteria:superkingdom;1:root:no rank"
358532	"s__Brachybacterium merdavium"	1	1.0	2.32	0.0	0	55.0	0.9818	0.655	0.636	27	0.0	1	"358532:s__Brachybacterium merdavium:species;278062:g__Brachybacterium:genus;256206:f__Dermabacteraceae:family;171647:o__Actinomycetales:order;101056:c__Actinomycetia:class;101055:p__Actinomycetota:phylum;14524:d__Bacteria:superkingdom;1:root:no rank"
492513	"GB_GCA_020051175.1"	1	1.0	1.41	0.0	0.0	42.0	1.0	0.452	0.452	14	0.0	1	"492513:GB_GCA_020051175.1:subspecies;492512:s__2-12-FULL-35-15 sp020051175:species;288664:g__2-12-FULL-35-15:genus;288663:f__2-12-FULL-35-15:family;283488:o__AKYH767:order;173791:c__Bacteroidia:class;173790:p__Bacteroidota:phylum;14524:d__Bacteria:superkingdom;1:root:no rank"
492512	"s__2-12-FULL-35-15 sp020051175"	1	1.0	1.41	0.0	0.0	42.0	1.0	0.452	0.452	14	0.0	1	"492512:s__2-12-FULL-35-15 sp020051175:species;288664:g__2-12-FULL-35-15:genus;288663:f__2-12-FULL-35-15:family;283488:o__AKYH767:order;173791:c__Bacteroidia:class;173790:p__Bacteroidota:phylum;14524:d__Bacteria:superkingdom;1:root:no rank"
289966	"GB_GCA_014190055.1"	1	1.0	1.8	0.0	0.0	73.0	1.0	0.589	0.589	45	0.0	1	"289966:GB_GCA_014190055.1:subspecies;289962:s__BACL27 sp014190055:species;289961:g__BACL27:genus;265075:f__Ilumatobacteraceae:family;246208:o__Acidimicrobiales:order;245798:c__Acidimicrobiia:class;101055:p__Actinomycetota:phylum;14524:d__Bacteria:superkingdom;1:root:no rank"
289962	"s__BACL27 sp014190055"	1	1.0	1.8	0.0	0.0	73.0	1.0	0.589	0.589	45	0.0	1	"289962:s__BACL27 sp014190055:species;289961:g__BACL27:genus;265075:f__Ilumatobacteraceae:family;246208:o__Acidimicrobiales:order;245798:c__Acidimicrobiia:class;101055:p__Actinomycetota:phylum;14524:d__Bacteria:superkingdom;1:root:no rank"
289961	"g__BACL27"	1	1.0	1.8	0.0	0.0	73.0	1.0	0.589	0.589	45	0.0	1	"289961:g__BACL27:genus;265075:f__Ilumatobacteraceae:family;246208:o__Acidimicrobiales:order;245798:c__Acidimicrobiia:class;101055:p__Actinomycetota:phylum;14524:d__Bacteria:superkingdom;1:root:no rank"
256996	"RS_GCF_001598375.1"	1	1.0	4.17	0.0	0	35.0	0.9714	0.743	0.771	7	0.0	1	"256996:RS_GCF_001598375.1:subspecies;256978:s__Novosphingobium capsulatum:species;256977:g__Novosphingobium:genus;223508:f__Sphingomonadaceae:family;223507:o__Sphingomonadales:order;159315:c__Alphaproteobacteria:class;14525:p__Pseudomonadota:phylum;14524:d__Bacteria:superkingdom;1:root:no rank"
256978	"s__Novosphingobium capsulatum"	1	1.0	4.17	0.0	0	35.0	0.9714	0.743	0.771	7	0.0	1	"256978:s__Novosphingobium capsulatum:species;256977:g__Novosphingobium:genus;223508:f__Sphingomonadaceae:family;223507:o__Sphingomonadales:order;159315:c__Alphaproteobacteria:class;14525:p__Pseudomonadota:phylum;14524:d__Bacteria:superkingdom;1:root:no rank"
284342	"GB_GCA_913774625.1"	1	1.0	1.01	0	0	34.0	0.9706	0.647	0.647	6	0.0	1	"284342:GB_GCA_913774625.1:subspecies;284340:s__Acidovorax_A sp913774625:species;259839:g__Acidovorax_A:genus;233990:f__Burkholderiaceae_B:family;137197:o__Burkholderiales:order;14526:c__Gammaproteobacteria:class;14525:p__Pseudomonadota:phylum;14524:d__Bacteria:superkingdom;1:root:no rank"
284340	"s__Acidovorax_A sp913774625"	1	1.0	1.01	0	0	34.0	0.9706	0.647	0.647	6	0.0	1	"284340:s__Acidovorax_A sp913774625:species;259839:g__Acidovorax_A:genus;233990:f__Burkholderiaceae_B:family;137197:o__Burkholderiales:order;14526:c__Gammaproteobacteria:class;14525:p__Pseudomonadota:phylum;14524:d__Bacteria:superkingdom;1:root:no rank"
512934	"GB_GCA_022841745.1"	1	1.0	1.59	0	0	93.0	0.957	0.591	0.634	65	0.0	1	"512934:GB_GCA_022841745.1:subspecies;512933:s__UBA6168 sp022841745:species;307079:g__UBA6168:genus;262290:f__Saprospiraceae:family;257280:o__Chitinophagales:order;173791:c__Bacteroidia:class;173790:p__Bacteroidota:phylum;14524:d__Bacteria:superkingdom;1:root:no rank"
512933	"s__UBA6168 sp022841745"	1	1.0	1.59	0	0	93.0	0.957	0.591	0.634	65	0.0	1	"512933:s__UBA6168 sp022841745:species;307079:g__UBA6168:genus;262290:f__Saprospiraceae:family;257280:o__Chitinophagales:order;173791:c__Bacteroidia:class;173790:p__Bacteroidota:phylum;14524:d__Bacteria:superkingdom;1:root:no rank"
307079	"g__UBA6168"	1	1.0	1.59	0	0	93.0	0.957	0.591	0.634	65	0.0	1	"307079:g__UBA6168:genus;262290:f__Saprospiraceae:family;257280:o__Chitinophagales:order;173791:c__Bacteroidia:class;173790:p__Bacteroidota:phylum;14524:d__Bacteria:superkingdom;1:root:no rank"
262290	"f__Saprospiraceae"	1	1.0	1.59	0	0	93.0	0.957	0.591	0.634	65	0.0	1	"262290:f__Saprospiraceae:family;257280:o__Chitinophagales:order;173791:c__Bacteroidia:class;173790:p__Bacteroidota:phylum;14524:d__Bacteria:superkingdom;1:root:no rank"
402780	"GB_GCA_023451375.1"	1	1.0	4.55	0.0	0	53.0	1.0	0.774	0.774	25	0.0	1	"402780:GB_GCA_023451375.1:subspecies;402779:s__Brevundimonas sp023451375:species;256529:g__Brevundimonas:genus;231993:f__Caulobacteraceae:family;231992:o__Caulobacterales:order;159315:c__Alphaproteobacteria:class;14525:p__Pseudomonadota:phylum;14524:d__Bacteria:superkingdom;1:root:no rank"
402779	"s__Brevundimonas sp023451375"	1	1.0	4.55	0.0	0	53.0	1.0	0.774	0.774	25	0.0	1	"402779:s__Brevundimonas sp023451375:species;256529:g__Brevundimonas:genus;231993:f__Caulobacteraceae:family;231992:o__Caulobacterales:order;159315:c__Alphaproteobacteria:class;14525:p__Pseudomonadota:phylum;14524:d__Bacteria:superkingdom;1:root:no rank"
495250	"GB_GCA_021738045.1"	1	1.0	1.48	0	0	68.0	0.9706	0.647	0.632	40	0.0	1	"495250:GB_GCA_021738045.1:subspecies;495249:s__Zwartia sp021738045:species;309395:g__Zwartia:genus;158177:f__Burkholderiaceae_C:family;137197:o__Burkholderiales:order;14526:c__Gammaproteobacteria:class;14525:p__Pseudomonadota:phylum;14524:d__Bacteria:superkingdom;1:root:no rank"
495249	"s__Zwartia sp021738045"	1	1.0	1.48	0	0	68.0	0.9706	0.647	0.632	40	0.0	1	"495249:s__Zwartia sp021738045:species;309395:g__Zwartia:genus;158177:f__Burkholderiaceae_C:family;137197:o__Burkholderiales:order;14526:c__Gammaproteobacteria:class;14525:p__Pseudomonadota:phylum;14524:d__Bacteria:superkingdom;1:root:no rank"
309395	"g__Zwartia"	1	1.0	1.48	0	0	68.0	0.9706	0.647	0.632	40	0.0	1	"309395:g__Zwartia:genus;158177:f__Burkholderiaceae_C:family;137197:o__Burkholderiales:order;14526:c__Gammaproteobacteria:class;14525:p__Pseudomonadota:phylum;14524:d__Bacteria:superkingdom;1:root:no rank"
493313	"GB_GCA_001942185.1"	1	1.0	3.48	0	0.0	48.0	0.9583	0.729	0.729	20	0.0	1	"493313:GB_GCA_001942185.1:subspecies;493312:s__Pseudonocardia sp001942185:species;274400:g__Pseudonocardia:genus;274399:f__Pseudonocardiaceae:family;101057:o__Mycobacteriales:order;101056:c__Actinomycetia:class;101055:p__Actinomycetota:phylum;14524:d__Bacteria:superkingdom;1:root:no rank"
493312	"s__Pseudonocardia sp001942185"	1	1.0	3.48	0	0.0	48.0	0.9583	0.729	0.729	20	0.0	1	"493312:s__Pseudonocardia sp001942185:species;274400:g__Pseudonocardia:genus;274399:f__Pseudonocardiaceae:family;101057:o__Mycobacteriales:order;101056:c__Actinomycetia:class;101055:p__Actinomycetota:phylum;14524:d__Bacteria:superkingdom;1:root:no rank"
386944	"GB_GCA_005503065.1"	1	1.0	3.19	0	0.0	50.0	0.96	0.52	0.56	22	0.0	1	"386944:GB_GCA_005503065.1:subspecies;386942:s__ALPHA2B sp005503065:species;339236:g__ALPHA2B:genus;233990:f__Burkholderiaceae_B:family;137197:o__Burkholderiales:order;14526:c__Gammaproteobacteria:class;14525:p__Pseudomonadota:phylum;14524:d__Bacteria:superkingdom;1:root:no rank"
386942	"s__ALPHA2B sp005503065"	1	1.0	3.19	0	0.0	50.0	0.96	0.52	0.56	22	0.0	1	"386942:s__ALPHA2B sp005503065:species;339236:g__ALPHA2B:genus;233990:f__Burkholderiaceae_B:family;137197:o__Burkholderiales:order;14526:c__Gammaproteobacteria:class;14525:p__Pseudomonadota:phylum;14524:d__Bacteria:superkingdom;1:root:no rank"
201652	"RS_GCF_000010125.1"	1	1.0	2.42	0	0	34.0	1.0	0.324	0.324	6	0.0	1	"201652:RS_GCF_000010125.1:subspecies;201544:s__Staphylococcus saprophyticus:species;63361:g__Staphylococcus:genus;63360:f__Staphylococcaceae:family;63359:o__Staphylococcales:order;63358:c__Bacilli:class;63357:p__Bacillota:phylum;14524:d__Bacteria:superkingdom;1:root:no rank"
201544	"s__Staphylococcus saprophyticus"	1	1.0	2.42	0	0	34.0	1.0	0.324	0.324	6	0.0	1	"201544:s__Staphylococcus saprophyticus:species;63361:g__Staphylococcus:genus;63360:f__Staphylococcaceae:family;63359:o__Staphylococcales:order;63358:c__Bacilli:class;63357:p__Bacillota:phylum;14524:d__Bacteria:superkingdom;1:root:no rank"
177471	"g__Xanthomonas"	1	1.0	1.51	0.0	0.0	37.0	0.982	0.595	0.595	9	0.0	3	"177471:g__Xanthomonas:genus;177470:f__Xanthomonadaceae:family;177469:o__Xanthomonadales:order;14526:c__Gammaproteobacteria:class;14525:p__Pseudomonadota:phylum;14524:d__Bacteria:superkingdom;1:root:no rank"
456493	"RS_GCF_001984095.1"	1	1.0	1.51	0.0	0	44.0	0.9773	0.591	0.591	16	0.0	1	"456493:RS_GCF_001984095.1:subspecies;456492:s__KK5 sp001984095:species;456491:g__KK5:genus;233990:f__Burkholderiaceae_B:family;137197:o__Burkholderiales:order;14526:c__Gammaproteobacteria:class;14525:p__Pseudomonadota:phylum;14524:d__Bacteria:superkingdom;1:root:no rank"
456492	"s__KK5 sp001984095"	1	1.0	1.51	0.0	0	44.0	0.9773	0.591	0.591	16	0.0	1	"456492:s__KK5 sp001984095:species;456491:g__KK5:genus;233990:f__Burkholderiaceae_B:family;137197:o__Burkholderiales:order;14526:c__Gammaproteobacteria:class;14525:p__Pseudomonadota:phylum;14524:d__Bacteria:superkingdom;1:root:no rank"
456491	"g__KK5"	1	1.0	1.51	0.0	0	44.0	0.9773	0.591	0.591	16	0.0	1	"456491:g__KK5:genus;233990:f__Burkholderiaceae_B:family;137197:o__Burkholderiales:order;14526:c__Gammaproteobacteria:class;14525:p__Pseudomonadota:phylum;14524:d__Bacteria:superkingdom;1:root:no rank"
261695	"RS_GCF_000819985.1"	1	1.0	2.67	0.0	0.0	36.0	0.9722	0.472	0.5	8	0.0	1	"261695:RS_GCF_000819985.1:subspecies;261682:s__Aeromonas media:species;197356:g__Aeromonas:genus;197355:f__Aeromonadaceae:family;145555:o__Enterobacterales_A:order;14526:c__Gammaproteobacteria:class;14525:p__Pseudomonadota:phylum;14524:d__Bacteria:superkingdom;1:root:no rank"
261682	"s__Aeromonas media"	1	1.0	2.67	0.0	0.0	36.0	0.9722	0.472	0.5	8	0.0	1	"261682:s__Aeromonas media:species;197356:g__Aeromonas:genus;197355:f__Aeromonadaceae:family;145555:o__Enterobacterales_A:order;14526:c__Gammaproteobacteria:class;14525:p__Pseudomonadota:phylum;14524:d__Bacteria:superkingdom;1:root:no rank"
260979	"RS_GCF_900092335.1"	1	1.0	3.23	0.0	0	85.0	0.9882	0.682	0.694	57	0.0	1	"260979:RS_GCF_900092335.1:subspecies;260969:s__Corynebacterium phoceense:species;175271:g__Corynebacterium:genus;101058:f__Mycobacteriaceae:family;101057:o__Mycobacteriales:order;101056:c__Actinomycetia:class;101055:p__Actinomycetota:phylum;14524:d__Bacteria:superkingdom;1:root:no rank"
260969	"s__Corynebacterium phoceense"	1	1.0	3.23	0.0	0	85.0	0.9882	0.682	0.694	57	0.0	1	"260969:s__Corynebacterium phoceense:species;175271:g__Corynebacterium:genus;101058:f__Mycobacteriaceae:family;101057:o__Mycobacteriales:order;101056:c__Actinomycetia:class;101055:p__Actinomycetota:phylum;14524:d__Bacteria:superkingdom;1:root:no rank"
379924	"RS_GCF_012274265.1"	1	1.0	2.27	0.0	0.0	35.0	1.0	0.743	0.743	7	0.0	1	"379924:RS_GCF_012274265.1:subspecies;379923:s__Sphingopyxis microcysteis:species;253262:g__Sphingopyxis:genus;223508:f__Sphingomonadaceae:family;223507:o__Sphingomonadales:order;159315:c__Alphaproteobacteria:class;14525:p__Pseudomonadota:phylum;14524:d__Bacteria:superkingdom;1:root:no rank"
379923	"s__Sphingopyxis microcysteis"	1	1.0	2.27	0.0	0.0	35.0	1.0	0.743	0.743	7	0.0	1	"379923:s__Sphingopyxis microcysteis:species;253262:g__Sphingopyxis:genus;223508:f__Sphingomonadaceae:family;223507:o__Sphingomonadales:order;159315:c__Alphaproteobacteria:class;14525:p__Pseudomonadota:phylum;14524:d__Bacteria:superkingdom;1:root:no rank"
433599	"GB_GCA_002432565.1"	1	1.0	1.19	0	0	51.0	0.9608	0.431	0.431	23	0.0	1	"433599:GB_GCA_002432565.1:subspecies;433598:s__Fluviicola sp002432565:species;325451:g__Fluviicola:genus;301225:f__Crocinitomicaceae:family;190476:o__Flavobacteriales:order;173791:c__Bacteroidia:class;173790:p__Bacteroidota:phylum;14524:d__Bacteria:superkingdom;1:root:no rank"
433598	"s__Fluviicola sp002432565"	1	1.0	1.19	0	0	51.0	0.9608	0.431	0.431	23	0.0	1	"433598:s__Fluviicola sp002432565:species;325451:g__Fluviicola:genus;301225:f__Crocinitomicaceae:family;190476:o__Flavobacteriales:order;173791:c__Bacteroidia:class;173790:p__Bacteroidota:phylum;14524:d__Bacteria:superkingdom;1:root:no rank"
325451	"g__Fluviicola"	1	1.0	1.19	0	0	51.0	0.9608	0.431	0.431	23	0.0	1	"325451:g__Fluviicola:genus;301225:f__Crocinitomicaceae:family;190476:o__Flavobacteriales:order;173791:c__Bacteroidia:class;173790:p__Bacteroidota:phylum;14524:d__Bacteria:superkingdom;1:root:no rank"
301225	"f__Crocinitomicaceae"	1	1.0	1.19	0	0	51.0	0.9608	0.431	0.431	23	0.0	1	"301225:f__Crocinitomicaceae:family;190476:o__Flavobacteriales:order;173791:c__Bacteroidia:class;173790:p__Bacteroidota:phylum;14524:d__Bacteria:superkingdom;1:root:no rank"
229106	"RS_GCF_021052305.1"	1	1.0	2.5	0.0	0.0	36.0	0.9722	0.667	0.667	8	0.0	1	"229106:RS_GCF_021052305.1:subspecies;229049:s__Bradyrhizobium canariense_D:species;227326:g__Bradyrhizobium:genus;227325:f__Xanthobacteraceae:family;161314:o__Rhizobiales:order;159315:c__Alphaproteobacteria:class;14525:p__Pseudomonadota:phylum;14524:d__Bacteria:superkingdom;1:root:no rank"
229049	"s__Bradyrhizobium canariense_D"	1	1.0	2.5	0.0	0.0	36.0	0.9722	0.667	0.667	8	0.0	1	"229049:s__Bradyrhizobium canariense_D:species;227326:g__Bradyrhizobium:genus;227325:f__Xanthobacteraceae:family;161314:o__Rhizobiales:order;159315:c__Alphaproteobacteria:class;14525:p__Pseudomonadota:phylum;14524:d__Bacteria:superkingdom;1:root:no rank"
386365	"RS_GCF_001005725.1"	1	1.0	1.88	0	0	45.0	0.9556	0.556	0.578	17	0.0	1	"386365:RS_GCF_001005725.1:subspecies;386364:s__Sphingobium chungbukense:species;240387:g__Sphingobium:genus;223508:f__Sphingomonadaceae:family;223507:o__Sphingomonadales:order;159315:c__Alphaproteobacteria:class;14525:p__Pseudomonadota:phylum;14524:d__Bacteria:superkingdom;1:root:no rank"
386364	"s__Sphingobium chungbukense"	1	1.0	1.88	0	0	45.0	0.9556	0.556	0.578	17	0.0	1	"386364:s__Sphingobium chungbukense:species;240387:g__Sphingobium:genus;223508:f__Sphingomonadaceae:family;223507:o__Sphingomonadales:order;159315:c__Alphaproteobacteria:class;14525:p__Pseudomonadota:phylum;14524:d__Bacteria:superkingdom;1:root:no rank"
361494	"RS_GCF_001189955.1"	1	1.0	1.65	0	0.0	39.0	0.9744	0.538	0.564	11	0.0	1	"361494:RS_GCF_001189955.1:subspecies;361492:s__Herbaspirillum chlorophenolicum:species;261177:g__Herbaspirillum:genus;147451:f__Burkholderiaceae:family;137197:o__Burkholderiales:order;14526:c__Gammaproteobacteria:class;14525:p__Pseudomonadota:phylum;14524:d__Bacteria:superkingdom;1:root:no rank"
361492	"s__Herbaspirillum chlorophenolicum"	1	1.0	1.65	0	0.0	39.0	0.9744	0.538	0.564	11	0.0	1	"361492:s__Herbaspirillum chlorophenolicum:species;261177:g__Herbaspirillum:genus;147451:f__Burkholderiaceae:family;137197:o__Burkholderiales:order;14526:c__Gammaproteobacteria:class;14525:p__Pseudomonadota:phylum;14524:d__Bacteria:superkingdom;1:root:no rank"
261177	"g__Herbaspirillum"	1	1.0	1.65	0	0.0	39.0	0.9744	0.538	0.564	11	0.0	1	"261177:g__Herbaspirillum:genus;147451:f__Burkholderiaceae:family;137197:o__Burkholderiales:order;14526:c__Gammaproteobacteria:class;14525:p__Pseudomonadota:phylum;14524:d__Bacteria:superkingdom;1:root:no rank"
377039	"RS_GCF_001468125.1"	1	1.0	2.15	0	0	57.0	0.9825	0.316	0.333	29	0.0	1	"377039:RS_GCF_001468125.1:subspecies;377038:s__Legionella_C rubrilucens:species;263648:g__Legionella_C:genus;163127:f__Legionellaceae:family;163126:o__Legionellales:order;14526:c__Gammaproteobacteria:class;14525:p__Pseudomonadota:phylum;14524:d__Bacteria:superkingdom;1:root:no rank"
377038	"s__Legionella_C rubrilucens"	1	1.0	2.15	0	0	57.0	0.9825	0.316	0.333	29	0.0	1	"377038:s__Legionella_C rubrilucens:species;263648:g__Legionella_C:genus;163127:f__Legionellaceae:family;163126:o__Legionellales:order;14526:c__Gammaproteobacteria:class;14525:p__Pseudomonadota:phylum;14524:d__Bacteria:superkingdom;1:root:no rank"
263648	"g__Legionella_C"	1	1.0	2.15	0	0	57.0	0.9825	0.316	0.333	29	0.0	1	"263648:g__Legionella_C:genus;163127:f__Legionellaceae:family;163126:o__Legionellales:order;14526:c__Gammaproteobacteria:class;14525:p__Pseudomonadota:phylum;14524:d__Bacteria:superkingdom;1:root:no rank"
360804	"RS_GCF_003634215.1"	1	1.0	2.62	0.0	0	63.0	0.9524	0.619	0.619	35	0.0	1	"360804:RS_GCF_003634215.1:subspecies;360802:s__Sphingosinicella microcystinivorans:species;360801:g__Sphingosinicella:genus;223508:f__Sphingomonadaceae:family;223507:o__Sphingomonadales:order;159315:c__Alphaproteobacteria:class;14525:p__Pseudomonadota:phylum;14524:d__Bacteria:superkingdom;1:root:no rank"
360802	"s__Sphingosinicella microcystinivorans"	1	1.0	2.62	0.0	0	63.0	0.9524	0.619	0.619	35	0.0	1	"360802:s__Sphingosinicella microcystinivorans:species;360801:g__Sphingosinicella:genus;223508:f__Sphingomonadaceae:family;223507:o__Sphingomonadales:order;159315:c__Alphaproteobacteria:class;14525:p__Pseudomonadota:phylum;14524:d__Bacteria:superkingdom;1:root:no rank"
360801	"g__Sphingosinicella"	1	1.0	2.62	0.0	0	63.0	0.9524	0.619	0.619	35	0.0	1	"360801:g__Sphingosinicella:genus;223508:f__Sphingomonadaceae:family;223507:o__Sphingomonadales:order;159315:c__Alphaproteobacteria:class;14525:p__Pseudomonadota:phylum;14524:d__Bacteria:superkingdom;1:root:no rank"
320669	"RS_GCF_000312305.1"	1	1.0	1.38	0.0	0.0	32.0	1.0	0.5	0.5	4	0.0	1	"320669:RS_GCF_000312305.1:subspecies;320665:s__Prevotella conceptionensis:species;212100:g__Prevotella:genus;173793:f__Bacteroidaceae:family;173792:o__Bacteroidales:order;173791:c__Bacteroidia:class;173790:p__Bacteroidota:phylum;14524:d__Bacteria:superkingdom;1:root:no rank"
320665	"s__Prevotella conceptionensis"	1	1.0	1.38	0.0	0.0	32.0	1.0	0.5	0.5	4	0.0	1	"320665:s__Prevotella conceptionensis:species;212100:g__Prevotella:genus;173793:f__Bacteroidaceae:family;173792:o__Bacteroidales:order;173791:c__Bacteroidia:class;173790:p__Bacteroidota:phylum;14524:d__Bacteria:superkingdom;1:root:no rank"
499249	"RS_GCF_013112485.1"	1	1.0	1.85	0.0	0.0	64.0	0.9844	0.672	0.688	36	0.0	1	"499249:RS_GCF_013112485.1:subspecies;499248:s__Paracraurococcus sp013112485:species;394128:g__Paracraurococcus:genus;241022:f__Acetobacteraceae:family;241021:o__Acetobacterales:order;159315:c__Alphaproteobacteria:class;14525:p__Pseudomonadota:phylum;14524:d__Bacteria:superkingdom;1:root:no rank"
499248	"s__Paracraurococcus sp013112485"	1	1.0	1.85	0.0	0.0	64.0	0.9844	0.672	0.688	36	0.0	1	"499248:s__Paracraurococcus sp013112485:species;394128:g__Paracraurococcus:genus;241022:f__Acetobacteraceae:family;241021:o__Acetobacterales:order;159315:c__Alphaproteobacteria:class;14525:p__Pseudomonadota:phylum;14524:d__Bacteria:superkingdom;1:root:no rank"
503717	"RS_GCF_000422885.1"	1	1.0	1.8	0	0	39.0	0.9744	0.59	0.615	11	0.0	1	"503717:RS_GCF_000422885.1:subspecies;503716:s__Ottowia thiooxydans:species;294662:g__Ottowia:genus;233990:f__Burkholderiaceae_B:family;137197:o__Burkholderiales:order;14526:c__Gammaproteobacteria:class;14525:p__Pseudomonadota:phylum;14524:d__Bacteria:superkingdom;1:root:no rank"
503716	"s__Ottowia thiooxydans"	1	1.0	1.8	0	0	39.0	0.9744	0.59	0.615	11	0.0	1	"503716:s__Ottowia thiooxydans:species;294662:g__Ottowia:genus;233990:f__Burkholderiaceae_B:family;137197:o__Burkholderiales:order;14526:c__Gammaproteobacteria:class;14525:p__Pseudomonadota:phylum;14524:d__Bacteria:superkingdom;1:root:no rank"
249424	"RS_GCF_003491325.1"	1	1.0	2.41	0	0	54.0	1.0	0.333	0.333	26	0.0	1	"249424:RS_GCF_003491325.1:subspecies;249405:s__Staphylococcus warneri_A:species;63361:g__Staphylococcus:genus;63360:f__Staphylococcaceae:family;63359:o__Staphylococcales:order;63358:c__Bacilli:class;63357:p__Bacillota:phylum;14524:d__Bacteria:superkingdom;1:root:no rank"
249405	"s__Staphylococcus warneri_A"	1	1.0	2.41	0	0	54.0	1.0	0.333	0.333	26	0.0	1	"249405:s__Staphylococcus warneri_A:species;63361:g__Staphylococcus:genus;63360:f__Staphylococcaceae:family;63359:o__Staphylococcales:order;63358:c__Bacilli:class;63357:p__Bacillota:phylum;14524:d__Bacteria:superkingdom;1:root:no rank"
350887	"RS_GCF_018129995.1"	1	1.0	2.1	0	0.0	39.0	0.9744	0.692	0.692	11	0.0	1	"350887:RS_GCF_018129995.1:subspecies;350885:s__Bradyrhizobium japonicum_G:species;227326:g__Bradyrhizobium:genus;227325:f__Xanthobacteraceae:family;161314:o__Rhizobiales:order;159315:c__Alphaproteobacteria:class;14525:p__Pseudomonadota:phylum;14524:d__Bacteria:superkingdom;1:root:no rank"
350885	"s__Bradyrhizobium japonicum_G"	1	1.0	2.1	0	0.0	39.0	0.9744	0.692	0.692	11	0.0	1	"350885:s__Bradyrhizobium japonicum_G:species;227326:g__Bradyrhizobium:genus;227325:f__Xanthobacteraceae:family;161314:o__Rhizobiales:order;159315:c__Alphaproteobacteria:class;14525:p__Pseudomonadota:phylum;14524:d__Bacteria:superkingdom;1:root:no rank"
505971	"RS_GCF_902753875.1"	1	1.0	3.66	0	0	33.0	0.9697	0.242	0.212	5	0.0	1	"505971:RS_GCF_902753875.1:subspecies;505970:s__Acinetobacter bouvetii_A:species;115235:g__Acinetobacter:genus;115234:f__Moraxellaceae:family;108193:o__Pseudomonadales:order;14526:c__Gammaproteobacteria:class;14525:p__Pseudomonadota:phylum;14524:d__Bacteria:superkingdom;1:root:no rank"
505970	"s__Acinetobacter bouvetii_A"	1	1.0	3.66	0	0	33.0	0.9697	0.242	0.212	5	0.0	1	"505970:s__Acinetobacter bouvetii_A:species;115235:g__Acinetobacter:genus;115234:f__Moraxellaceae:family;108193:o__Pseudomonadales:order;14526:c__Gammaproteobacteria:class;14525:p__Pseudomonadota:phylum;14524:d__Bacteria:superkingdom;1:root:no rank"
350079	"RS_GCF_008993995.1"	1	1.0	4.2	0	0	39.0	1.0	0.359	0.359	11	0.0	1	"350079:RS_GCF_008993995.1:subspecies;350078:s__Acinetobacter brisouii_A:species;115235:g__Acinetobacter:genus;115234:f__Moraxellaceae:family;108193:o__Pseudomonadales:order;14526:c__Gammaproteobacteria:class;14525:p__Pseudomonadota:phylum;14524:d__Bacteria:superkingdom;1:root:no rank"
350078	"s__Acinetobacter brisouii_A"	1	1.0	4.2	0	0	39.0	1.0	0.359	0.359	11	0.0	1	"350078:s__Acinetobacter brisouii_A:species;115235:g__Acinetobacter:genus;115234:f__Moraxellaceae:family;108193:o__Pseudomonadales:order;14526:c__Gammaproteobacteria:class;14525:p__Pseudomonadota:phylum;14524:d__Bacteria:superkingdom;1:root:no rank"
293738	"RS_GCF_900637545.1"	1	1.0	3.03	0	0	36.0	1.0	0.361	0.361	8	0.0	1	"293738:RS_GCF_900637545.1:subspecies;293735:s__Aeromonas encheleia:species;197356:g__Aeromonas:genus;197355:f__Aeromonadaceae:family;145555:o__Enterobacterales_A:order;14526:c__Gammaproteobacteria:class;14525:p__Pseudomonadota:phylum;14524:d__Bacteria:superkingdom;1:root:no rank"
293735	"s__Aeromonas encheleia"	1	1.0	3.03	0	0	36.0	1.0	0.361	0.361	8	0.0	1	"293735:s__Aeromonas encheleia:species;197356:g__Aeromonas:genus;197355:f__Aeromonadaceae:family;145555:o__Enterobacterales_A:order;14526:c__Gammaproteobacteria:class;14525:p__Pseudomonadota:phylum;14524:d__Bacteria:superkingdom;1:root:no rank"
492534	"GB_GCA_014190095.1"	1	1.0	1.15	0	0	32.0	0.9688	0.531	0.562	4	0.0	1	"492534:GB_GCA_014190095.1:subspecies;492533:s__UBA3006 sp014190095:species;296598:g__UBA3006:genus;265075:f__Ilumatobacteraceae:family;246208:o__Acidimicrobiales:order;245798:c__Acidimicrobiia:class;101055:p__Actinomycetota:phylum;14524:d__Bacteria:superkingdom;1:root:no rank"
492533	"s__UBA3006 sp014190095"	1	1.0	1.15	0	0	32.0	0.9688	0.531	0.562	4	0.0	1	"492533:s__UBA3006 sp014190095:species;296598:g__UBA3006:genus;265075:f__Ilumatobacteraceae:family;246208:o__Acidimicrobiales:order;245798:c__Acidimicrobiia:class;101055:p__Actinomycetota:phylum;14524:d__Bacteria:superkingdom;1:root:no rank"
296598	"g__UBA3006"	1	1.0	1.15	0	0	32.0	0.9688	0.531	0.562	4	0.0	1	"296598:g__UBA3006:genus;265075:f__Ilumatobacteraceae:family;246208:o__Acidimicrobiales:order;245798:c__Acidimicrobiia:class;101055:p__Actinomycetota:phylum;14524:d__Bacteria:superkingdom;1:root:no rank"
239452	"RS_GCF_000744945.1"	1	1.0	3.49	0	0	88.0	1.0	0.375	0.375	60	0.0	1	"239452:RS_GCF_000744945.1:subspecies;239418:s__Carnobacterium maltaromaticum:species;239417:g__Carnobacterium:genus;239416:f__Carnobacteriaceae:family;92156:o__Lactobacillales:order;63358:c__Bacilli:class;63357:p__Bacillota:phylum;14524:d__Bacteria:superkingdom;1:root:no rank"
239418	"s__Carnobacterium maltaromaticum"	1	1.0	3.49	0	0	88.0	1.0	0.375	0.375	60	0.0	1	"239418:s__Carnobacterium maltaromaticum:species;239417:g__Carnobacterium:genus;239416:f__Carnobacteriaceae:family;92156:o__Lactobacillales:order;63358:c__Bacilli:class;63357:p__Bacillota:phylum;14524:d__Bacteria:superkingdom;1:root:no rank"
239417	"g__Carnobacterium"	1	1.0	3.49	0	0	88.0	1.0	0.375	0.375	60	0.0	1	"239417:g__Carnobacterium:genus;239416:f__Carnobacteriaceae:family;92156:o__Lactobacillales:order;63358:c__Bacilli:class;63357:p__Bacillota:phylum;14524:d__Bacteria:superkingdom;1:root:no rank"
239416	"f__Carnobacteriaceae"	1	1.0	3.49	0	0	88.0	1.0	0.375	0.375	60	0.0	1	"239416:f__Carnobacteriaceae:family;92156:o__Lactobacillales:order;63358:c__Bacilli:class;63357:p__Bacillota:phylum;14524:d__Bacteria:superkingdom;1:root:no rank"
402810	"GB_GCA_023422775.1"	1	1.0	2.13	0	1.0	49.0	0.9592	0.633	0.633	21	0.0	1	"402810:GB_GCA_023422775.1:subspecies;402809:s__Bradyrhizobium sp023422775:species;227326:g__Bradyrhizobium:genus;227325:f__Xanthobacteraceae:family;161314:o__Rhizobiales:order;159315:c__Alphaproteobacteria:class;14525:p__Pseudomonadota:phylum;14524:d__Bacteria:superkingdom;1:root:no rank"
402809	"s__Bradyrhizobium sp023422775"	1	1.0	2.13	0	1.0	49.0	0.9592	0.633	0.633	21	0.0	1	"402809:s__Bradyrhizobium sp023422775:species;227326:g__Bradyrhizobium:genus;227325:f__Xanthobacteraceae:family;161314:o__Rhizobiales:order;159315:c__Alphaproteobacteria:class;14525:p__Pseudomonadota:phylum;14524:d__Bacteria:superkingdom;1:root:no rank"
379944	"RS_GCF_003687455.1"	1	1.0	1.75	0	0.0	64.0	1.0	0.719	0.719	36	0.0	1	"379944:RS_GCF_003687455.1:subspecies;379943:s__Kocuria tytonicola:species;246334:g__Kocuria:genus;187121:f__Micrococcaceae:family;171647:o__Actinomycetales:order;101056:c__Actinomycetia:class;101055:p__Actinomycetota:phylum;14524:d__Bacteria:superkingdom;1:root:no rank"
379943	"s__Kocuria tytonicola"	1	1.0	1.75	0	0.0	64.0	1.0	0.719	0.719	36	0.0	1	"379943:s__Kocuria tytonicola:species;246334:g__Kocuria:genus;187121:f__Micrococcaceae:family;171647:o__Actinomycetales:order;101056:c__Actinomycetia:class;101055:p__Actinomycetota:phylum;14524:d__Bacteria:superkingdom;1:root:no rank"
186552	"RS_GCF_900099625.1"	1	1.01	3.07	0	0	96.0	1.0	0.323	0.323	67	0.015	1	"186552:RS_GCF_900099625.1:subspecies;186510:s__Lactococcus lactis:species;186509:g__Lactococcus:genus;92157:f__Streptococcaceae:family;92156:o__Lactobacillales:order;63358:c__Bacilli:class;63357:p__Bacillota:phylum;14524:d__Bacteria:superkingdom;1:root:no rank"
186510	"s__Lactococcus lactis"	1	1.01	3.07	0	0	96.0	1.0	0.323	0.323	67	0.015	1	"186510:s__Lactococcus lactis:species;186509:g__Lactococcus:genus;92157:f__Streptococcaceae:family;92156:o__Lactobacillales:order;63358:c__Bacilli:class;63357:p__Bacillota:phylum;14524:d__Bacteria:superkingdom;1:root:no rank"
486648	"GB_GCA_019694595.1"	1	1.0	1.79	0.0	0	51.0	0.9608	0.627	0.627	23	0.0	1	"486648:GB_GCA_019694595.1:subspecies;486647:s__JAIBBQ01 sp019694595:species;486646:g__JAIBBQ01:genus;257766:f__Myxococcaceae:family;257765:o__Myxococcales:order;257764:c__Myxococcia:class;257763:p__Myxococcota:phylum;14524:d__Bacteria:superkingdom;1:root:no rank"
486647	"s__JAIBBQ01 sp019694595"	1	1.0	1.79	0.0	0	51.0	0.9608	0.627	0.627	23	0.0	1	"486647:s__JAIBBQ01 sp019694595:species;486646:g__JAIBBQ01:genus;257766:f__Myxococcaceae:family;257765:o__Myxococcales:order;257764:c__Myxococcia:class;257763:p__Myxococcota:phylum;14524:d__Bacteria:superkingdom;1:root:no rank"
486646	"g__JAIBBQ01"	1	1.0	1.79	0.0	0	51.0	0.9608	0.627	0.627	23	0.0	1	"486646:g__JAIBBQ01:genus;257766:f__Myxococcaceae:family;257765:o__Myxococcales:order;257764:c__Myxococcia:class;257763:p__Myxococcota:phylum;14524:d__Bacteria:superkingdom;1:root:no rank"
335884	"GB_GCA_005777185.1"	1	1.0	1.97	0	0	44.0	0.9545	0.659	0.636	16	0.0	1	"335884:GB_GCA_005777185.1:subspecies;335883:s__SXNL01 sp005777185:species;335882:g__SXNL01:genus;323334:f__Polyangiaceae:family;287031:o__Polyangiales:order;287030:c__Polyangia:class;257763:p__Myxococcota:phylum;14524:d__Bacteria:superkingdom;1:root:no rank"
335883	"s__SXNL01 sp005777185"	1	1.0	1.97	0	0	44.0	0.9545	0.659	0.636	16	0.0	1	"335883:s__SXNL01 sp005777185:species;335882:g__SXNL01:genus;323334:f__Polyangiaceae:family;287031:o__Polyangiales:order;287030:c__Polyangia:class;257763:p__Myxococcota:phylum;14524:d__Bacteria:superkingdom;1:root:no rank"
335882	"g__SXNL01"	1	1.0	1.97	0	0	44.0	0.9545	0.659	0.636	16	0.0	1	"335882:g__SXNL01:genus;323334:f__Polyangiaceae:family;287031:o__Polyangiales:order;287030:c__Polyangia:class;257763:p__Myxococcota:phylum;14524:d__Bacteria:superkingdom;1:root:no rank"
401375	"GB_GCA_004173095.1"	1	1.0	1.39	0.0	0	52.0	0.9615	0.558	0.596	24	0.0	1	"401375:GB_GCA_004173095.1:subspecies;401374:s__Tardiphaga sp004173095:species;308431:g__Tardiphaga:genus;227325:f__Xanthobacteraceae:family;161314:o__Rhizobiales:order;159315:c__Alphaproteobacteria:class;14525:p__Pseudomonadota:phylum;14524:d__Bacteria:superkingdom;1:root:no rank"
401374	"s__Tardiphaga sp004173095"	1	1.0	1.39	0.0	0	52.0	0.9615	0.558	0.596	24	0.0	1	"401374:s__Tardiphaga sp004173095:species;308431:g__Tardiphaga:genus;227325:f__Xanthobacteraceae:family;161314:o__Rhizobiales:order;159315:c__Alphaproteobacteria:class;14525:p__Pseudomonadota:phylum;14524:d__Bacteria:superkingdom;1:root:no rank"
286085	"RS_GCF_000262545.1"	1	1.0	1.81	0	0	62.0	1.0	0.468	0.468	34	0.0	1	"286085:RS_GCF_000262545.1:subspecies;286079:s__Prevotella bivia:species;212100:g__Prevotella:genus;173793:f__Bacteroidaceae:family;173792:o__Bacteroidales:order;173791:c__Bacteroidia:class;173790:p__Bacteroidota:phylum;14524:d__Bacteria:superkingdom;1:root:no rank"
286079	"s__Prevotella bivia"	1	1.0	1.81	0	0	62.0	1.0	0.468	0.468	34	0.0	1	"286079:s__Prevotella bivia:species;212100:g__Prevotella:genus;173793:f__Bacteroidaceae:family;173792:o__Bacteroidales:order;173791:c__Bacteroidia:class;173790:p__Bacteroidota:phylum;14524:d__Bacteria:superkingdom;1:root:no rank"
420719	"RS_GCF_000313915.1"	1	1.0	3.27	0	0.0	40.0	1.0	0.7	0.7	12	0.0	1	"420719:RS_GCF_000313915.1:subspecies;420718:s__Catellicoccus marimammalium:species;420717:g__Catellicoccus:genus;420716:f__Catellicoccaceae:family;92156:o__Lactobacillales:order;63358:c__Bacilli:class;63357:p__Bacillota:phylum;14524:d__Bacteria:superkingdom;1:root:no rank"
420718	"s__Catellicoccus marimammalium"	1	1.0	3.27	0	0.0	40.0	1.0	0.7	0.7	12	0.0	1	"420718:s__Catellicoccus marimammalium:species;420717:g__Catellicoccus:genus;420716:f__Catellicoccaceae:family;92156:o__Lactobacillales:order;63358:c__Bacilli:class;63357:p__Bacillota:phylum;14524:d__Bacteria:superkingdom;1:root:no rank"
420717	"g__Catellicoccus"	1	1.0	3.27	0	0.0	40.0	1.0	0.7	0.7	12	0.0	1	"420717:g__Catellicoccus:genus;420716:f__Catellicoccaceae:family;92156:o__Lactobacillales:order;63358:c__Bacilli:class;63357:p__Bacillota:phylum;14524:d__Bacteria:superkingdom;1:root:no rank"
420716	"f__Catellicoccaceae"	1	1.0	3.27	0	0.0	40.0	1.0	0.7	0.7	12	0.0	1	"420716:f__Catellicoccaceae:family;92156:o__Lactobacillales:order;63358:c__Bacilli:class;63357:p__Bacillota:phylum;14524:d__Bacteria:superkingdom;1:root:no rank"
402633	"RS_GCF_003063435.1"	1	1.0	1.88	0	0.0	45.0	0.9556	0.622	0.667	17	0.0	1	"402633:RS_GCF_003063435.1:subspecies;402632:s__Limnohabitans_A sp003063435:species;248965:g__Limnohabitans_A:genus;233990:f__Burkholderiaceae_B:family;137197:o__Burkholderiales:order;14526:c__Gammaproteobacteria:class;14525:p__Pseudomonadota:phylum;14524:d__Bacteria:superkingdom;1:root:no rank"
402632	"s__Limnohabitans_A sp003063435"	1	1.0	1.88	0	0.0	45.0	0.9556	0.622	0.667	17	0.0	1	"402632:s__Limnohabitans_A sp003063435:species;248965:g__Limnohabitans_A:genus;233990:f__Burkholderiaceae_B:family;137197:o__Burkholderiales:order;14526:c__Gammaproteobacteria:class;14525:p__Pseudomonadota:phylum;14524:d__Bacteria:superkingdom;1:root:no rank"
277013	"RS_GCF_000735345.1"	1	1.0	2.33	0	0	79.0	0.962	0.544	0.532	51	0.0	1	"277013:RS_GCF_000735345.1:subspecies;277009:s__Ewingella americana:species;277008:g__Ewingella:genus;14528:f__Enterobacteriaceae:family;14527:o__Enterobacterales:order;14526:c__Gammaproteobacteria:class;14525:p__Pseudomonadota:phylum;14524:d__Bacteria:superkingdom;1:root:no rank"
277009	"s__Ewingella americana"	1	1.0	2.33	0	0	79.0	0.962	0.544	0.532	51	0.0	1	"277009:s__Ewingella americana:species;277008:g__Ewingella:genus;14528:f__Enterobacteriaceae:family;14527:o__Enterobacterales:order;14526:c__Gammaproteobacteria:class;14525:p__Pseudomonadota:phylum;14524:d__Bacteria:superkingdom;1:root:no rank"
277008	"g__Ewingella"	1	1.0	2.33	0	0	79.0	0.962	0.544	0.532	51	0.0	1	"277008:g__Ewingella:genus;14528:f__Enterobacteriaceae:family;14527:o__Enterobacterales:order;14526:c__Gammaproteobacteria:class;14525:p__Pseudomonadota:phylum;14524:d__Bacteria:superkingdom;1:root:no rank"
301172	"g__Planococcus"	1	1.0	2.29	0	0	52.0	0.9808	0.288	0.308	24	0.0	2	"301172:g__Planococcus:genus;237019:f__Planococcaceae:family;167186:o__Bacillales:order;63358:c__Bacilli:class;63357:p__Bacillota:phylum;14524:d__Bacteria:superkingdom;1:root:no rank"
237019	"f__Planococcaceae"	1	1.0	2.29	0	0	52.0	0.9808	0.288	0.308	24	0.0	2	"237019:f__Planococcaceae:family;167186:o__Bacillales:order;63358:c__Bacilli:class;63357:p__Bacillota:phylum;14524:d__Bacteria:superkingdom;1:root:no rank"
329330	"RS_GCF_003096095.1"	1	1.0	3.91	0	0	32.0	1.0	0.719	0.719	4	0.0	1	"329330:RS_GCF_003096095.1:subspecies;329326:s__Dietzia psychralcaliphila:species;244908:g__Dietzia:genus;101058:f__Mycobacteriaceae:family;101057:o__Mycobacteriales:order;101056:c__Actinomycetia:class;101055:p__Actinomycetota:phylum;14524:d__Bacteria:superkingdom;1:root:no rank"
329326	"s__Dietzia psychralcaliphila"	1	1.0	3.91	0	0	32.0	1.0	0.719	0.719	4	0.0	1	"329326:s__Dietzia psychralcaliphila:species;244908:g__Dietzia:genus;101058:f__Mycobacteriaceae:family;101057:o__Mycobacteriales:order;101056:c__Actinomycetia:class;101055:p__Actinomycetota:phylum;14524:d__Bacteria:superkingdom;1:root:no rank"
244908	"g__Dietzia"	1	1.0	3.91	0	0	32.0	1.0	0.719	0.719	4	0.0	1	"244908:g__Dietzia:genus;101058:f__Mycobacteriaceae:family;101057:o__Mycobacteriales:order;101056:c__Actinomycetia:class;101055:p__Actinomycetota:phylum;14524:d__Bacteria:superkingdom;1:root:no rank"
433575	"RS_GCF_002165305.2"	1	1.0	4.3	0	0	60.0	0.9667	0.3	0.3	32	0.0	1	"433575:RS_GCF_002165305.2:subspecies;433574:s__Acinetobacter sp002165305:species;115235:g__Acinetobacter:genus;115234:f__Moraxellaceae:family;108193:o__Pseudomonadales:order;14526:c__Gammaproteobacteria:class;14525:p__Pseudomonadota:phylum;14524:d__Bacteria:superkingdom;1:root:no rank"
433574	"s__Acinetobacter sp002165305"	1	1.0	4.3	0	0	60.0	0.9667	0.3	0.3	32	0.0	1	"433574:s__Acinetobacter sp002165305:species;115235:g__Acinetobacter:genus;115234:f__Moraxellaceae:family;108193:o__Pseudomonadales:order;14526:c__Gammaproteobacteria:class;14525:p__Pseudomonadota:phylum;14524:d__Bacteria:superkingdom;1:root:no rank"
322580	"g__Curvibacter"	1	1.0	2.39	0	0.0	50.0	0.97	0.52	0.55	22	0.0	2	"322580:g__Curvibacter:genus;233990:f__Burkholderiaceae_B:family;137197:o__Burkholderiales:order;14526:c__Gammaproteobacteria:class;14525:p__Pseudomonadota:phylum;14524:d__Bacteria:superkingdom;1:root:no rank"
333066	"RS_GCF_016238465.1"	1	1.0	4.18	0	0.0	41.0	0.9756	0.341	0.317	13	0.0	1	"333066:RS_GCF_016238465.1:subspecies;333065:s__Staphylococcus caledonicus:species;63361:g__Staphylococcus:genus;63360:f__Staphylococcaceae:family;63359:o__Staphylococcales:order;63358:c__Bacilli:class;63357:p__Bacillota:phylum;14524:d__Bacteria:superkingdom;1:root:no rank"
333065	"s__Staphylococcus caledonicus"	1	1.0	4.18	0	0.0	41.0	0.9756	0.341	0.317	13	0.0	1	"333065:s__Staphylococcus caledonicus:species;63361:g__Staphylococcus:genus;63360:f__Staphylococcaceae:family;63359:o__Staphylococcales:order;63358:c__Bacilli:class;63357:p__Bacillota:phylum;14524:d__Bacteria:superkingdom;1:root:no rank"
403801	"GB_GCA_913778765.1"	1	1.0	2.01	0	0	46.0	0.9565	0.652	0.674	18	0.0	1	"403801:GB_GCA_913778765.1:subspecies;403800:s__Telluria sp913778765:species;287406:g__Telluria:genus;147451:f__Burkholderiaceae:family;137197:o__Burkholderiales:order;14526:c__Gammaproteobacteria:class;14525:p__Pseudomonadota:phylum;14524:d__Bacteria:superkingdom;1:root:no rank"
403800	"s__Telluria sp913778765"	1	1.0	2.01	0	0	46.0	0.9565	0.652	0.674	18	0.0	1	"403800:s__Telluria sp913778765:species;287406:g__Telluria:genus;147451:f__Burkholderiaceae:family;137197:o__Burkholderiales:order;14526:c__Gammaproteobacteria:class;14525:p__Pseudomonadota:phylum;14524:d__Bacteria:superkingdom;1:root:no rank"
262784	"RS_GCF_000467105.1"	1	1.0	1.27	0	0.0	38.0	0.9737	0.579	0.605	10	0.0	1	"262784:RS_GCF_000467105.1:subspecies;262773:s__Pseudomonas_E alcaligenes:species;154229:g__Pseudomonas_E:genus;108194:f__Pseudomonadaceae:family;108193:o__Pseudomonadales:order;14526:c__Gammaproteobacteria:class;14525:p__Pseudomonadota:phylum;14524:d__Bacteria:superkingdom;1:root:no rank"
262773	"s__Pseudomonas_E alcaligenes"	1	1.0	1.27	0	0.0	38.0	0.9737	0.579	0.605	10	0.0	1	"262773:s__Pseudomonas_E alcaligenes:species;154229:g__Pseudomonas_E:genus;108194:f__Pseudomonadaceae:family;108193:o__Pseudomonadales:order;14526:c__Gammaproteobacteria:class;14525:p__Pseudomonadota:phylum;14524:d__Bacteria:superkingdom;1:root:no rank"
480547	"RS_GCF_000717175.1"	1	1.0	2.67	0	0.0	36.0	0.9722	0.75	0.75	8	0.0	1	"480547:RS_GCF_000717175.1:subspecies;480546:s__Pseudonocardia autotrophica_A:species;274400:g__Pseudonocardia:genus;274399:f__Pseudonocardiaceae:family;101057:o__Mycobacteriales:order;101056:c__Actinomycetia:class;101055:p__Actinomycetota:phylum;14524:d__Bacteria:superkingdom;1:root:no rank"
480546	"s__Pseudonocardia autotrophica_A"	1	1.0	2.67	0	0.0	36.0	0.9722	0.75	0.75	8	0.0	1	"480546:s__Pseudonocardia autotrophica_A:species;274400:g__Pseudonocardia:genus;274399:f__Pseudonocardiaceae:family;101057:o__Mycobacteriales:order;101056:c__Actinomycetia:class;101055:p__Actinomycetota:phylum;14524:d__Bacteria:superkingdom;1:root:no rank"
251714	"g__Actinomyces"	1	1.0	2.55	0	0.0	45.0	0.9889	0.733	0.722	17	0.0	2	"251714:g__Actinomyces:genus;239098:f__Actinomycetaceae:family;171647:o__Actinomycetales:order;101056:c__Actinomycetia:class;101055:p__Actinomycetota:phylum;14524:d__Bacteria:superkingdom;1:root:no rank"
338846	"RS_GCF_013423955.1"	1	1.0	2.35	0	0	37.0	1.0	0.568	0.568	9	0.0	1	"338846:RS_GCF_013423955.1:subspecies;338845:s__Ottowia beijingensis:species;294662:g__Ottowia:genus;233990:f__Burkholderiaceae_B:family;137197:o__Burkholderiales:order;14526:c__Gammaproteobacteria:class;14525:p__Pseudomonadota:phylum;14524:d__Bacteria:superkingdom;1:root:no rank"
338845	"s__Ottowia beijingensis"	1	1.0	2.35	0	0	37.0	1.0	0.568	0.568	9	0.0	1	"338845:s__Ottowia beijingensis:species;294662:g__Ottowia:genus;233990:f__Burkholderiaceae_B:family;137197:o__Burkholderiales:order;14526:c__Gammaproteobacteria:class;14525:p__Pseudomonadota:phylum;14524:d__Bacteria:superkingdom;1:root:no rank"
491565	"GB_GCA_023387555.1"	1	1.0	2.08	0	0	35.0	0.9714	0.571	0.6	7	0.0	1	"491565:GB_GCA_023387555.1:subspecies;491564:s__Pseudorhodoplanes sp023387555:species;315712:g__Pseudorhodoplanes:genus;227325:f__Xanthobacteraceae:family;161314:o__Rhizobiales:order;159315:c__Alphaproteobacteria:class;14525:p__Pseudomonadota:phylum;14524:d__Bacteria:superkingdom;1:root:no rank"
491564	"s__Pseudorhodoplanes sp023387555"	1	1.0	2.08	0	0	35.0	0.9714	0.571	0.6	7	0.0	1	"491564:s__Pseudorhodoplanes sp023387555:species;315712:g__Pseudorhodoplanes:genus;227325:f__Xanthobacteraceae:family;161314:o__Rhizobiales:order;159315:c__Alphaproteobacteria:class;14525:p__Pseudomonadota:phylum;14524:d__Bacteria:superkingdom;1:root:no rank"
315712	"g__Pseudorhodoplanes"	1	1.0	2.08	0	0	35.0	0.9714	0.571	0.6	7	0.0	1	"315712:g__Pseudorhodoplanes:genus;227325:f__Xanthobacteraceae:family;161314:o__Rhizobiales:order;159315:c__Alphaproteobacteria:class;14525:p__Pseudomonadota:phylum;14524:d__Bacteria:superkingdom;1:root:no rank"
341937	"GB_GCA_903905455.1"	1	1.0	1.75	0.0	0.0	41.0	0.9512	0.756	0.756	13	0.0	1	"341937:GB_GCA_903905455.1:subspecies;341936:s__Archangium_A sp903905455:species;341935:g__Archangium_A:genus;257766:f__Myxococcaceae:family;257765:o__Myxococcales:order;257764:c__Myxococcia:class;257763:p__Myxococcota:phylum;14524:d__Bacteria:superkingdom;1:root:no rank"
341936	"s__Archangium_A sp903905455"	1	1.0	1.75	0.0	0.0	41.0	0.9512	0.756	0.756	13	0.0	1	"341936:s__Archangium_A sp903905455:species;341935:g__Archangium_A:genus;257766:f__Myxococcaceae:family;257765:o__Myxococcales:order;257764:c__Myxococcia:class;257763:p__Myxococcota:phylum;14524:d__Bacteria:superkingdom;1:root:no rank"
462567	"GB_GCA_024666615.1"	1	1.0	4.45	0	0	54.0	0.9815	0.778	0.759	26	0.0	1	"462567:GB_GCA_024666615.1:subspecies;462566:s__J223 sp024666615:species;462565:g__J223:genus;233990:f__Burkholderiaceae_B:family;137197:o__Burkholderiales:order;14526:c__Gammaproteobacteria:class;14525:p__Pseudomonadota:phylum;14524:d__Bacteria:superkingdom;1:root:no rank"
462566	"s__J223 sp024666615"	1	1.0	4.45	0	0	54.0	0.9815	0.778	0.759	26	0.0	1	"462566:s__J223 sp024666615:species;462565:g__J223:genus;233990:f__Burkholderiaceae_B:family;137197:o__Burkholderiales:order;14526:c__Gammaproteobacteria:class;14525:p__Pseudomonadota:phylum;14524:d__Bacteria:superkingdom;1:root:no rank"
462565	"g__J223"	1	1.0	4.45	0	0	54.0	0.9815	0.778	0.759	26	0.0	1	"462565:g__J223:genus;233990:f__Burkholderiaceae_B:family;137197:o__Burkholderiales:order;14526:c__Gammaproteobacteria:class;14525:p__Pseudomonadota:phylum;14524:d__Bacteria:superkingdom;1:root:no rank"
412645	"RS_GCF_013283875.1"	1	1.0	3.28	0	0	63.0	0.9841	0.254	0.27	35	0.0	1	"412645:RS_GCF_013283875.1:subspecies;412644:s__Mucilaginibacter mali:species;281909:g__Mucilaginibacter:genus;235547:f__Sphingobacteriaceae:family;235546:o__Sphingobacteriales:order;173791:c__Bacteroidia:class;173790:p__Bacteroidota:phylum;14524:d__Bacteria:superkingdom;1:root:no rank"
412644	"s__Mucilaginibacter mali"	1	1.0	3.28	0	0	63.0	0.9841	0.254	0.27	35	0.0	1	"412644:s__Mucilaginibacter mali:species;281909:g__Mucilaginibacter:genus;235547:f__Sphingobacteriaceae:family;235546:o__Sphingobacteriales:order;173791:c__Bacteroidia:class;173790:p__Bacteroidota:phylum;14524:d__Bacteria:superkingdom;1:root:no rank"
215781	"g__Leclercia"	1	1.0	2.7	0.0	0.0	104.0	0.9808	0.673	0.673	76	0.0	2	"215781:g__Leclercia:genus;14528:f__Enterobacteriaceae:family;14527:o__Enterobacterales:order;14526:c__Gammaproteobacteria:class;14525:p__Pseudomonadota:phylum;14524:d__Bacteria:superkingdom;1:root:no rank"
298347	"f__Thalassobaculaceae"	1	1.0	2.39	0	0	55.0	0.9697	0.691	0.691	27	0.0	3	"298347:f__Thalassobaculaceae:family;298346:o__Thalassobaculales:order;159315:c__Alphaproteobacteria:class;14525:p__Pseudomonadota:phylum;14524:d__Bacteria:superkingdom;1:root:no rank"
298346	"o__Thalassobaculales"	1	1.0	2.39	0	0	55.0	0.9697	0.691	0.691	27	0.0	3	"298346:o__Thalassobaculales:order;159315:c__Alphaproteobacteria:class;14525:p__Pseudomonadota:phylum;14524:d__Bacteria:superkingdom;1:root:no rank"
342254	"RS_GCF_006715095.1"	1	1.0	1.51	0.0	0	50.0	0.98	0.68	0.68	22	0.0	1	"342254:RS_GCF_006715095.1:subspecies;342252:s__Yimella lutea:species;342251:g__Yimella:genus;243063:f__Dermatophilaceae:family;171647:o__Actinomycetales:order;101056:c__Actinomycetia:class;101055:p__Actinomycetota:phylum;14524:d__Bacteria:superkingdom;1:root:no rank"
342252	"s__Yimella lutea"	1	1.0	1.51	0.0	0	50.0	0.98	0.68	0.68	22	0.0	1	"342252:s__Yimella lutea:species;342251:g__Yimella:genus;243063:f__Dermatophilaceae:family;171647:o__Actinomycetales:order;101056:c__Actinomycetia:class;101055:p__Actinomycetota:phylum;14524:d__Bacteria:superkingdom;1:root:no rank"
342251	"g__Yimella"	1	1.0	1.51	0.0	0	50.0	0.98	0.68	0.68	22	0.0	1	"342251:g__Yimella:genus;243063:f__Dermatophilaceae:family;171647:o__Actinomycetales:order;101056:c__Actinomycetia:class;101055:p__Actinomycetota:phylum;14524:d__Bacteria:superkingdom;1:root:no rank"
335680	"RS_GCF_002885955.2"	1	1.0	1.41	0.0	0	42.0	0.9762	0.524	0.548	14	0.0	1	"335680:RS_GCF_002885955.2:subspecies;335677:s__Achromobacter pulmonis_A:species;209128:g__Achromobacter:genus;158177:f__Burkholderiaceae_C:family;137197:o__Burkholderiales:order;14526:c__Gammaproteobacteria:class;14525:p__Pseudomonadota:phylum;14524:d__Bacteria:superkingdom;1:root:no rank"
335677	"s__Achromobacter pulmonis_A"	1	1.0	1.41	0.0	0	42.0	0.9762	0.524	0.548	14	0.0	1	"335677:s__Achromobacter pulmonis_A:species;209128:g__Achromobacter:genus;158177:f__Burkholderiaceae_C:family;137197:o__Burkholderiales:order;14526:c__Gammaproteobacteria:class;14525:p__Pseudomonadota:phylum;14524:d__Bacteria:superkingdom;1:root:no rank"
209128	"g__Achromobacter"	1	1.0	1.41	0.0	0	42.0	0.9762	0.524	0.548	14	0.0	1	"209128:g__Achromobacter:genus;158177:f__Burkholderiaceae_C:family;137197:o__Burkholderiales:order;14526:c__Gammaproteobacteria:class;14525:p__Pseudomonadota:phylum;14524:d__Bacteria:superkingdom;1:root:no rank"
369040	"RS_GCF_001467535.1"	1	1.0	2.43	0.0	0	66.0	0.9545	0.348	0.364	38	0.0	1	"369040:RS_GCF_001467535.1:subspecies;369038:s__Legionella worsleiensis:species;163128:g__Legionella:genus;163127:f__Legionellaceae:family;163126:o__Legionellales:order;14526:c__Gammaproteobacteria:class;14525:p__Pseudomonadota:phylum;14524:d__Bacteria:superkingdom;1:root:no rank"
369038	"s__Legionella worsleiensis"	1	1.0	2.43	0.0	0	66.0	0.9545	0.348	0.364	38	0.0	1	"369038:s__Legionella worsleiensis:species;163128:g__Legionella:genus;163127:f__Legionellaceae:family;163126:o__Legionellales:order;14526:c__Gammaproteobacteria:class;14525:p__Pseudomonadota:phylum;14524:d__Bacteria:superkingdom;1:root:no rank"
369844	"GB_GCA_019744875.1"	1	1.0	2.22	0.0	0.0	47.0	0.9574	0.723	0.702	19	0.0	1	"369844:GB_GCA_019744875.1:subspecies;369842:s__Hyphomicrobium_C sp019744875:species;351413:g__Hyphomicrobium_C:genus;308738:f__Hyphomicrobiaceae:family;161314:o__Rhizobiales:order;159315:c__Alphaproteobacteria:class;14525:p__Pseudomonadota:phylum;14524:d__Bacteria:superkingdom;1:root:no rank"
369842	"s__Hyphomicrobium_C sp019744875"	1	1.0	2.22	0.0	0.0	47.0	0.9574	0.723	0.702	19	0.0	1	"369842:s__Hyphomicrobium_C sp019744875:species;351413:g__Hyphomicrobium_C:genus;308738:f__Hyphomicrobiaceae:family;161314:o__Rhizobiales:order;159315:c__Alphaproteobacteria:class;14525:p__Pseudomonadota:phylum;14524:d__Bacteria:superkingdom;1:root:no rank"
488846	"RS_GCF_001425835.1"	1	1.01	2.86	0	0	121.0	0.9917	0.628	0.628	92	0.011	1	"488846:RS_GCF_001425835.1:subspecies;488845:s__Afipia sp001425835:species;270168:g__Afipia:genus;227325:f__Xanthobacteraceae:family;161314:o__Rhizobiales:order;159315:c__Alphaproteobacteria:class;14525:p__Pseudomonadota:phylum;14524:d__Bacteria:superkingdom;1:root:no rank"
488845	"s__Afipia sp001425835"	1	1.01	2.86	0	0	121.0	0.9917	0.628	0.628	92	0.011	1	"488845:s__Afipia sp001425835:species;270168:g__Afipia:genus;227325:f__Xanthobacteraceae:family;161314:o__Rhizobiales:order;159315:c__Alphaproteobacteria:class;14525:p__Pseudomonadota:phylum;14524:d__Bacteria:superkingdom;1:root:no rank"
372562	"RS_GCF_003675385.1"	1	1.0	3.03	0.0	0.0	35.0	0.9714	0.314	0.343	7	0.0	1	"372562:RS_GCF_003675385.1:subspecies;372561:s__Mucilaginibacter kameinonensis:species;281909:g__Mucilaginibacter:genus;235547:f__Sphingobacteriaceae:family;235546:o__Sphingobacteriales:order;173791:c__Bacteroidia:class;173790:p__Bacteroidota:phylum;14524:d__Bacteria:superkingdom;1:root:no rank"
372561	"s__Mucilaginibacter kameinonensis"	1	1.0	3.03	0.0	0.0	35.0	0.9714	0.314	0.343	7	0.0	1	"372561:s__Mucilaginibacter kameinonensis:species;281909:g__Mucilaginibacter:genus;235547:f__Sphingobacteriaceae:family;235546:o__Sphingobacteriales:order;173791:c__Bacteroidia:class;173790:p__Bacteroidota:phylum;14524:d__Bacteria:superkingdom;1:root:no rank"
503711	"GB_GCA_020161365.1"	1	1.0	1.85	0.0	0	40.0	0.975	0.75	0.725	12	0.0	1	"503711:GB_GCA_020161365.1:subspecies;503710:s__Caulobacter sp020161365:species;296322:g__Caulobacter:genus;231993:f__Caulobacteraceae:family;231992:o__Caulobacterales:order;159315:c__Alphaproteobacteria:class;14525:p__Pseudomonadota:phylum;14524:d__Bacteria:superkingdom;1:root:no rank"
503710	"s__Caulobacter sp020161365"	1	1.0	1.85	0.0	0	40.0	0.975	0.75	0.725	12	0.0	1	"503710:s__Caulobacter sp020161365:species;296322:g__Caulobacter:genus;231993:f__Caulobacteraceae:family;231992:o__Caulobacterales:order;159315:c__Alphaproteobacteria:class;14525:p__Pseudomonadota:phylum;14524:d__Bacteria:superkingdom;1:root:no rank"
413826	"GB_GCA_020697055.1"	1	1.0	1.27	0	0.0	46.0	0.9565	0.609	0.587	18	0.0	1	"413826:GB_GCA_020697055.1:subspecies;413825:s__Panacagrimonas sp020697055:species;389039:g__Panacagrimonas:genus;307456:f__Nevskiaceae:family;307455:o__Nevskiales:order;14526:c__Gammaproteobacteria:class;14525:p__Pseudomonadota:phylum;14524:d__Bacteria:superkingdom;1:root:no rank"
413825	"s__Panacagrimonas sp020697055"	1	1.0	1.27	0	0.0	46.0	0.9565	0.609	0.587	18	0.0	1	"413825:s__Panacagrimonas sp020697055:species;389039:g__Panacagrimonas:genus;307456:f__Nevskiaceae:family;307455:o__Nevskiales:order;14526:c__Gammaproteobacteria:class;14525:p__Pseudomonadota:phylum;14524:d__Bacteria:superkingdom;1:root:no rank"
389039	"g__Panacagrimonas"	1	1.0	1.27	0	0.0	46.0	0.9565	0.609	0.587	18	0.0	1	"389039:g__Panacagrimonas:genus;307456:f__Nevskiaceae:family;307455:o__Nevskiales:order;14526:c__Gammaproteobacteria:class;14525:p__Pseudomonadota:phylum;14524:d__Bacteria:superkingdom;1:root:no rank"
399872	"RS_GCF_022347545.1"	1	1.0	2.14	0	0	36.0	0.9722	0.472	0.472	8	0.0	1	"399872:RS_GCF_022347545.1:subspecies;399871:s__Mesorhizobium sp022347545:species;219532:g__Mesorhizobium:genus;161315:f__Rhizobiaceae:family;161314:o__Rhizobiales:order;159315:c__Alphaproteobacteria:class;14525:p__Pseudomonadota:phylum;14524:d__Bacteria:superkingdom;1:root:no rank"
399871	"s__Mesorhizobium sp022347545"	1	1.0	2.14	0	0	36.0	0.9722	0.472	0.472	8	0.0	1	"399871:s__Mesorhizobium sp022347545:species;219532:g__Mesorhizobium:genus;161315:f__Rhizobiaceae:family;161314:o__Rhizobiales:order;159315:c__Alphaproteobacteria:class;14525:p__Pseudomonadota:phylum;14524:d__Bacteria:superkingdom;1:root:no rank"
512706	"GB_GCA_905371865.1"	1	1.01	7.14	0.0	0	97.0	1.0	0.289	0.289	68	0.014	1	"512706:GB_GCA_905371865.1:subspecies;512705:s__Granulicatella sp905371865:species;266075:g__Granulicatella:genus;245357:f__Aerococcaceae:family;92156:o__Lactobacillales:order;63358:c__Bacilli:class;63357:p__Bacillota:phylum;14524:d__Bacteria:superkingdom;1:root:no rank"
512705	"s__Granulicatella sp905371865"	1	1.01	7.14	0.0	0	97.0	1.0	0.289	0.289	68	0.014	1	"512705:s__Granulicatella sp905371865:species;266075:g__Granulicatella:genus;245357:f__Aerococcaceae:family;92156:o__Lactobacillales:order;63358:c__Bacilli:class;63357:p__Bacillota:phylum;14524:d__Bacteria:superkingdom;1:root:no rank"
510666	"GB_GCA_913773725.1"	1	1.0	2.02	0.0	0.0	41.0	1.0	0.707	0.707	13	0.0	1	"510666:GB_GCA_913773725.1:subspecies;510665:s__Aquabacterium sp913773725:species;319972:g__Aquabacterium:genus;233990:f__Burkholderiaceae_B:family;137197:o__Burkholderiales:order;14526:c__Gammaproteobacteria:class;14525:p__Pseudomonadota:phylum;14524:d__Bacteria:superkingdom;1:root:no rank"
510665	"s__Aquabacterium sp913773725"	1	1.0	2.02	0.0	0.0	41.0	1.0	0.707	0.707	13	0.0	1	"510665:s__Aquabacterium sp913773725:species;319972:g__Aquabacterium:genus;233990:f__Burkholderiaceae_B:family;137197:o__Burkholderiales:order;14526:c__Gammaproteobacteria:class;14525:p__Pseudomonadota:phylum;14524:d__Bacteria:superkingdom;1:root:no rank"
295794	"RS_GCF_003031265.1"	1	1.02	2.59	0	0	77.0	0.961	0.649	0.662	48	0.02	1	"295794:RS_GCF_003031265.1:subspecies;295793:s__Rhodopseudomonas palustris_H:species;289755:g__Rhodopseudomonas:genus;227325:f__Xanthobacteraceae:family;161314:o__Rhizobiales:order;159315:c__Alphaproteobacteria:class;14525:p__Pseudomonadota:phylum;14524:d__Bacteria:superkingdom;1:root:no rank"
295793	"s__Rhodopseudomonas palustris_H"	1	1.02	2.59	0	0	77.0	0.961	0.649	0.662	48	0.02	1	"295793:s__Rhodopseudomonas palustris_H:species;289755:g__Rhodopseudomonas:genus;227325:f__Xanthobacteraceae:family;161314:o__Rhizobiales:order;159315:c__Alphaproteobacteria:class;14525:p__Pseudomonadota:phylum;14524:d__Bacteria:superkingdom;1:root:no rank"
254198	"RS_GCF_000367345.1"	1	1.0	1.8	0	0	46.0	0.9565	0.565	0.565	18	0.0	1	"254198:RS_GCF_000367345.1:subspecies;254181:s__Sphingobium xenophagum:species;240387:g__Sphingobium:genus;223508:f__Sphingomonadaceae:family;223507:o__Sphingomonadales:order;159315:c__Alphaproteobacteria:class;14525:p__Pseudomonadota:phylum;14524:d__Bacteria:superkingdom;1:root:no rank"
254181	"s__Sphingobium xenophagum"	1	1.0	1.8	0	0	46.0	0.9565	0.565	0.565	18	0.0	1	"254181:s__Sphingobium xenophagum:species;240387:g__Sphingobium:genus;223508:f__Sphingomonadaceae:family;223507:o__Sphingomonadales:order;159315:c__Alphaproteobacteria:class;14525:p__Pseudomonadota:phylum;14524:d__Bacteria:superkingdom;1:root:no rank"
342488	"RS_GCF_900101755.1"	1	1.0	1.95	0.0	0.0	39.0	0.9744	0.667	0.641	11	0.0	1	"342488:RS_GCF_900101755.1:subspecies;342487:s__Pseudomonas_E alcaliphila:species;154229:g__Pseudomonas_E:genus;108194:f__Pseudomonadaceae:family;108193:o__Pseudomonadales:order;14526:c__Gammaproteobacteria:class;14525:p__Pseudomonadota:phylum;14524:d__Bacteria:superkingdom;1:root:no rank"
342487	"s__Pseudomonas_E alcaliphila"	1	1.0	1.95	0.0	0.0	39.0	0.9744	0.667	0.641	11	0.0	1	"342487:s__Pseudomonas_E alcaliphila:species;154229:g__Pseudomonas_E:genus;108194:f__Pseudomonadaceae:family;108193:o__Pseudomonadales:order;14526:c__Gammaproteobacteria:class;14525:p__Pseudomonadota:phylum;14524:d__Bacteria:superkingdom;1:root:no rank"
414744	"GB_GCA_003248515.1"	1	1.0	2.59	0	0.0	64.0	0.9688	0.641	0.656	36	0.0	1	"414744:GB_GCA_003248515.1:subspecies;414743:s__Sphingomonas_I sp003248515:species;409325:g__Sphingomonas_I:genus;223508:f__Sphingomonadaceae:family;223507:o__Sphingomonadales:order;159315:c__Alphaproteobacteria:class;14525:p__Pseudomonadota:phylum;14524:d__Bacteria:superkingdom;1:root:no rank"
414743	"s__Sphingomonas_I sp003248515"	1	1.0	2.59	0	0.0	64.0	0.9688	0.641	0.656	36	0.0	1	"414743:s__Sphingomonas_I sp003248515:species;409325:g__Sphingomonas_I:genus;223508:f__Sphingomonadaceae:family;223507:o__Sphingomonadales:order;159315:c__Alphaproteobacteria:class;14525:p__Pseudomonadota:phylum;14524:d__Bacteria:superkingdom;1:root:no rank"
409325	"g__Sphingomonas_I"	1	1.0	2.59	0	0.0	64.0	0.9688	0.641	0.656	36	0.0	1	"409325:g__Sphingomonas_I:genus;223508:f__Sphingomonadaceae:family;223507:o__Sphingomonadales:order;159315:c__Alphaproteobacteria:class;14525:p__Pseudomonadota:phylum;14524:d__Bacteria:superkingdom;1:root:no rank"
236227	"g__Limnohabitans"	1	1.0	1.15	0	0.0	32.0	1.0	0.562	0.562	4	0.0	2	"236227:g__Limnohabitans:genus;233990:f__Burkholderiaceae_B:family;137197:o__Burkholderiales:order;14526:c__Gammaproteobacteria:class;14525:p__Pseudomonadota:phylum;14524:d__Bacteria:superkingdom;1:root:no rank"
454050	"RS_GCF_000577555.1"	1	1.0	2.38	0	0.0	65.0	0.9846	0.6	0.615	37	0.0	1	"454050:RS_GCF_000577555.1:subspecies;454049:s__Corynebacterium jeddahense:species;175271:g__Corynebacterium:genus;101058:f__Mycobacteriaceae:family;101057:o__Mycobacteriales:order;101056:c__Actinomycetia:class;101055:p__Actinomycetota:phylum;14524:d__Bacteria:superkingdom;1:root:no rank"
454049	"s__Corynebacterium jeddahense"	1	1.0	2.38	0	0.0	65.0	0.9846	0.6	0.615	37	0.0	1	"454049:s__Corynebacterium jeddahense:species;175271:g__Corynebacterium:genus;101058:f__Mycobacteriaceae:family;101057:o__Mycobacteriales:order;101056:c__Actinomycetia:class;101055:p__Actinomycetota:phylum;14524:d__Bacteria:superkingdom;1:root:no rank"
480441	"RS_GCF_003062295.1"	1	1.0	1.72	0	0	31.0	0.9677	0.613	0.581	3	0.0	1	"480441:RS_GCF_003062295.1:subspecies;480440:s__Bradyrhizobium algeriense:species;227326:g__Bradyrhizobium:genus;227325:f__Xanthobacteraceae:family;161314:o__Rhizobiales:order;159315:c__Alphaproteobacteria:class;14525:p__Pseudomonadota:phylum;14524:d__Bacteria:superkingdom;1:root:no rank"
480440	"s__Bradyrhizobium algeriense"	1	1.0	1.72	0	0	31.0	0.9677	0.613	0.581	3	0.0	1	"480440:s__Bradyrhizobium algeriense:species;227326:g__Bradyrhizobium:genus;227325:f__Xanthobacteraceae:family;161314:o__Rhizobiales:order;159315:c__Alphaproteobacteria:class;14525:p__Pseudomonadota:phylum;14524:d__Bacteria:superkingdom;1:root:no rank"
289715	"g__Gemella"	1	1.0	2.49	0.0	0.0	78.0	0.9615	0.308	0.314	50	0.0	2	"289715:g__Gemella:genus;289714:f__Gemellaceae:family;63359:o__Staphylococcales:order;63358:c__Bacilli:class;63357:p__Bacillota:phylum;14524:d__Bacteria:superkingdom;1:root:no rank"
289714	"f__Gemellaceae"	1	1.0	2.49	0.0	0.0	78.0	0.9615	0.308	0.314	50	0.0	2	"289714:f__Gemellaceae:family;63359:o__Staphylococcales:order;63358:c__Bacilli:class;63357:p__Bacillota:phylum;14524:d__Bacteria:superkingdom;1:root:no rank"
400047	"RS_GCF_014207955.1"	1	1.0	3.12	0	0.0	80.0	0.975	0.725	0.7	52	0.0	1	"400047:RS_GCF_014207955.1:subspecies;400046:s__Acidovorax soli_A:species;258853:g__Acidovorax:genus;233990:f__Burkholderiaceae_B:family;137197:o__Burkholderiales:order;14526:c__Gammaproteobacteria:class;14525:p__Pseudomonadota:phylum;14524:d__Bacteria:superkingdom;1:root:no rank"
400046	"s__Acidovorax soli_A"	1	1.0	3.12	0	0.0	80.0	0.975	0.725	0.7	52	0.0	1	"400046:s__Acidovorax soli_A:species;258853:g__Acidovorax:genus;233990:f__Burkholderiaceae_B:family;137197:o__Burkholderiales:order;14526:c__Gammaproteobacteria:class;14525:p__Pseudomonadota:phylum;14524:d__Bacteria:superkingdom;1:root:no rank"
318109	"RS_GCF_023503965.1"	1	1.03	2.54	0.0	0.0	68.0	1.0	0.691	0.691	39	0.025	1	"318109:RS_GCF_023503965.1:subspecies;318108:s__Brevundimonas albigilva:species;256529:g__Brevundimonas:genus;231993:f__Caulobacteraceae:family;231992:o__Caulobacterales:order;159315:c__Alphaproteobacteria:class;14525:p__Pseudomonadota:phylum;14524:d__Bacteria:superkingdom;1:root:no rank"
318108	"s__Brevundimonas albigilva"	1	1.03	2.54	0.0	0.0	68.0	1.0	0.691	0.691	39	0.025	1	"318108:s__Brevundimonas albigilva:species;256529:g__Brevundimonas:genus;231993:f__Caulobacteraceae:family;231992:o__Caulobacterales:order;159315:c__Alphaproteobacteria:class;14525:p__Pseudomonadota:phylum;14524:d__Bacteria:superkingdom;1:root:no rank"
451915	"GB_GCA_009885595.1"	1	1.0	4.64	0.0	0.0	34.0	0.9706	0.706	0.676	6	0.0	1	"451915:GB_GCA_009885595.1:subspecies;451914:s__Archangium_A sp009885595:species;341935:g__Archangium_A:genus;257766:f__Myxococcaceae:family;257765:o__Myxococcales:order;257764:c__Myxococcia:class;257763:p__Myxococcota:phylum;14524:d__Bacteria:superkingdom;1:root:no rank"
451914	"s__Archangium_A sp009885595"	1	1.0	4.64	0.0	0.0	34.0	0.9706	0.706	0.676	6	0.0	1	"451914:s__Archangium_A sp009885595:species;341935:g__Archangium_A:genus;257766:f__Myxococcaceae:family;257765:o__Myxococcales:order;257764:c__Myxococcia:class;257763:p__Myxococcota:phylum;14524:d__Bacteria:superkingdom;1:root:no rank"
410510	"GB_GCA_016714225.1"	1	1.0	2.79	0.0	0.0	44.0	0.9545	0.75	0.727	16	0.0	1	"410510:GB_GCA_016714225.1:subspecies;410509:s__JAEUJP01 sp016714225:species;410508:g__JAEUJP01:genus;257766:f__Myxococcaceae:family;257765:o__Myxococcales:order;257764:c__Myxococcia:class;257763:p__Myxococcota:phylum;14524:d__Bacteria:superkingdom;1:root:no rank"
410509	"s__JAEUJP01 sp016714225"	1	1.0	2.79	0.0	0.0	44.0	0.9545	0.75	0.727	16	0.0	1	"410509:s__JAEUJP01 sp016714225:species;410508:g__JAEUJP01:genus;257766:f__Myxococcaceae:family;257765:o__Myxococcales:order;257764:c__Myxococcia:class;257763:p__Myxococcota:phylum;14524:d__Bacteria:superkingdom;1:root:no rank"
410508	"g__JAEUJP01"	1	1.0	2.79	0.0	0.0	44.0	0.9545	0.75	0.727	16	0.0	1	"410508:g__JAEUJP01:genus;257766:f__Myxococcaceae:family;257765:o__Myxococcales:order;257764:c__Myxococcia:class;257763:p__Myxococcota:phylum;14524:d__Bacteria:superkingdom;1:root:no rank"
352997	"GB_GCA_900104855.1"	1	1.0	3.33	0.0	0	42.0	0.9524	0.714	0.714	14	0.0	1	"352997:GB_GCA_900104855.1:subspecies;352995:s__GAS188 sp900104855:species;315650:g__GAS188:genus;251231:f__Beijerinckiaceae:family;161314:o__Rhizobiales:order;159315:c__Alphaproteobacteria:class;14525:p__Pseudomonadota:phylum;14524:d__Bacteria:superkingdom;1:root:no rank"
352995	"s__GAS188 sp900104855"	1	1.0	3.33	0.0	0	42.0	0.9524	0.714	0.714	14	0.0	1	"352995:s__GAS188 sp900104855:species;315650:g__GAS188:genus;251231:f__Beijerinckiaceae:family;161314:o__Rhizobiales:order;159315:c__Alphaproteobacteria:class;14525:p__Pseudomonadota:phylum;14524:d__Bacteria:superkingdom;1:root:no rank"
315650	"g__GAS188"	1	1.0	3.33	0.0	0	42.0	0.9524	0.714	0.714	14	0.0	1	"315650:g__GAS188:genus;251231:f__Beijerinckiaceae:family;161314:o__Rhizobiales:order;159315:c__Alphaproteobacteria:class;14525:p__Pseudomonadota:phylum;14524:d__Bacteria:superkingdom;1:root:no rank"
272524	"RS_GCF_000368025.1"	1	1.0	3.45	0.0	0.0	31.0	1.0	0.452	0.452	3	0.0	1	"272524:RS_GCF_000368025.1:subspecies;272520:s__Acinetobacter parvus:species;115235:g__Acinetobacter:genus;115234:f__Moraxellaceae:family;108193:o__Pseudomonadales:order;14526:c__Gammaproteobacteria:class;14525:p__Pseudomonadota:phylum;14524:d__Bacteria:superkingdom;1:root:no rank"
272520	"s__Acinetobacter parvus"	1	1.0	3.45	0.0	0.0	31.0	1.0	0.452	0.452	3	0.0	1	"272520:s__Acinetobacter parvus:species;115235:g__Acinetobacter:genus;115234:f__Moraxellaceae:family;108193:o__Pseudomonadales:order;14526:c__Gammaproteobacteria:class;14525:p__Pseudomonadota:phylum;14524:d__Bacteria:superkingdom;1:root:no rank"
394789	"GB_GCA_013327885.1"	1	1.0	1.51	0	0	33.0	0.9697	0.545	0.576	5	0.0	1	"394789:GB_GCA_013327885.1:subspecies;394788:s__Flavisolibacter sp013327885:species;342623:g__Flavisolibacter:genus;257281:f__Chitinophagaceae:family;257280:o__Chitinophagales:order;173791:c__Bacteroidia:class;173790:p__Bacteroidota:phylum;14524:d__Bacteria:superkingdom;1:root:no rank"
394788	"s__Flavisolibacter sp013327885"	1	1.0	1.51	0	0	33.0	0.9697	0.545	0.576	5	0.0	1	"394788:s__Flavisolibacter sp013327885:species;342623:g__Flavisolibacter:genus;257281:f__Chitinophagaceae:family;257280:o__Chitinophagales:order;173791:c__Bacteroidia:class;173790:p__Bacteroidota:phylum;14524:d__Bacteria:superkingdom;1:root:no rank"
342623	"g__Flavisolibacter"	1	1.0	1.51	0	0	33.0	0.9697	0.545	0.576	5	0.0	1	"342623:g__Flavisolibacter:genus;257281:f__Chitinophagaceae:family;257280:o__Chitinophagales:order;173791:c__Bacteroidia:class;173790:p__Bacteroidota:phylum;14524:d__Bacteria:superkingdom;1:root:no rank"
327896	"GB_GCA_002324875.1"	1	1.0	4.71	0	0	102.0	0.9608	0.549	0.529	74	0.0	1	"327896:GB_GCA_002324875.1:subspecies;327892:s__Luteimonas_D sp002324875:species;327891:g__Luteimonas_D:genus;177470:f__Xanthomonadaceae:family;177469:o__Xanthomonadales:order;14526:c__Gammaproteobacteria:class;14525:p__Pseudomonadota:phylum;14524:d__Bacteria:superkingdom;1:root:no rank"
327892	"s__Luteimonas_D sp002324875"	1	1.0	4.71	0	0	102.0	0.9608	0.549	0.529	74	0.0	1	"327892:s__Luteimonas_D sp002324875:species;327891:g__Luteimonas_D:genus;177470:f__Xanthomonadaceae:family;177469:o__Xanthomonadales:order;14526:c__Gammaproteobacteria:class;14525:p__Pseudomonadota:phylum;14524:d__Bacteria:superkingdom;1:root:no rank"
327891	"g__Luteimonas_D"	1	1.0	4.71	0	0	102.0	0.9608	0.549	0.529	74	0.0	1	"327891:g__Luteimonas_D:genus;177470:f__Xanthomonadaceae:family;177469:o__Xanthomonadales:order;14526:c__Gammaproteobacteria:class;14525:p__Pseudomonadota:phylum;14524:d__Bacteria:superkingdom;1:root:no rank"
196037	"RS_GCF_000011645.1"	1	1.0	1.18	0.0	0	37.0	1.0	0.595	0.595	9	0.0	1	"196037:RS_GCF_000011645.1:subspecies;195976:s__Bacillus licheniformis:species;167188:g__Bacillus:genus;167187:f__Bacillaceae:family;167186:o__Bacillales:order;63358:c__Bacilli:class;63357:p__Bacillota:phylum;14524:d__Bacteria:superkingdom;1:root:no rank"
195976	"s__Bacillus licheniformis"	1	1.0	1.18	0.0	0	37.0	1.0	0.595	0.595	9	0.0	1	"195976:s__Bacillus licheniformis:species;167188:g__Bacillus:genus;167187:f__Bacillaceae:family;167186:o__Bacillales:order;63358:c__Bacilli:class;63357:p__Bacillota:phylum;14524:d__Bacteria:superkingdom;1:root:no rank"
407806	"RS_GCF_000379725.1"	1	1.0	1.16	0	0.0	48.0	0.9792	0.562	0.583	20	0.0	1	"407806:RS_GCF_000379725.1:subspecies;407805:s__Cytophaga aurantiaca:species;379195:g__Cytophaga:genus;379194:f__Cytophagaceae:family;268144:o__Cytophagales:order;173791:c__Bacteroidia:class;173790:p__Bacteroidota:phylum;14524:d__Bacteria:superkingdom;1:root:no rank"
407805	"s__Cytophaga aurantiaca"	1	1.0	1.16	0	0.0	48.0	0.9792	0.562	0.583	20	0.0	1	"407805:s__Cytophaga aurantiaca:species;379195:g__Cytophaga:genus;379194:f__Cytophagaceae:family;268144:o__Cytophagales:order;173791:c__Bacteroidia:class;173790:p__Bacteroidota:phylum;14524:d__Bacteria:superkingdom;1:root:no rank"
246273	"g__Exiguobacterium"	1	1.0	2.71	0	0.0	31.0	0.9731	0.581	0.554	3	0.0	6	"246273:g__Exiguobacterium:genus;246272:f__Exiguobacteraceae:family;246271:o__Exiguobacterales:order;63358:c__Bacilli:class;63357:p__Bacillota:phylum;14524:d__Bacteria:superkingdom;1:root:no rank"
477768	"GB_GCA_017306585.1"	1	1.0	5.24	0.0	0.0	38.0	1.0	0.658	0.658	10	0.0	1	"477768:GB_GCA_017306585.1:subspecies;477767:s__Mesorhizobium sp017306585:species;219532:g__Mesorhizobium:genus;161315:f__Rhizobiaceae:family;161314:o__Rhizobiales:order;159315:c__Alphaproteobacteria:class;14525:p__Pseudomonadota:phylum;14524:d__Bacteria:superkingdom;1:root:no rank"
477767	"s__Mesorhizobium sp017306585"	1	1.0	5.24	0.0	0.0	38.0	1.0	0.658	0.658	10	0.0	1	"477767:s__Mesorhizobium sp017306585:species;219532:g__Mesorhizobium:genus;161315:f__Rhizobiaceae:family;161314:o__Rhizobiales:order;159315:c__Alphaproteobacteria:class;14525:p__Pseudomonadota:phylum;14524:d__Bacteria:superkingdom;1:root:no rank"
471300	"RS_GCF_006385255.1"	1	1.0	3.21	0	0.0	60.0	1.0	0.417	0.417	32	0.0	1	"471300:RS_GCF_006385255.1:subspecies;471299:s__Flavobacterium microcysteis:species;190478:g__Flavobacterium:genus;190477:f__Flavobacteriaceae:family;190476:o__Flavobacteriales:order;173791:c__Bacteroidia:class;173790:p__Bacteroidota:phylum;14524:d__Bacteria:superkingdom;1:root:no rank"
471299	"s__Flavobacterium microcysteis"	1	1.0	3.21	0	0.0	60.0	1.0	0.417	0.417	32	0.0	1	"471299:s__Flavobacterium microcysteis:species;190478:g__Flavobacterium:genus;190477:f__Flavobacteriaceae:family;190476:o__Flavobacteriales:order;173791:c__Bacteroidia:class;173790:p__Bacteroidota:phylum;14524:d__Bacteria:superkingdom;1:root:no rank"
363486	"RS_GCF_015351405.1"	1	1.0	1.84	0	0.0	32.0	1.0	0.688	0.688	4	0.0	1	"363486:RS_GCF_015351405.1:subspecies;363485:s__Corynebacterium suicordis:species;175271:g__Corynebacterium:genus;101058:f__Mycobacteriaceae:family;101057:o__Mycobacteriales:order;101056:c__Actinomycetia:class;101055:p__Actinomycetota:phylum;14524:d__Bacteria:superkingdom;1:root:no rank"
363485	"s__Corynebacterium suicordis"	1	1.0	1.84	0	0.0	32.0	1.0	0.688	0.688	4	0.0	1	"363485:s__Corynebacterium suicordis:species;175271:g__Corynebacterium:genus;101058:f__Mycobacteriaceae:family;101057:o__Mycobacteriales:order;101056:c__Actinomycetia:class;101055:p__Actinomycetota:phylum;14524:d__Bacteria:superkingdom;1:root:no rank"
274997	"RS_GCF_900636545.1"	1	1.0	2.64	0.0	0	95.0	0.9684	0.684	0.684	67	0.0	1	"274997:RS_GCF_900636545.1:subspecies;274996:s__Pseudomonas_E mendocina:species;154229:g__Pseudomonas_E:genus;108194:f__Pseudomonadaceae:family;108193:o__Pseudomonadales:order;14526:c__Gammaproteobacteria:class;14525:p__Pseudomonadota:phylum;14524:d__Bacteria:superkingdom;1:root:no rank"
274996	"s__Pseudomonas_E mendocina"	1	1.0	2.64	0.0	0	95.0	0.9684	0.684	0.684	67	0.0	1	"274996:s__Pseudomonas_E mendocina:species;154229:g__Pseudomonas_E:genus;108194:f__Pseudomonadaceae:family;108193:o__Pseudomonadales:order;14526:c__Gammaproteobacteria:class;14525:p__Pseudomonadota:phylum;14524:d__Bacteria:superkingdom;1:root:no rank"
291521	"RS_GCF_016127015.1"	1	1.0	2.06	0	0	98.0	1.0	0.582	0.582	70	0.0	1	"291521:RS_GCF_016127015.1:subspecies;291515:s__Corynebacterium aurimucosum_E:species;175271:g__Corynebacterium:genus;101058:f__Mycobacteriaceae:family;101057:o__Mycobacteriales:order;101056:c__Actinomycetia:class;101055:p__Actinomycetota:phylum;14524:d__Bacteria:superkingdom;1:root:no rank"
291515	"s__Corynebacterium aurimucosum_E"	1	1.0	2.06	0	0	98.0	1.0	0.582	0.582	70	0.0	1	"291515:s__Corynebacterium aurimucosum_E:species;175271:g__Corynebacterium:genus;101058:f__Mycobacteriaceae:family;101057:o__Mycobacteriales:order;101056:c__Actinomycetia:class;101055:p__Actinomycetota:phylum;14524:d__Bacteria:superkingdom;1:root:no rank"
418804	"GB_GCA_013823565.1"	1	1.0	1.85	0	0	37.0	0.973	0.432	0.459	9	0.0	1	"418804:GB_GCA_013823565.1:subspecies;418803:s__UBA4416 sp013823565:species;283490:g__UBA4416:genus;283489:f__B-17BO:family;283488:o__AKYH767:order;173791:c__Bacteroidia:class;173790:p__Bacteroidota:phylum;14524:d__Bacteria:superkingdom;1:root:no rank"
418803	"s__UBA4416 sp013823565"	1	1.0	1.85	0	0	37.0	0.973	0.432	0.459	9	0.0	1	"418803:s__UBA4416 sp013823565:species;283490:g__UBA4416:genus;283489:f__B-17BO:family;283488:o__AKYH767:order;173791:c__Bacteroidia:class;173790:p__Bacteroidota:phylum;14524:d__Bacteria:superkingdom;1:root:no rank"
348818	"RS_GCF_016597785.1"	1	1.0	2.95	0.0	0	63.0	0.9841	0.619	0.603	35	0.0	1	"348818:RS_GCF_016597785.1:subspecies;348817:s__Leucobacter sp001373475:species;284287:g__Leucobacter:genus;219704:f__Microbacteriaceae:family;171647:o__Actinomycetales:order;101056:c__Actinomycetia:class;101055:p__Actinomycetota:phylum;14524:d__Bacteria:superkingdom;1:root:no rank"
348817	"s__Leucobacter sp001373475"	1	1.0	2.95	0.0	0	63.0	0.9841	0.619	0.603	35	0.0	1	"348817:s__Leucobacter sp001373475:species;284287:g__Leucobacter:genus;219704:f__Microbacteriaceae:family;171647:o__Actinomycetales:order;101056:c__Actinomycetia:class;101055:p__Actinomycetota:phylum;14524:d__Bacteria:superkingdom;1:root:no rank"
376607	"RS_GCF_014524545.1"	1	1.0	1.97	0	0.0	31.0	0.9677	0.516	0.548	3	0.0	1	"376607:RS_GCF_014524545.1:subspecies;376606:s__Exiguobacterium_A sp004339505:species;250822:g__Exiguobacterium_A:genus;246272:f__Exiguobacteraceae:family;246271:o__Exiguobacterales:order;63358:c__Bacilli:class;63357:p__Bacillota:phylum;14524:d__Bacteria:superkingdom;1:root:no rank"
376606	"s__Exiguobacterium_A sp004339505"	1	1.0	1.97	0	0.0	31.0	0.9677	0.516	0.548	3	0.0	1	"376606:s__Exiguobacterium_A sp004339505:species;250822:g__Exiguobacterium_A:genus;246272:f__Exiguobacteraceae:family;246271:o__Exiguobacterales:order;63358:c__Bacilli:class;63357:p__Bacillota:phylum;14524:d__Bacteria:superkingdom;1:root:no rank"
350203	"RS_GCF_002742645.2"	1	1.02	1.85	0.0	0.0	84.0	0.9881	0.56	0.571	55	0.018	1	"350203:RS_GCF_002742645.2:subspecies;350201:s__Caulobacter sp002742645:species;296322:g__Caulobacter:genus;231993:f__Caulobacteraceae:family;231992:o__Caulobacterales:order;159315:c__Alphaproteobacteria:class;14525:p__Pseudomonadota:phylum;14524:d__Bacteria:superkingdom;1:root:no rank"
350201	"s__Caulobacter sp002742645"	1	1.02	1.85	0.0	0.0	84.0	0.9881	0.56	0.571	55	0.018	1	"350201:s__Caulobacter sp002742645:species;296322:g__Caulobacter:genus;231993:f__Caulobacteraceae:family;231992:o__Caulobacterales:order;159315:c__Alphaproteobacteria:class;14525:p__Pseudomonadota:phylum;14524:d__Bacteria:superkingdom;1:root:no rank"
408632	"GB_GCA_009379895.1"	1	1.0	1.92	0	0.0	47.0	0.9574	0.66	0.702	19	0.0	1	"408632:GB_GCA_009379895.1:subspecies;408631:s__WHSW01 sp009379895:species;408630:g__WHSW01:genus;298182:f__70-9:family;242818:o__Solirubrobacterales:order;242817:c__Thermoleophilia:class;101055:p__Actinomycetota:phylum;14524:d__Bacteria:superkingdom;1:root:no rank"
408631	"s__WHSW01 sp009379895"	1	1.0	1.92	0	0.0	47.0	0.9574	0.66	0.702	19	0.0	1	"408631:s__WHSW01 sp009379895:species;408630:g__WHSW01:genus;298182:f__70-9:family;242818:o__Solirubrobacterales:order;242817:c__Thermoleophilia:class;101055:p__Actinomycetota:phylum;14524:d__Bacteria:superkingdom;1:root:no rank"
408630	"g__WHSW01"	1	1.0	1.92	0	0.0	47.0	0.9574	0.66	0.702	19	0.0	1	"408630:g__WHSW01:genus;298182:f__70-9:family;242818:o__Solirubrobacterales:order;242817:c__Thermoleophilia:class;101055:p__Actinomycetota:phylum;14524:d__Bacteria:superkingdom;1:root:no rank"
342297	"RS_GCF_004378255.1"	1	1.0	2.59	0	0	82.0	0.9512	0.39	0.39	54	0.0	1	"342297:RS_GCF_004378255.1:subspecies;342295:s__Mucilaginibacter phyllosphaerae:species;281909:g__Mucilaginibacter:genus;235547:f__Sphingobacteriaceae:family;235546:o__Sphingobacteriales:order;173791:c__Bacteroidia:class;173790:p__Bacteroidota:phylum;14524:d__Bacteria:superkingdom;1:root:no rank"
342295	"s__Mucilaginibacter phyllosphaerae"	1	1.0	2.59	0	0	82.0	0.9512	0.39	0.39	54	0.0	1	"342295:s__Mucilaginibacter phyllosphaerae:species;281909:g__Mucilaginibacter:genus;235547:f__Sphingobacteriaceae:family;235546:o__Sphingobacteriales:order;173791:c__Bacteroidia:class;173790:p__Bacteroidota:phylum;14524:d__Bacteria:superkingdom;1:root:no rank"
419538	"RS_GCF_016888335.1"	1	1.0	3.72	0	0.0	42.0	1.0	0.738	0.738	14	0.0	1	"419538:RS_GCF_016888335.1:subspecies;419537:s__Marihabitans endophyticus:species;259878:g__Marihabitans:genus;243063:f__Dermatophilaceae:family;171647:o__Actinomycetales:order;101056:c__Actinomycetia:class;101055:p__Actinomycetota:phylum;14524:d__Bacteria:superkingdom;1:root:no rank"
419537	"s__Marihabitans endophyticus"	1	1.0	3.72	0	0.0	42.0	1.0	0.738	0.738	14	0.0	1	"419537:s__Marihabitans endophyticus:species;259878:g__Marihabitans:genus;243063:f__Dermatophilaceae:family;171647:o__Actinomycetales:order;101056:c__Actinomycetia:class;101055:p__Actinomycetota:phylum;14524:d__Bacteria:superkingdom;1:root:no rank"
259878	"g__Marihabitans"	1	1.0	3.72	0	0.0	42.0	1.0	0.738	0.738	14	0.0	1	"259878:g__Marihabitans:genus;243063:f__Dermatophilaceae:family;171647:o__Actinomycetales:order;101056:c__Actinomycetia:class;101055:p__Actinomycetota:phylum;14524:d__Bacteria:superkingdom;1:root:no rank"
322032	"g__Devosia_A"	1	1.0	2.27	0.0	0	80.0	0.9563	0.662	0.675	52	0.0	2	"322032:g__Devosia_A:genus;303137:f__Devosiaceae:family;161314:o__Rhizobiales:order;159315:c__Alphaproteobacteria:class;14525:p__Pseudomonadota:phylum;14524:d__Bacteria:superkingdom;1:root:no rank"
303137	"f__Devosiaceae"	1	1.0	2.27	0.0	0	80.0	0.9563	0.662	0.675	52	0.0	2	"303137:f__Devosiaceae:family;161314:o__Rhizobiales:order;159315:c__Alphaproteobacteria:class;14525:p__Pseudomonadota:phylum;14524:d__Bacteria:superkingdom;1:root:no rank"
353672	"RS_GCF_001412575.1"	1	1.0	2.27	0.0	0	71.0	0.9718	0.62	0.592	43	0.0	1	"353672:RS_GCF_001412575.1:subspecies;353670:s__Limnohabitans_A sp001412575:species;248965:g__Limnohabitans_A:genus;233990:f__Burkholderiaceae_B:family;137197:o__Burkholderiales:order;14526:c__Gammaproteobacteria:class;14525:p__Pseudomonadota:phylum;14524:d__Bacteria:superkingdom;1:root:no rank"
353670	"s__Limnohabitans_A sp001412575"	1	1.0	2.27	0.0	0	71.0	0.9718	0.62	0.592	43	0.0	1	"353670:s__Limnohabitans_A sp001412575:species;248965:g__Limnohabitans_A:genus;233990:f__Burkholderiaceae_B:family;137197:o__Burkholderiales:order;14526:c__Gammaproteobacteria:class;14525:p__Pseudomonadota:phylum;14524:d__Bacteria:superkingdom;1:root:no rank"
208669	"RS_GCF_021282585.1"	1	1.02	1.9	0	0	85.0	0.9529	0.541	0.565	56	0.018	1	"208669:RS_GCF_021282585.1:subspecies;208601:s__Pseudomonas_E alloputida:species;154229:g__Pseudomonas_E:genus;108194:f__Pseudomonadaceae:family;108193:o__Pseudomonadales:order;14526:c__Gammaproteobacteria:class;14525:p__Pseudomonadota:phylum;14524:d__Bacteria:superkingdom;1:root:no rank"
208601	"s__Pseudomonas_E alloputida"	1	1.02	1.9	0	0	85.0	0.9529	0.541	0.565	56	0.018	1	"208601:s__Pseudomonas_E alloputida:species;154229:g__Pseudomonas_E:genus;108194:f__Pseudomonadaceae:family;108193:o__Pseudomonadales:order;14526:c__Gammaproteobacteria:class;14525:p__Pseudomonadota:phylum;14524:d__Bacteria:superkingdom;1:root:no rank"
454289	"RS_GCF_020026925.1"	1	1.0	7.67	0	0	44.0	0.9545	0.205	0.25	16	0.0	1	"454289:RS_GCF_020026925.1:subspecies;454288:s__Flavobacterium hibisci:species;190478:g__Flavobacterium:genus;190477:f__Flavobacteriaceae:family;190476:o__Flavobacteriales:order;173791:c__Bacteroidia:class;173790:p__Bacteroidota:phylum;14524:d__Bacteria:superkingdom;1:root:no rank"
454288	"s__Flavobacterium hibisci"	1	1.0	7.67	0	0	44.0	0.9545	0.205	0.25	16	0.0	1	"454288:s__Flavobacterium hibisci:species;190478:g__Flavobacterium:genus;190477:f__Flavobacteriaceae:family;190476:o__Flavobacteriales:order;173791:c__Bacteroidia:class;173790:p__Bacteroidota:phylum;14524:d__Bacteria:superkingdom;1:root:no rank"
407424	"GB_GCA_021811005.1"	1	1.0	2.3	0	0	32.0	0.9688	0.562	0.594	4	0.0	1	"407424:GB_GCA_021811005.1:subspecies;407423:s__JAKBAT01 sp021811005:species;407422:g__JAKBAT01:genus;234993:f__Ferrovaceae:family;137197:o__Burkholderiales:order;14526:c__Gammaproteobacteria:class;14525:p__Pseudomonadota:phylum;14524:d__Bacteria:superkingdom;1:root:no rank"
407423	"s__JAKBAT01 sp021811005"	1	1.0	2.3	0	0	32.0	0.9688	0.562	0.594	4	0.0	1	"407423:s__JAKBAT01 sp021811005:species;407422:g__JAKBAT01:genus;234993:f__Ferrovaceae:family;137197:o__Burkholderiales:order;14526:c__Gammaproteobacteria:class;14525:p__Pseudomonadota:phylum;14524:d__Bacteria:superkingdom;1:root:no rank"
407422	"g__JAKBAT01"	1	1.0	2.3	0	0	32.0	0.9688	0.562	0.594	4	0.0	1	"407422:g__JAKBAT01:genus;234993:f__Ferrovaceae:family;137197:o__Burkholderiales:order;14526:c__Gammaproteobacteria:class;14525:p__Pseudomonadota:phylum;14524:d__Bacteria:superkingdom;1:root:no rank"
234993	"f__Ferrovaceae"	1	1.0	2.3	0	0	32.0	0.9688	0.562	0.594	4	0.0	1	"234993:f__Ferrovaceae:family;137197:o__Burkholderiales:order;14526:c__Gammaproteobacteria:class;14525:p__Pseudomonadota:phylum;14524:d__Bacteria:superkingdom;1:root:no rank"
477869	"GB_GCA_019635515.1"	1	1.0	2.02	0	0	63.0	0.9683	0.635	0.635	35	0.0	1	"477869:GB_GCA_019635515.1:subspecies;477868:s__Sphingomonas sp019635515:species;223509:g__Sphingomonas:genus;223508:f__Sphingomonadaceae:family;223507:o__Sphingomonadales:order;159315:c__Alphaproteobacteria:class;14525:p__Pseudomonadota:phylum;14524:d__Bacteria:superkingdom;1:root:no rank"
477868	"s__Sphingomonas sp019635515"	1	1.0	2.02	0	0	63.0	0.9683	0.635	0.635	35	0.0	1	"477868:s__Sphingomonas sp019635515:species;223509:g__Sphingomonas:genus;223508:f__Sphingomonadaceae:family;223507:o__Sphingomonadales:order;159315:c__Alphaproteobacteria:class;14525:p__Pseudomonadota:phylum;14524:d__Bacteria:superkingdom;1:root:no rank"
227611	"RS_GCF_000368925.1"	1	1.0	1.96	0	0	71.0	1.0	0.296	0.296	43	0.0	1	"227611:RS_GCF_000368925.1:subspecies;227578:s__Acinetobacter bereziniae:species;115235:g__Acinetobacter:genus;115234:f__Moraxellaceae:family;108193:o__Pseudomonadales:order;14526:c__Gammaproteobacteria:class;14525:p__Pseudomonadota:phylum;14524:d__Bacteria:superkingdom;1:root:no rank"
227578	"s__Acinetobacter bereziniae"	1	1.0	1.96	0	0	71.0	1.0	0.296	0.296	43	0.0	1	"227578:s__Acinetobacter bereziniae:species;115235:g__Acinetobacter:genus;115234:f__Moraxellaceae:family;108193:o__Pseudomonadales:order;14526:c__Gammaproteobacteria:class;14525:p__Pseudomonadota:phylum;14524:d__Bacteria:superkingdom;1:root:no rank"
184328	"g__Mammaliicoccus"	1	1.0	3.13	0	0.0	40.0	0.975	0.375	0.4	12	0.0	2	"184328:g__Mammaliicoccus:genus;63360:f__Staphylococcaceae:family;63359:o__Staphylococcales:order;63358:c__Bacilli:class;63357:p__Bacillota:phylum;14524:d__Bacteria:superkingdom;1:root:no rank"
472470	"RS_GCF_000814685.1"	1	1.0	1.56	0	0	40.0	1.0	0.45	0.45	12	0.0	1	"472470:RS_GCF_000814685.1:subspecies;472469:s__Sphingobacterium sp000814685:species;235548:g__Sphingobacterium:genus;235547:f__Sphingobacteriaceae:family;235546:o__Sphingobacteriales:order;173791:c__Bacteroidia:class;173790:p__Bacteroidota:phylum;14524:d__Bacteria:superkingdom;1:root:no rank"
472469	"s__Sphingobacterium sp000814685"	1	1.0	1.56	0	0	40.0	1.0	0.45	0.45	12	0.0	1	"472469:s__Sphingobacterium sp000814685:species;235548:g__Sphingobacterium:genus;235547:f__Sphingobacteriaceae:family;235546:o__Sphingobacteriales:order;173791:c__Bacteroidia:class;173790:p__Bacteroidota:phylum;14524:d__Bacteria:superkingdom;1:root:no rank"
341468	"RS_GCF_013373795.3"	1	1.0	1.72	0	0.0	31.0	0.9677	0.677	0.677	3	0.0	1	"341468:RS_GCF_013373795.3:subspecies;341465:s__Bradyrhizobium quebecense:species;227326:g__Bradyrhizobium:genus;227325:f__Xanthobacteraceae:family;161314:o__Rhizobiales:order;159315:c__Alphaproteobacteria:class;14525:p__Pseudomonadota:phylum;14524:d__Bacteria:superkingdom;1:root:no rank"
341465	"s__Bradyrhizobium quebecense"	1	1.0	1.72	0	0.0	31.0	0.9677	0.677	0.677	3	0.0	1	"341465:s__Bradyrhizobium quebecense:species;227326:g__Bradyrhizobium:genus;227325:f__Xanthobacteraceae:family;161314:o__Rhizobiales:order;159315:c__Alphaproteobacteria:class;14525:p__Pseudomonadota:phylum;14524:d__Bacteria:superkingdom;1:root:no rank"
461156	"RS_GCF_907163105.1"	1	1.0	2.69	0.0	0	37.0	1.0	0.216	0.216	9	0.0	1	"461156:RS_GCF_907163105.1:subspecies;461155:s__Cloacibacterium caeni_A:species;325492:g__Cloacibacterium:genus;206791:f__Weeksellaceae:family;190476:o__Flavobacteriales:order;173791:c__Bacteroidia:class;173790:p__Bacteroidota:phylum;14524:d__Bacteria:superkingdom;1:root:no rank"
461155	"s__Cloacibacterium caeni_A"	1	1.0	2.69	0.0	0	37.0	1.0	0.216	0.216	9	0.0	1	"461155:s__Cloacibacterium caeni_A:species;325492:g__Cloacibacterium:genus;206791:f__Weeksellaceae:family;190476:o__Flavobacteriales:order;173791:c__Bacteroidia:class;173790:p__Bacteroidota:phylum;14524:d__Bacteria:superkingdom;1:root:no rank"
278067	"RS_GCF_003994255.1"	1	1.0	2.53	0.0	0.0	52.0	1.0	0.692	0.692	24	0.0	1	"278067:RS_GCF_003994255.1:subspecies;278063:s__Brachybacterium paraconglomeratum:species;278062:g__Brachybacterium:genus;256206:f__Dermabacteraceae:family;171647:o__Actinomycetales:order;101056:c__Actinomycetia:class;101055:p__Actinomycetota:phylum;14524:d__Bacteria:superkingdom;1:root:no rank"
278063	"s__Brachybacterium paraconglomeratum"	1	1.0	2.53	0.0	0.0	52.0	1.0	0.692	0.692	24	0.0	1	"278063:s__Brachybacterium paraconglomeratum:species;278062:g__Brachybacterium:genus;256206:f__Dermabacteraceae:family;171647:o__Actinomycetales:order;101056:c__Actinomycetia:class;101055:p__Actinomycetota:phylum;14524:d__Bacteria:superkingdom;1:root:no rank"
406234	"RS_GCF_903643065.1"	1	1.0	1.81	0	0.0	34.0	0.9706	0.647	0.647	6	0.0	1	"406234:RS_GCF_903643065.1:subspecies;406233:s__Sphingomonas sp903643065:species;223509:g__Sphingomonas:genus;223508:f__Sphingomonadaceae:family;223507:o__Sphingomonadales:order;159315:c__Alphaproteobacteria:class;14525:p__Pseudomonadota:phylum;14524:d__Bacteria:superkingdom;1:root:no rank"
406233	"s__Sphingomonas sp903643065"	1	1.0	1.81	0	0.0	34.0	0.9706	0.647	0.647	6	0.0	1	"406233:s__Sphingomonas sp903643065:species;223509:g__Sphingomonas:genus;223508:f__Sphingomonadaceae:family;223507:o__Sphingomonadales:order;159315:c__Alphaproteobacteria:class;14525:p__Pseudomonadota:phylum;14524:d__Bacteria:superkingdom;1:root:no rank"
315264	"RS_GCF_019263585.2"	1	1.0	4.65	0.0	0	39.0	0.9744	0.667	0.667	11	0.0	1	"315264:RS_GCF_019263585.2:subspecies;315261:s__Pseudonocardia oceani:species;274400:g__Pseudonocardia:genus;274399:f__Pseudonocardiaceae:family;101057:o__Mycobacteriales:order;101056:c__Actinomycetia:class;101055:p__Actinomycetota:phylum;14524:d__Bacteria:superkingdom;1:root:no rank"
315261	"s__Pseudonocardia oceani"	1	1.0	4.65	0.0	0	39.0	0.9744	0.667	0.667	11	0.0	1	"315261:s__Pseudonocardia oceani:species;274400:g__Pseudonocardia:genus;274399:f__Pseudonocardiaceae:family;101057:o__Mycobacteriales:order;101056:c__Actinomycetia:class;101055:p__Actinomycetota:phylum;14524:d__Bacteria:superkingdom;1:root:no rank"
474843	"RS_GCF_009939225.1"	1	1.0	2.55	0	0.0	39.0	0.9744	0.41	0.436	11	0.0	1	"474843:RS_GCF_009939225.1:subspecies;474842:s__Sediminibacterium soli:species;261774:g__Sediminibacterium:genus;257281:f__Chitinophagaceae:family;257280:o__Chitinophagales:order;173791:c__Bacteroidia:class;173790:p__Bacteroidota:phylum;14524:d__Bacteria:superkingdom;1:root:no rank"
474842	"s__Sediminibacterium soli"	1	1.0	2.55	0	0.0	39.0	0.9744	0.41	0.436	11	0.0	1	"474842:s__Sediminibacterium soli:species;261774:g__Sediminibacterium:genus;257281:f__Chitinophagaceae:family;257280:o__Chitinophagales:order;173791:c__Bacteroidia:class;173790:p__Bacteroidota:phylum;14524:d__Bacteria:superkingdom;1:root:no rank"
365536	"RS_GCF_023702225.1"	1	1.0	2.32	0.0	0	48.0	1.0	0.688	0.688	20	0.0	1	"365536:RS_GCF_023702225.1:subspecies;365535:s__Aureimonas altamirensis_B:species;326168:g__Aureimonas:genus;161315:f__Rhizobiaceae:family;161314:o__Rhizobiales:order;159315:c__Alphaproteobacteria:class;14525:p__Pseudomonadota:phylum;14524:d__Bacteria:superkingdom;1:root:no rank"
365535	"s__Aureimonas altamirensis_B"	1	1.0	2.32	0.0	0	48.0	1.0	0.688	0.688	20	0.0	1	"365535:s__Aureimonas altamirensis_B:species;326168:g__Aureimonas:genus;161315:f__Rhizobiaceae:family;161314:o__Rhizobiales:order;159315:c__Alphaproteobacteria:class;14525:p__Pseudomonadota:phylum;14524:d__Bacteria:superkingdom;1:root:no rank"
235859	"GB_GCA_014647715.1"	1	1.0	2.4	0.0	0.0	61.0	0.9508	0.525	0.525	33	0.0	1	"235859:GB_GCA_014647715.1:subspecies;235825:s__Moraxella_A cinereus:species;235824:g__Moraxella_A:genus;115234:f__Moraxellaceae:family;108193:o__Pseudomonadales:order;14526:c__Gammaproteobacteria:class;14525:p__Pseudomonadota:phylum;14524:d__Bacteria:superkingdom;1:root:no rank"
235825	"s__Moraxella_A cinereus"	1	1.0	2.4	0.0	0.0	61.0	0.9508	0.525	0.525	33	0.0	1	"235825:s__Moraxella_A cinereus:species;235824:g__Moraxella_A:genus;115234:f__Moraxellaceae:family;108193:o__Pseudomonadales:order;14526:c__Gammaproteobacteria:class;14525:p__Pseudomonadota:phylum;14524:d__Bacteria:superkingdom;1:root:no rank"
308130	"RS_GCF_000833575.1"	1	1.0	2.12	0	0.0	98.0	0.9898	0.622	0.612	70	0.0	1	"308130:RS_GCF_000833575.1:subspecies;308127:s__Corynebacterium singulare:species;175271:g__Corynebacterium:genus;101058:f__Mycobacteriaceae:family;101057:o__Mycobacteriales:order;101056:c__Actinomycetia:class;101055:p__Actinomycetota:phylum;14524:d__Bacteria:superkingdom;1:root:no rank"
308127	"s__Corynebacterium singulare"	1	1.0	2.12	0	0.0	98.0	0.9898	0.622	0.612	70	0.0	1	"308127:s__Corynebacterium singulare:species;175271:g__Corynebacterium:genus;101058:f__Mycobacteriaceae:family;101057:o__Mycobacteriales:order;101056:c__Actinomycetia:class;101055:p__Actinomycetota:phylum;14524:d__Bacteria:superkingdom;1:root:no rank"
395339	"RS_GCF_000520535.1"	1	1.0	3.22	1.0	0.0	32.0	0.9688	0.688	0.719	4	0.0	1	"395339:RS_GCF_000520535.1:subspecies;395338:s__Arthrobacter_D sp000520535:species;326109:g__Arthrobacter_D:genus;187121:f__Micrococcaceae:family;171647:o__Actinomycetales:order;101056:c__Actinomycetia:class;101055:p__Actinomycetota:phylum;14524:d__Bacteria:superkingdom;1:root:no rank"
395338	"s__Arthrobacter_D sp000520535"	1	1.0	3.22	1.0	0.0	32.0	0.9688	0.688	0.719	4	0.0	1	"395338:s__Arthrobacter_D sp000520535:species;326109:g__Arthrobacter_D:genus;187121:f__Micrococcaceae:family;171647:o__Actinomycetales:order;101056:c__Actinomycetia:class;101055:p__Actinomycetota:phylum;14524:d__Bacteria:superkingdom;1:root:no rank"
510684	"RS_GCF_019396355.1"	1	1.0	3.63	0	0.0	50.0	0.98	0.76	0.76	22	0.0	1	"510684:RS_GCF_019396355.1:subspecies;510683:s__Pseudonocardia nigra:species;274400:g__Pseudonocardia:genus;274399:f__Pseudonocardiaceae:family;101057:o__Mycobacteriales:order;101056:c__Actinomycetia:class;101055:p__Actinomycetota:phylum;14524:d__Bacteria:superkingdom;1:root:no rank"
510683	"s__Pseudonocardia nigra"	1	1.0	3.63	0	0.0	50.0	0.98	0.76	0.76	22	0.0	1	"510683:s__Pseudonocardia nigra:species;274400:g__Pseudonocardia:genus;274399:f__Pseudonocardiaceae:family;101057:o__Mycobacteriales:order;101056:c__Actinomycetia:class;101055:p__Actinomycetota:phylum;14524:d__Bacteria:superkingdom;1:root:no rank"
289405	"RS_GCF_003952485.1"	1	1.0	3.6	0	0.0	77.0	0.961	0.636	0.623	49	0.0	1	"289405:RS_GCF_003952485.1:subspecies;289404:s__Mesorhizobium sp003952485:species;219532:g__Mesorhizobium:genus;161315:f__Rhizobiaceae:family;161314:o__Rhizobiales:order;159315:c__Alphaproteobacteria:class;14525:p__Pseudomonadota:phylum;14524:d__Bacteria:superkingdom;1:root:no rank"
289404	"s__Mesorhizobium sp003952485"	1	1.0	3.6	0	0.0	77.0	0.961	0.636	0.623	49	0.0	1	"289404:s__Mesorhizobium sp003952485:species;219532:g__Mesorhizobium:genus;161315:f__Rhizobiaceae:family;161314:o__Rhizobiales:order;159315:c__Alphaproteobacteria:class;14525:p__Pseudomonadota:phylum;14524:d__Bacteria:superkingdom;1:root:no rank"
332123	"RS_GCF_014385435.1"	1	1.0	1.75	0	0.0	41.0	1.0	0.61	0.61	13	0.0	1	"332123:RS_GCF_014385435.1:subspecies;332120:s__Alloprevotella sp003639005:species;239259:g__Alloprevotella:genus;173793:f__Bacteroidaceae:family;173792:o__Bacteroidales:order;173791:c__Bacteroidia:class;173790:p__Bacteroidota:phylum;14524:d__Bacteria:superkingdom;1:root:no rank"
332120	"s__Alloprevotella sp003639005"	1	1.0	1.75	0	0.0	41.0	1.0	0.61	0.61	13	0.0	1	"332120:s__Alloprevotella sp003639005:species;239259:g__Alloprevotella:genus;173793:f__Bacteroidaceae:family;173792:o__Bacteroidales:order;173791:c__Bacteroidia:class;173790:p__Bacteroidota:phylum;14524:d__Bacteria:superkingdom;1:root:no rank"
430602	"RS_GCF_007971525.1"	1	1.0	1.64	0	0.0	68.0	0.9559	0.412	0.397	40	0.0	1	"430602:RS_GCF_007971525.1:subspecies;430601:s__Mucilaginibacter ginsenosidivorax:species;281909:g__Mucilaginibacter:genus;235547:f__Sphingobacteriaceae:family;235546:o__Sphingobacteriales:order;173791:c__Bacteroidia:class;173790:p__Bacteroidota:phylum;14524:d__Bacteria:superkingdom;1:root:no rank"
430601	"s__Mucilaginibacter ginsenosidivorax"	1	1.0	1.64	0	0.0	68.0	0.9559	0.412	0.397	40	0.0	1	"430601:s__Mucilaginibacter ginsenosidivorax:species;281909:g__Mucilaginibacter:genus;235547:f__Sphingobacteriaceae:family;235546:o__Sphingobacteriales:order;173791:c__Bacteroidia:class;173790:p__Bacteroidota:phylum;14524:d__Bacteria:superkingdom;1:root:no rank"
367364	"GB_GCA_010730955.1"	1	1.0	2.84	0	0	50.0	1.0	0.54	0.54	22	0.0	1	"367364:GB_GCA_010730955.1:subspecies;367362:s__Mycobacterium aubagnense:species;101059:g__Mycobacterium:genus;101058:f__Mycobacteriaceae:family;101057:o__Mycobacteriales:order;101056:c__Actinomycetia:class;101055:p__Actinomycetota:phylum;14524:d__Bacteria:superkingdom;1:root:no rank"
367362	"s__Mycobacterium aubagnense"	1	1.0	2.84	0	0	50.0	1.0	0.54	0.54	22	0.0	1	"367362:s__Mycobacterium aubagnense:species;101059:g__Mycobacterium:genus;101058:f__Mycobacteriaceae:family;101057:o__Mycobacteriales:order;101056:c__Actinomycetia:class;101055:p__Actinomycetota:phylum;14524:d__Bacteria:superkingdom;1:root:no rank"
374207	"RS_GCF_003046185.1"	1	1.0	3.76	0	0.0	53.0	0.9623	0.679	0.679	25	0.0	1	"374207:RS_GCF_003046185.1:subspecies;374205:s__Phreatobacter oligotrophus:species;374204:g__Phreatobacter:genus;374203:f__Phreatobacteraceae:family;161314:o__Rhizobiales:order;159315:c__Alphaproteobacteria:class;14525:p__Pseudomonadota:phylum;14524:d__Bacteria:superkingdom;1:root:no rank"
374205	"s__Phreatobacter oligotrophus"	1	1.0	3.76	0	0.0	53.0	0.9623	0.679	0.679	25	0.0	1	"374205:s__Phreatobacter oligotrophus:species;374204:g__Phreatobacter:genus;374203:f__Phreatobacteraceae:family;161314:o__Rhizobiales:order;159315:c__Alphaproteobacteria:class;14525:p__Pseudomonadota:phylum;14524:d__Bacteria:superkingdom;1:root:no rank"
374204	"g__Phreatobacter"	1	1.0	3.76	0	0.0	53.0	0.9623	0.679	0.679	25	0.0	1	"374204:g__Phreatobacter:genus;374203:f__Phreatobacteraceae:family;161314:o__Rhizobiales:order;159315:c__Alphaproteobacteria:class;14525:p__Pseudomonadota:phylum;14524:d__Bacteria:superkingdom;1:root:no rank"
374203	"f__Phreatobacteraceae"	1	1.0	3.76	0	0.0	53.0	0.9623	0.679	0.679	25	0.0	1	"374203:f__Phreatobacteraceae:family;161314:o__Rhizobiales:order;159315:c__Alphaproteobacteria:class;14525:p__Pseudomonadota:phylum;14524:d__Bacteria:superkingdom;1:root:no rank"
447136	"GB_GCA_016462955.1"	1	1.0	2.86	0	0.0	100.0	0.95	0.65	0.62	72	0.0	1	"447136:GB_GCA_016462955.1:subspecies;447135:s__Bradyrhizobium sp016462955:species;227326:g__Bradyrhizobium:genus;227325:f__Xanthobacteraceae:family;161314:o__Rhizobiales:order;159315:c__Alphaproteobacteria:class;14525:p__Pseudomonadota:phylum;14524:d__Bacteria:superkingdom;1:root:no rank"
447135	"s__Bradyrhizobium sp016462955"	1	1.0	2.86	0	0.0	100.0	0.95	0.65	0.62	72	0.0	1	"447135:s__Bradyrhizobium sp016462955:species;227326:g__Bradyrhizobium:genus;227325:f__Xanthobacteraceae:family;161314:o__Rhizobiales:order;159315:c__Alphaproteobacteria:class;14525:p__Pseudomonadota:phylum;14524:d__Bacteria:superkingdom;1:root:no rank"
147452	"g__Burkholderia"	1	1.0	2.69	0.0	0	42.0	0.9694	0.738	0.718	14	0.0	7	"147452:g__Burkholderia:genus;147451:f__Burkholderiaceae:family;137197:o__Burkholderiales:order;14526:c__Gammaproteobacteria:class;14525:p__Pseudomonadota:phylum;14524:d__Bacteria:superkingdom;1:root:no rank"
446821	"RS_GCF_001423245.1"	1	1.0	1.31	1.0	0	47.0	0.9574	0.617	0.66	19	0.0	1	"446821:RS_GCF_001423245.1:subspecies;446820:s__Aureimonas sp001423245:species;326168:g__Aureimonas:genus;161315:f__Rhizobiaceae:family;161314:o__Rhizobiales:order;159315:c__Alphaproteobacteria:class;14525:p__Pseudomonadota:phylum;14524:d__Bacteria:superkingdom;1:root:no rank"
446820	"s__Aureimonas sp001423245"	1	1.0	1.31	1.0	0	47.0	0.9574	0.617	0.66	19	0.0	1	"446820:s__Aureimonas sp001423245:species;326168:g__Aureimonas:genus;161315:f__Rhizobiaceae:family;161314:o__Rhizobiales:order;159315:c__Alphaproteobacteria:class;14525:p__Pseudomonadota:phylum;14524:d__Bacteria:superkingdom;1:root:no rank"
477389	"GB_GCA_015657575.1"	1	1.0	2.71	0	0	31.0	1.0	0.645	0.645	3	0.0	1	"477389:GB_GCA_015657575.1:subspecies;477388:s__Sphingopyxis sp015657575:species;253262:g__Sphingopyxis:genus;223508:f__Sphingomonadaceae:family;223507:o__Sphingomonadales:order;159315:c__Alphaproteobacteria:class;14525:p__Pseudomonadota:phylum;14524:d__Bacteria:superkingdom;1:root:no rank"
477388	"s__Sphingopyxis sp015657575"	1	1.0	2.71	0	0	31.0	1.0	0.645	0.645	3	0.0	1	"477388:s__Sphingopyxis sp015657575:species;253262:g__Sphingopyxis:genus;223508:f__Sphingomonadaceae:family;223507:o__Sphingomonadales:order;159315:c__Alphaproteobacteria:class;14525:p__Pseudomonadota:phylum;14524:d__Bacteria:superkingdom;1:root:no rank"
275877	"g__Rhodanobacter"	1	1.0	2.43	0	0.0	84.0	0.9583	0.69	0.7	56	0.0	6	"275877:g__Rhodanobacter:genus;275876:f__Rhodanobacteraceae:family;177469:o__Xanthomonadales:order;14526:c__Gammaproteobacteria:class;14525:p__Pseudomonadota:phylum;14524:d__Bacteria:superkingdom;1:root:no rank"
231532	"RS_GCF_003818115.1"	1	1.0	1.59	0	0.0	67.0	0.9552	0.522	0.537	39	0.0	1	"231532:RS_GCF_003818115.1:subspecies;231512:s__Citrobacter youngae:species;170478:g__Citrobacter:genus;14528:f__Enterobacteriaceae:family;14527:o__Enterobacterales:order;14526:c__Gammaproteobacteria:class;14525:p__Pseudomonadota:phylum;14524:d__Bacteria:superkingdom;1:root:no rank"
231512	"s__Citrobacter youngae"	1	1.0	1.59	0	0.0	67.0	0.9552	0.522	0.537	39	0.0	1	"231512:s__Citrobacter youngae:species;170478:g__Citrobacter:genus;14528:f__Enterobacteriaceae:family;14527:o__Enterobacterales:order;14526:c__Gammaproteobacteria:class;14525:p__Pseudomonadota:phylum;14524:d__Bacteria:superkingdom;1:root:no rank"
247342	"RS_GCF_002197485.1"	1	1.0	3.69	0.0	0.0	31.0	1.0	0.387	0.387	3	0.0	1	"247342:RS_GCF_002197485.1:subspecies;247319:s__Anoxybacillus flavithermus_G:species;247318:g__Anoxybacillus:genus;245672:f__Anoxybacillaceae:family;167186:o__Bacillales:order;63358:c__Bacilli:class;63357:p__Bacillota:phylum;14524:d__Bacteria:superkingdom;1:root:no rank"
247319	"s__Anoxybacillus flavithermus_G"	1	1.0	3.69	0.0	0.0	31.0	1.0	0.387	0.387	3	0.0	1	"247319:s__Anoxybacillus flavithermus_G:species;247318:g__Anoxybacillus:genus;245672:f__Anoxybacillaceae:family;167186:o__Bacillales:order;63358:c__Bacilli:class;63357:p__Bacillota:phylum;14524:d__Bacteria:superkingdom;1:root:no rank"
278289	"g__OLB10"	1	1.0	1.78	0	0	36.0	0.9861	0.583	0.569	8	0.0	2	"278289:g__OLB10:genus;278288:f__OLB10:family;278287:o__AKYH767-A:order;173791:c__Bacteroidia:class;173790:p__Bacteroidota:phylum;14524:d__Bacteria:superkingdom;1:root:no rank"
278288	"f__OLB10"	1	1.0	1.78	0	0	36.0	0.9861	0.583	0.569	8	0.0	2	"278288:f__OLB10:family;278287:o__AKYH767-A:order;173791:c__Bacteroidia:class;173790:p__Bacteroidota:phylum;14524:d__Bacteria:superkingdom;1:root:no rank"
278287	"o__AKYH767-A"	1	1.0	1.78	0	0	36.0	0.9861	0.583	0.569	8	0.0	2	"278287:o__AKYH767-A:order;173791:c__Bacteroidia:class;173790:p__Bacteroidota:phylum;14524:d__Bacteria:superkingdom;1:root:no rank"
383238	"GB_GCA_022844105.1"	1	1.0	1.94	0.0	0	60.0	0.95	0.583	0.55	32	0.0	1	"383238:GB_GCA_022844105.1:subspecies;383237:s__Hyphomicrobium_C sp001464285:species;351413:g__Hyphomicrobium_C:genus;308738:f__Hyphomicrobiaceae:family;161314:o__Rhizobiales:order;159315:c__Alphaproteobacteria:class;14525:p__Pseudomonadota:phylum;14524:d__Bacteria:superkingdom;1:root:no rank"
383237	"s__Hyphomicrobium_C sp001464285"	1	1.0	1.94	0.0	0	60.0	0.95	0.583	0.55	32	0.0	1	"383237:s__Hyphomicrobium_C sp001464285:species;351413:g__Hyphomicrobium_C:genus;308738:f__Hyphomicrobiaceae:family;161314:o__Rhizobiales:order;159315:c__Alphaproteobacteria:class;14525:p__Pseudomonadota:phylum;14524:d__Bacteria:superkingdom;1:root:no rank"
303973	"GB_GCA_020637215.1"	1	1.0	2.01	0.0	0	76.0	0.9605	0.645	0.671	48	0.0	1	"303973:GB_GCA_020637215.1:subspecies;303970:s__AWTP1-35 sp003962875:species;303969:g__AWTP1-35:genus;254227:f__Microtrichaceae:family;246208:o__Acidimicrobiales:order;245798:c__Acidimicrobiia:class;101055:p__Actinomycetota:phylum;14524:d__Bacteria:superkingdom;1:root:no rank"
303970	"s__AWTP1-35 sp003962875"	1	1.0	2.01	0.0	0	76.0	0.9605	0.645	0.671	48	0.0	1	"303970:s__AWTP1-35 sp003962875:species;303969:g__AWTP1-35:genus;254227:f__Microtrichaceae:family;246208:o__Acidimicrobiales:order;245798:c__Acidimicrobiia:class;101055:p__Actinomycetota:phylum;14524:d__Bacteria:superkingdom;1:root:no rank"
303969	"g__AWTP1-35"	1	1.0	2.01	0.0	0	76.0	0.9605	0.645	0.671	48	0.0	1	"303969:g__AWTP1-35:genus;254227:f__Microtrichaceae:family;246208:o__Acidimicrobiales:order;245798:c__Acidimicrobiia:class;101055:p__Actinomycetota:phylum;14524:d__Bacteria:superkingdom;1:root:no rank"
254227	"f__Microtrichaceae"	1	1.0	2.01	0.0	0	76.0	0.9605	0.645	0.671	48	0.0	1	"254227:f__Microtrichaceae:family;246208:o__Acidimicrobiales:order;245798:c__Acidimicrobiia:class;101055:p__Actinomycetota:phylum;14524:d__Bacteria:superkingdom;1:root:no rank"
191133	"RS_GCF_001729765.1"	1	1.0	1.75	0.0	0	38.0	0.9737	0.526	0.553	10	0.0	1	"191133:RS_GCF_001729765.1:subspecies;190999:s__Enterobacter kobei:species;127516:g__Enterobacter:genus;14528:f__Enterobacteriaceae:family;14527:o__Enterobacterales:order;14526:c__Gammaproteobacteria:class;14525:p__Pseudomonadota:phylum;14524:d__Bacteria:superkingdom;1:root:no rank"
190999	"s__Enterobacter kobei"	1	1.0	1.75	0.0	0	38.0	0.9737	0.526	0.553	10	0.0	1	"190999:s__Enterobacter kobei:species;127516:g__Enterobacter:genus;14528:f__Enterobacteriaceae:family;14527:o__Enterobacterales:order;14526:c__Gammaproteobacteria:class;14525:p__Pseudomonadota:phylum;14524:d__Bacteria:superkingdom;1:root:no rank"
253409	"RS_GCF_011058205.1"	1	1.0	3.74	0.0	0	36.0	1.0	0.222	0.222	8	0.0	1	"253409:RS_GCF_011058205.1:subspecies;253406:s__Acinetobacter fasciculus:species;115235:g__Acinetobacter:genus;115234:f__Moraxellaceae:family;108193:o__Pseudomonadales:order;14526:c__Gammaproteobacteria:class;14525:p__Pseudomonadota:phylum;14524:d__Bacteria:superkingdom;1:root:no rank"
253406	"s__Acinetobacter fasciculus"	1	1.0	3.74	0.0	0	36.0	1.0	0.222	0.222	8	0.0	1	"253406:s__Acinetobacter fasciculus:species;115235:g__Acinetobacter:genus;115234:f__Moraxellaceae:family;108193:o__Pseudomonadales:order;14526:c__Gammaproteobacteria:class;14525:p__Pseudomonadota:phylum;14524:d__Bacteria:superkingdom;1:root:no rank"
450694	"RS_GCF_014199295.1"	1	1.0	3.07	0	0.0	46.0	0.9565	0.761	0.761	18	0.0	1	"450694:RS_GCF_014199295.1:subspecies;450693:s__Sphingopyxis panaciterrulae:species;253262:g__Sphingopyxis:genus;223508:f__Sphingomonadaceae:family;223507:o__Sphingomonadales:order;159315:c__Alphaproteobacteria:class;14525:p__Pseudomonadota:phylum;14524:d__Bacteria:superkingdom;1:root:no rank"
450693	"s__Sphingopyxis panaciterrulae"	1	1.0	3.07	0	0.0	46.0	0.9565	0.761	0.761	18	0.0	1	"450693:s__Sphingopyxis panaciterrulae:species;253262:g__Sphingopyxis:genus;223508:f__Sphingomonadaceae:family;223507:o__Sphingomonadales:order;159315:c__Alphaproteobacteria:class;14525:p__Pseudomonadota:phylum;14524:d__Bacteria:superkingdom;1:root:no rank"
464914	"RS_GCF_023498005.1"	1	1.0	0.6	0	0.0	39.0	1.0	0.487	0.487	11	0.0	1	"464914:RS_GCF_023498005.1:subspecies;464913:s__Streptomyces durmitorensis:species;207082:g__Streptomyces:genus;207081:f__Streptomycetaceae:family;207080:o__Streptomycetales:order;101056:c__Actinomycetia:class;101055:p__Actinomycetota:phylum;14524:d__Bacteria:superkingdom;1:root:no rank"
464913	"s__Streptomyces durmitorensis"	1	1.0	0.6	0	0.0	39.0	1.0	0.487	0.487	11	0.0	1	"464913:s__Streptomyces durmitorensis:species;207082:g__Streptomyces:genus;207081:f__Streptomycetaceae:family;207080:o__Streptomycetales:order;101056:c__Actinomycetia:class;101055:p__Actinomycetota:phylum;14524:d__Bacteria:superkingdom;1:root:no rank"
392342	"RS_GCF_003236715.1"	1	1.0	2.34	0	0	58.0	1.0	0.672	0.672	30	0.0	1	"392342:RS_GCF_003236715.1:subspecies;392340:s__Pantoea sp003236715:species;203653:g__Pantoea:genus;14528:f__Enterobacteriaceae:family;14527:o__Enterobacterales:order;14526:c__Gammaproteobacteria:class;14525:p__Pseudomonadota:phylum;14524:d__Bacteria:superkingdom;1:root:no rank"
392340	"s__Pantoea sp003236715"	1	1.0	2.34	0	0	58.0	1.0	0.672	0.672	30	0.0	1	"392340:s__Pantoea sp003236715:species;203653:g__Pantoea:genus;14528:f__Enterobacteriaceae:family;14527:o__Enterobacterales:order;14526:c__Gammaproteobacteria:class;14525:p__Pseudomonadota:phylum;14524:d__Bacteria:superkingdom;1:root:no rank"
347475	"RS_GCF_001606025.1"	1	1.0	1.2	0	0.0	39.0	0.9744	0.385	0.41	11	0.0	1	"347475:RS_GCF_001606025.1:subspecies;347474:s__Psychrobacter alimentarius_A:species;260022:g__Psychrobacter:genus;115234:f__Moraxellaceae:family;108193:o__Pseudomonadales:order;14526:c__Gammaproteobacteria:class;14525:p__Pseudomonadota:phylum;14524:d__Bacteria:superkingdom;1:root:no rank"
347474	"s__Psychrobacter alimentarius_A"	1	1.0	1.2	0	0.0	39.0	0.9744	0.385	0.41	11	0.0	1	"347474:s__Psychrobacter alimentarius_A:species;260022:g__Psychrobacter:genus;115234:f__Moraxellaceae:family;108193:o__Pseudomonadales:order;14526:c__Gammaproteobacteria:class;14525:p__Pseudomonadota:phylum;14524:d__Bacteria:superkingdom;1:root:no rank"
379391	"RS_GCF_000143145.1"	1	1.0	1.68	0.0	0.0	50.0	0.98	0.62	0.6	22	0.0	1	"379391:RS_GCF_000143145.1:subspecies;379390:s__Hyphomicrobium_B denitrificans:species;308739:g__Hyphomicrobium_B:genus;308738:f__Hyphomicrobiaceae:family;161314:o__Rhizobiales:order;159315:c__Alphaproteobacteria:class;14525:p__Pseudomonadota:phylum;14524:d__Bacteria:superkingdom;1:root:no rank"
379390	"s__Hyphomicrobium_B denitrificans"	1	1.0	1.68	0.0	0.0	50.0	0.98	0.62	0.6	22	0.0	1	"379390:s__Hyphomicrobium_B denitrificans:species;308739:g__Hyphomicrobium_B:genus;308738:f__Hyphomicrobiaceae:family;161314:o__Rhizobiales:order;159315:c__Alphaproteobacteria:class;14525:p__Pseudomonadota:phylum;14524:d__Bacteria:superkingdom;1:root:no rank"
491866	"GB_GCA_003963145.1"	1	1.0	2.35	0	0.0	37.0	0.973	0.568	0.568	9	0.0	1	"491866:GB_GCA_003963145.1:subspecies;491865:s__Afipia sp003963145:species;270168:g__Afipia:genus;227325:f__Xanthobacteraceae:family;161314:o__Rhizobiales:order;159315:c__Alphaproteobacteria:class;14525:p__Pseudomonadota:phylum;14524:d__Bacteria:superkingdom;1:root:no rank"
491865	"s__Afipia sp003963145"	1	1.0	2.35	0	0.0	37.0	0.973	0.568	0.568	9	0.0	1	"491865:s__Afipia sp003963145:species;270168:g__Afipia:genus;227325:f__Xanthobacteraceae:family;161314:o__Rhizobiales:order;159315:c__Alphaproteobacteria:class;14525:p__Pseudomonadota:phylum;14524:d__Bacteria:superkingdom;1:root:no rank"
303152	"RS_GCF_002135205.1"	1	1.0	2.44	0	0	59.0	0.9661	0.322	0.356	31	0.0	1	"303152:RS_GCF_002135205.1:subspecies;303146:s__Acinetobacter sp002135205:species;115235:g__Acinetobacter:genus;115234:f__Moraxellaceae:family;108193:o__Pseudomonadales:order;14526:c__Gammaproteobacteria:class;14525:p__Pseudomonadota:phylum;14524:d__Bacteria:superkingdom;1:root:no rank"
303146	"s__Acinetobacter sp002135205"	1	1.0	2.44	0	0	59.0	0.9661	0.322	0.356	31	0.0	1	"303146:s__Acinetobacter sp002135205:species;115235:g__Acinetobacter:genus;115234:f__Moraxellaceae:family;108193:o__Pseudomonadales:order;14526:c__Gammaproteobacteria:class;14525:p__Pseudomonadota:phylum;14524:d__Bacteria:superkingdom;1:root:no rank"
406012	"RS_GCF_009676705.1"	1	1.0	1.72	0.0	0.0	31.0	0.9677	0.645	0.645	3	0.0	1	"406012:RS_GCF_009676705.1:subspecies;406011:s__Spiribacter sp009676705:species;297063:g__Spiribacter:genus;297062:f__Nitrococcaceae:family;286679:o__Nitrococcales:order;14526:c__Gammaproteobacteria:class;14525:p__Pseudomonadota:phylum;14524:d__Bacteria:superkingdom;1:root:no rank"
406011	"s__Spiribacter sp009676705"	1	1.0	1.72	0.0	0.0	31.0	0.9677	0.645	0.645	3	0.0	1	"406011:s__Spiribacter sp009676705:species;297063:g__Spiribacter:genus;297062:f__Nitrococcaceae:family;286679:o__Nitrococcales:order;14526:c__Gammaproteobacteria:class;14525:p__Pseudomonadota:phylum;14524:d__Bacteria:superkingdom;1:root:no rank"
297063	"g__Spiribacter"	1	1.0	1.72	0.0	0.0	31.0	0.9677	0.645	0.645	3	0.0	1	"297063:g__Spiribacter:genus;297062:f__Nitrococcaceae:family;286679:o__Nitrococcales:order;14526:c__Gammaproteobacteria:class;14525:p__Pseudomonadota:phylum;14524:d__Bacteria:superkingdom;1:root:no rank"
297062	"f__Nitrococcaceae"	1	1.0	1.72	0.0	0.0	31.0	0.9677	0.645	0.645	3	0.0	1	"297062:f__Nitrococcaceae:family;286679:o__Nitrococcales:order;14526:c__Gammaproteobacteria:class;14525:p__Pseudomonadota:phylum;14524:d__Bacteria:superkingdom;1:root:no rank"
286679	"o__Nitrococcales"	1	1.0	1.72	0.0	0.0	31.0	0.9677	0.645	0.645	3	0.0	1	"286679:o__Nitrococcales:order;14526:c__Gammaproteobacteria:class;14525:p__Pseudomonadota:phylum;14524:d__Bacteria:superkingdom;1:root:no rank"
393209	"RS_GCF_010093045.1"	1	1.0	1.8	0	0	46.0	0.9565	0.5	0.543	18	0.0	1	"393209:RS_GCF_010093045.1:subspecies;393208:s__Mucilaginibacter sp010093045:species;281909:g__Mucilaginibacter:genus;235547:f__Sphingobacteriaceae:family;235546:o__Sphingobacteriales:order;173791:c__Bacteroidia:class;173790:p__Bacteroidota:phylum;14524:d__Bacteria:superkingdom;1:root:no rank"
393208	"s__Mucilaginibacter sp010093045"	1	1.0	1.8	0	0	46.0	0.9565	0.5	0.543	18	0.0	1	"393208:s__Mucilaginibacter sp010093045:species;281909:g__Mucilaginibacter:genus;235547:f__Sphingobacteriaceae:family;235546:o__Sphingobacteriales:order;173791:c__Bacteroidia:class;173790:p__Bacteroidota:phylum;14524:d__Bacteria:superkingdom;1:root:no rank"
364147	"RS_GCF_002007605.1"	1	1.0	1.43	0	0.0	36.0	0.9722	0.361	0.333	8	0.0	1	"364147:RS_GCF_002007605.1:subspecies;364145:s__Cellvibrio sp002007605:species;324503:g__Cellvibrio:genus;308202:f__Cellvibrionaceae:family;108193:o__Pseudomonadales:order;14526:c__Gammaproteobacteria:class;14525:p__Pseudomonadota:phylum;14524:d__Bacteria:superkingdom;1:root:no rank"
364145	"s__Cellvibrio sp002007605"	1	1.0	1.43	0	0.0	36.0	0.9722	0.361	0.333	8	0.0	1	"364145:s__Cellvibrio sp002007605:species;324503:g__Cellvibrio:genus;308202:f__Cellvibrionaceae:family;108193:o__Pseudomonadales:order;14526:c__Gammaproteobacteria:class;14525:p__Pseudomonadota:phylum;14524:d__Bacteria:superkingdom;1:root:no rank"
430724	"GB_GCA_021845805.1"	1	1.02	2.64	0.0	0	79.0	0.962	0.722	0.709	50	0.02	1	"430724:GB_GCA_021845805.1:subspecies;430723:s__Solirhodobacter sp021845805:species;397570:g__Solirhodobacter:genus;198019:f__Rhodobacteraceae:family;198018:o__Rhodobacterales:order;159315:c__Alphaproteobacteria:class;14525:p__Pseudomonadota:phylum;14524:d__Bacteria:superkingdom;1:root:no rank"
430723	"s__Solirhodobacter sp021845805"	1	1.02	2.64	0.0	0	79.0	0.962	0.722	0.709	50	0.02	1	"430723:s__Solirhodobacter sp021845805:species;397570:g__Solirhodobacter:genus;198019:f__Rhodobacteraceae:family;198018:o__Rhodobacterales:order;159315:c__Alphaproteobacteria:class;14525:p__Pseudomonadota:phylum;14524:d__Bacteria:superkingdom;1:root:no rank"
397570	"g__Solirhodobacter"	1	1.02	2.64	0.0	0	79.0	0.962	0.722	0.709	50	0.02	1	"397570:g__Solirhodobacter:genus;198019:f__Rhodobacteraceae:family;198018:o__Rhodobacterales:order;159315:c__Alphaproteobacteria:class;14525:p__Pseudomonadota:phylum;14524:d__Bacteria:superkingdom;1:root:no rank"
259876	"RS_GCF_000220235.1"	1	1.0	1.59	0	0.0	70.0	0.9857	0.443	0.429	42	0.0	1	"259876:RS_GCF_000220235.1:subspecies;259859:s__Prevotella nigrescens:species;212100:g__Prevotella:genus;173793:f__Bacteroidaceae:family;173792:o__Bacteroidales:order;173791:c__Bacteroidia:class;173790:p__Bacteroidota:phylum;14524:d__Bacteria:superkingdom;1:root:no rank"
259859	"s__Prevotella nigrescens"	1	1.0	1.59	0	0.0	70.0	0.9857	0.443	0.429	42	0.0	1	"259859:s__Prevotella nigrescens:species;212100:g__Prevotella:genus;173793:f__Bacteroidaceae:family;173792:o__Bacteroidales:order;173791:c__Bacteroidia:class;173790:p__Bacteroidota:phylum;14524:d__Bacteria:superkingdom;1:root:no rank"
460143	"RS_GCF_000473045.1"	1	1.0	1.91	0	0.0	63.0	0.9683	0.619	0.635	35	0.0	1	"460143:RS_GCF_000473045.1:subspecies;460142:s__Bradyrhizobium sp000473045:species;227326:g__Bradyrhizobium:genus;227325:f__Xanthobacteraceae:family;161314:o__Rhizobiales:order;159315:c__Alphaproteobacteria:class;14525:p__Pseudomonadota:phylum;14524:d__Bacteria:superkingdom;1:root:no rank"
460142	"s__Bradyrhizobium sp000473045"	1	1.0	1.91	0	0.0	63.0	0.9683	0.619	0.635	35	0.0	1	"460142:s__Bradyrhizobium sp000473045:species;227326:g__Bradyrhizobium:genus;227325:f__Xanthobacteraceae:family;161314:o__Rhizobiales:order;159315:c__Alphaproteobacteria:class;14525:p__Pseudomonadota:phylum;14524:d__Bacteria:superkingdom;1:root:no rank"
256969	"RS_GCF_006770265.1"	1	1.0	2.86	0	0	61.0	0.9836	0.328	0.311	33	0.0	1	"256969:RS_GCF_006770265.1:subspecies;256956:s__Lactococcus_A carnosus:species;256955:g__Lactococcus_A:genus;92157:f__Streptococcaceae:family;92156:o__Lactobacillales:order;63358:c__Bacilli:class;63357:p__Bacillota:phylum;14524:d__Bacteria:superkingdom;1:root:no rank"
256956	"s__Lactococcus_A carnosus"	1	1.0	2.86	0	0	61.0	0.9836	0.328	0.311	33	0.0	1	"256956:s__Lactococcus_A carnosus:species;256955:g__Lactococcus_A:genus;92157:f__Streptococcaceae:family;92156:o__Lactobacillales:order;63358:c__Bacilli:class;63357:p__Bacillota:phylum;14524:d__Bacteria:superkingdom;1:root:no rank"
256955	"g__Lactococcus_A"	1	1.0	2.86	0	0	61.0	0.9836	0.328	0.311	33	0.0	1	"256955:g__Lactococcus_A:genus;92157:f__Streptococcaceae:family;92156:o__Lactobacillales:order;63358:c__Bacilli:class;63357:p__Bacillota:phylum;14524:d__Bacteria:superkingdom;1:root:no rank"
515379	"RS_GCF_014490745.1"	1	1.0	2.56	1.0	0.0	42.0	0.9524	0.667	0.714	14	0.0	1	"515379:RS_GCF_014490745.1:subspecies;515378:s__Pseudomonas_E alcaligenes_C:species;154229:g__Pseudomonas_E:genus;108194:f__Pseudomonadaceae:family;108193:o__Pseudomonadales:order;14526:c__Gammaproteobacteria:class;14525:p__Pseudomonadota:phylum;14524:d__Bacteria:superkingdom;1:root:no rank"
515378	"s__Pseudomonas_E alcaligenes_C"	1	1.0	2.56	1.0	0.0	42.0	0.9524	0.667	0.714	14	0.0	1	"515378:s__Pseudomonas_E alcaligenes_C:species;154229:g__Pseudomonas_E:genus;108194:f__Pseudomonadaceae:family;108193:o__Pseudomonadales:order;14526:c__Gammaproteobacteria:class;14525:p__Pseudomonadota:phylum;14524:d__Bacteria:superkingdom;1:root:no rank"
377095	"RS_GCF_022374895.2"	1	1.0	4.65	0.0	0	103.0	1.0	0.602	0.602	75	0.0	1	"377095:RS_GCF_022374895.2:subspecies;377093:s__Mycobacterium lentiflavum:species;101059:g__Mycobacterium:genus;101058:f__Mycobacteriaceae:family;101057:o__Mycobacteriales:order;101056:c__Actinomycetia:class;101055:p__Actinomycetota:phylum;14524:d__Bacteria:superkingdom;1:root:no rank"
377093	"s__Mycobacterium lentiflavum"	1	1.0	4.65	0.0	0	103.0	1.0	0.602	0.602	75	0.0	1	"377093:s__Mycobacterium lentiflavum:species;101059:g__Mycobacterium:genus;101058:f__Mycobacteriaceae:family;101057:o__Mycobacteriales:order;101056:c__Actinomycetia:class;101055:p__Actinomycetota:phylum;14524:d__Bacteria:superkingdom;1:root:no rank"
455359	"GB_GCA_002454125.1"	1	1.0	2.82	0.0	0	62.0	0.9839	0.71	0.726	34	0.0	1	"455359:GB_GCA_002454125.1:subspecies;455358:s__Novosphingobium sp002454125:species;256977:g__Novosphingobium:genus;223508:f__Sphingomonadaceae:family;223507:o__Sphingomonadales:order;159315:c__Alphaproteobacteria:class;14525:p__Pseudomonadota:phylum;14524:d__Bacteria:superkingdom;1:root:no rank"
455358	"s__Novosphingobium sp002454125"	1	1.0	2.82	0.0	0	62.0	0.9839	0.71	0.726	34	0.0	1	"455358:s__Novosphingobium sp002454125:species;256977:g__Novosphingobium:genus;223508:f__Sphingomonadaceae:family;223507:o__Sphingomonadales:order;159315:c__Alphaproteobacteria:class;14525:p__Pseudomonadota:phylum;14524:d__Bacteria:superkingdom;1:root:no rank"
483186	"RS_GCF_004210295.1"	1	1.0	1.96	0	0	71.0	0.9577	0.366	0.352	43	0.0	1	"483186:RS_GCF_004210295.1:subspecies;483185:s__Lactococcus sp004210295:species;186509:g__Lactococcus:genus;92157:f__Streptococcaceae:family;92156:o__Lactobacillales:order;63358:c__Bacilli:class;63357:p__Bacillota:phylum;14524:d__Bacteria:superkingdom;1:root:no rank"
483185	"s__Lactococcus sp004210295"	1	1.0	1.96	0	0	71.0	0.9577	0.366	0.352	43	0.0	1	"483185:s__Lactococcus sp004210295:species;186509:g__Lactococcus:genus;92157:f__Streptococcaceae:family;92156:o__Lactobacillales:order;63358:c__Bacilli:class;63357:p__Bacillota:phylum;14524:d__Bacteria:superkingdom;1:root:no rank"
234434	"RS_GCF_014155765.1"	1	1.0	3.65	0	0.0	89.0	0.9775	0.64	0.652	61	0.0	1	"234434:RS_GCF_014155765.1:subspecies;234429:s__Pantoea dispersa:species;203653:g__Pantoea:genus;14528:f__Enterobacteriaceae:family;14527:o__Enterobacterales:order;14526:c__Gammaproteobacteria:class;14525:p__Pseudomonadota:phylum;14524:d__Bacteria:superkingdom;1:root:no rank"
234429	"s__Pantoea dispersa"	1	1.0	3.65	0	0.0	89.0	0.9775	0.64	0.652	61	0.0	1	"234429:s__Pantoea dispersa:species;203653:g__Pantoea:genus;14528:f__Enterobacteriaceae:family;14527:o__Enterobacterales:order;14526:c__Gammaproteobacteria:class;14525:p__Pseudomonadota:phylum;14524:d__Bacteria:superkingdom;1:root:no rank"
257265	"RS_GCF_011067105.1"	1	1.0	5.5	0.0	0	69.0	1.0	0.71	0.71	41	0.0	1	"257265:RS_GCF_011067105.1:subspecies;257259:s__Deinococcus wulumuqiensis:species;257258:g__Deinococcus:genus;257257:f__Deinococcaceae:family;233595:o__Deinococcales:order;233594:c__Deinococci:class;233593:p__Deinococcota:phylum;14524:d__Bacteria:superkingdom;1:root:no rank"
257259	"s__Deinococcus wulumuqiensis"	1	1.0	5.5	0.0	0	69.0	1.0	0.71	0.71	41	0.0	1	"257259:s__Deinococcus wulumuqiensis:species;257258:g__Deinococcus:genus;257257:f__Deinococcaceae:family;233595:o__Deinococcales:order;233594:c__Deinococci:class;233593:p__Deinococcota:phylum;14524:d__Bacteria:superkingdom;1:root:no rank"
451145	"GB_GCA_943912665.1"	1	1.0	1.82	0	0	58.0	1.0	0.724	0.724	30	0.0	1	"451145:GB_GCA_943912665.1:subspecies;451144:s__Corynebacterium sp943912665:species;175271:g__Corynebacterium:genus;101058:f__Mycobacteriaceae:family;101057:o__Mycobacteriales:order;101056:c__Actinomycetia:class;101055:p__Actinomycetota:phylum;14524:d__Bacteria:superkingdom;1:root:no rank"
451144	"s__Corynebacterium sp943912665"	1	1.0	1.82	0	0	58.0	1.0	0.724	0.724	30	0.0	1	"451144:s__Corynebacterium sp943912665:species;175271:g__Corynebacterium:genus;101058:f__Mycobacteriaceae:family;101057:o__Mycobacteriales:order;101056:c__Actinomycetia:class;101055:p__Actinomycetota:phylum;14524:d__Bacteria:superkingdom;1:root:no rank"
258473	"RS_GCF_003397705.1"	1	1.0	2.26	0	0	62.0	0.9839	0.274	0.29	34	0.0	1	"258473:RS_GCF_003397705.1:subspecies;258465:s__Bifidobacterium swidsinskii:species;171649:g__Bifidobacterium:genus;171648:f__Bifidobacteriaceae:family;171647:o__Actinomycetales:order;101056:c__Actinomycetia:class;101055:p__Actinomycetota:phylum;14524:d__Bacteria:superkingdom;1:root:no rank"
258465	"s__Bifidobacterium swidsinskii"	1	1.0	2.26	0	0	62.0	0.9839	0.274	0.29	34	0.0	1	"258465:s__Bifidobacterium swidsinskii:species;171649:g__Bifidobacterium:genus;171648:f__Bifidobacteriaceae:family;171647:o__Actinomycetales:order;101056:c__Actinomycetia:class;101055:p__Actinomycetota:phylum;14524:d__Bacteria:superkingdom;1:root:no rank"
414218	"RS_GCF_000617925.1"	1	1.0	1.39	0	0	52.0	0.9808	0.538	0.558	24	0.0	1	"414218:RS_GCF_000617925.1:subspecies;414217:s__Methylobacillus glycogenes:species;384625:g__Methylobacillus:genus;238735:f__Methylophilaceae:family;137197:o__Burkholderiales:order;14526:c__Gammaproteobacteria:class;14525:p__Pseudomonadota:phylum;14524:d__Bacteria:superkingdom;1:root:no rank"
414217	"s__Methylobacillus glycogenes"	1	1.0	1.39	0	0	52.0	0.9808	0.538	0.558	24	0.0	1	"414217:s__Methylobacillus glycogenes:species;384625:g__Methylobacillus:genus;238735:f__Methylophilaceae:family;137197:o__Burkholderiales:order;14526:c__Gammaproteobacteria:class;14525:p__Pseudomonadota:phylum;14524:d__Bacteria:superkingdom;1:root:no rank"
384625	"g__Methylobacillus"	1	1.0	1.39	0	0	52.0	0.9808	0.538	0.558	24	0.0	1	"384625:g__Methylobacillus:genus;238735:f__Methylophilaceae:family;137197:o__Burkholderiales:order;14526:c__Gammaproteobacteria:class;14525:p__Pseudomonadota:phylum;14524:d__Bacteria:superkingdom;1:root:no rank"
238735	"f__Methylophilaceae"	1	1.0	1.39	0	0	52.0	0.9808	0.538	0.558	24	0.0	1	"238735:f__Methylophilaceae:family;137197:o__Burkholderiales:order;14526:c__Gammaproteobacteria:class;14525:p__Pseudomonadota:phylum;14524:d__Bacteria:superkingdom;1:root:no rank"
443164	"RS_GCF_013044515.1"	1	1.0	4.81	0.0	0.0	106.0	0.9906	0.708	0.698	78	0.0	1	"443164:RS_GCF_013044515.1:subspecies;443163:s__Sphingomonas_B sp013044515:species;381340:g__Sphingomonas_B:genus;223508:f__Sphingomonadaceae:family;223507:o__Sphingomonadales:order;159315:c__Alphaproteobacteria:class;14525:p__Pseudomonadota:phylum;14524:d__Bacteria:superkingdom;1:root:no rank"
443163	"s__Sphingomonas_B sp013044515"	1	1.0	4.81	0.0	0.0	106.0	0.9906	0.708	0.698	78	0.0	1	"443163:s__Sphingomonas_B sp013044515:species;381340:g__Sphingomonas_B:genus;223508:f__Sphingomonadaceae:family;223507:o__Sphingomonadales:order;159315:c__Alphaproteobacteria:class;14525:p__Pseudomonadota:phylum;14524:d__Bacteria:superkingdom;1:root:no rank"
381340	"g__Sphingomonas_B"	1	1.0	4.81	0.0	0.0	106.0	0.9906	0.708	0.698	78	0.0	1	"381340:g__Sphingomonas_B:genus;223508:f__Sphingomonadaceae:family;223507:o__Sphingomonadales:order;159315:c__Alphaproteobacteria:class;14525:p__Pseudomonadota:phylum;14524:d__Bacteria:superkingdom;1:root:no rank"
413234	"GB_GCA_008017145.1"	1	1.0	2.04	0	0	53.0	0.9623	0.453	0.491	25	0.0	1	"413234:GB_GCA_008017145.1:subspecies;413233:s__Aquella sp008017145:species;358861:g__Aquella:genus;358860:f__UBA11063:family;137197:o__Burkholderiales:order;14526:c__Gammaproteobacteria:class;14525:p__Pseudomonadota:phylum;14524:d__Bacteria:superkingdom;1:root:no rank"
413233	"s__Aquella sp008017145"	1	1.0	2.04	0	0	53.0	0.9623	0.453	0.491	25	0.0	1	"413233:s__Aquella sp008017145:species;358861:g__Aquella:genus;358860:f__UBA11063:family;137197:o__Burkholderiales:order;14526:c__Gammaproteobacteria:class;14525:p__Pseudomonadota:phylum;14524:d__Bacteria:superkingdom;1:root:no rank"
358861	"g__Aquella"	1	1.0	2.04	0	0	53.0	0.9623	0.453	0.491	25	0.0	1	"358861:g__Aquella:genus;358860:f__UBA11063:family;137197:o__Burkholderiales:order;14526:c__Gammaproteobacteria:class;14525:p__Pseudomonadota:phylum;14524:d__Bacteria:superkingdom;1:root:no rank"
358860	"f__UBA11063"	1	1.0	2.04	0	0	53.0	0.9623	0.453	0.491	25	0.0	1	"358860:f__UBA11063:family;137197:o__Burkholderiales:order;14526:c__Gammaproteobacteria:class;14525:p__Pseudomonadota:phylum;14524:d__Bacteria:superkingdom;1:root:no rank"
340747	"RS_GCF_004341505.2"	1	1.0	3.38	0	0.0	81.0	1.0	0.642	0.642	53	0.0	1	"340747:RS_GCF_004341505.2:subspecies;340746:s__Sphingomonas sp004341505:species;223509:g__Sphingomonas:genus;223508:f__Sphingomonadaceae:family;223507:o__Sphingomonadales:order;159315:c__Alphaproteobacteria:class;14525:p__Pseudomonadota:phylum;14524:d__Bacteria:superkingdom;1:root:no rank"
340746	"s__Sphingomonas sp004341505"	1	1.0	3.38	0	0.0	81.0	1.0	0.642	0.642	53	0.0	1	"340746:s__Sphingomonas sp004341505:species;223509:g__Sphingomonas:genus;223508:f__Sphingomonadaceae:family;223507:o__Sphingomonadales:order;159315:c__Alphaproteobacteria:class;14525:p__Pseudomonadota:phylum;14524:d__Bacteria:superkingdom;1:root:no rank"
346078	"GB_GCA_913774955.1"	1	1.0	4.29	0	0	38.0	1.0	0.816	0.816	10	0.0	1	"346078:GB_GCA_913774955.1:subspecies;346075:s__Acidovorax_A sp913774955:species;259839:g__Acidovorax_A:genus;233990:f__Burkholderiaceae_B:family;137197:o__Burkholderiales:order;14526:c__Gammaproteobacteria:class;14525:p__Pseudomonadota:phylum;14524:d__Bacteria:superkingdom;1:root:no rank"
346075	"s__Acidovorax_A sp913774955"	1	1.0	4.29	0	0	38.0	1.0	0.816	0.816	10	0.0	1	"346075:s__Acidovorax_A sp913774955:species;259839:g__Acidovorax_A:genus;233990:f__Burkholderiaceae_B:family;137197:o__Burkholderiales:order;14526:c__Gammaproteobacteria:class;14525:p__Pseudomonadota:phylum;14524:d__Bacteria:superkingdom;1:root:no rank"
394305	"RS_GCF_014764445.1"	1	1.0	1.84	0	0.0	48.0	1.0	0.583	0.583	20	0.0	1	"394305:RS_GCF_014764445.1:subspecies;394304:s__Arthrobacter luteus_A:species;304979:g__Arthrobacter:genus;187121:f__Micrococcaceae:family;171647:o__Actinomycetales:order;101056:c__Actinomycetia:class;101055:p__Actinomycetota:phylum;14524:d__Bacteria:superkingdom;1:root:no rank"
394304	"s__Arthrobacter luteus_A"	1	1.0	1.84	0	0.0	48.0	1.0	0.583	0.583	20	0.0	1	"394304:s__Arthrobacter luteus_A:species;304979:g__Arthrobacter:genus;187121:f__Micrococcaceae:family;171647:o__Actinomycetales:order;101056:c__Actinomycetia:class;101055:p__Actinomycetota:phylum;14524:d__Bacteria:superkingdom;1:root:no rank"
304979	"g__Arthrobacter"	1	1.0	1.84	0	0.0	48.0	1.0	0.583	0.583	20	0.0	1	"304979:g__Arthrobacter:genus;187121:f__Micrococcaceae:family;171647:o__Actinomycetales:order;101056:c__Actinomycetia:class;101055:p__Actinomycetota:phylum;14524:d__Bacteria:superkingdom;1:root:no rank"
430539	"RS_GCF_022664395.1"	1	1.0	1.39	0	0	60.0	0.9833	0.617	0.633	32	0.0	1	"430539:RS_GCF_022664395.1:subspecies;430538:s__Sphingomonas sp022664395:species;223509:g__Sphingomonas:genus;223508:f__Sphingomonadaceae:family;223507:o__Sphingomonadales:order;159315:c__Alphaproteobacteria:class;14525:p__Pseudomonadota:phylum;14524:d__Bacteria:superkingdom;1:root:no rank"
430538	"s__Sphingomonas sp022664395"	1	1.0	1.39	0	0	60.0	0.9833	0.617	0.633	32	0.0	1	"430538:s__Sphingomonas sp022664395:species;223509:g__Sphingomonas:genus;223508:f__Sphingomonadaceae:family;223507:o__Sphingomonadales:order;159315:c__Alphaproteobacteria:class;14525:p__Pseudomonadota:phylum;14524:d__Bacteria:superkingdom;1:root:no rank"
393658	"RS_GCF_019038395.1"	1	1.0	1.51	0.0	0.0	37.0	1.0	0.297	0.297	9	0.0	1	"393658:RS_GCF_019038395.1:subspecies;393656:s__Acinetobacter sp019038395:species;115235:g__Acinetobacter:genus;115234:f__Moraxellaceae:family;108193:o__Pseudomonadales:order;14526:c__Gammaproteobacteria:class;14525:p__Pseudomonadota:phylum;14524:d__Bacteria:superkingdom;1:root:no rank"
393656	"s__Acinetobacter sp019038395"	1	1.0	1.51	0.0	0.0	37.0	1.0	0.297	0.297	9	0.0	1	"393656:s__Acinetobacter sp019038395:species;115235:g__Acinetobacter:genus;115234:f__Moraxellaceae:family;108193:o__Pseudomonadales:order;14526:c__Gammaproteobacteria:class;14525:p__Pseudomonadota:phylum;14524:d__Bacteria:superkingdom;1:root:no rank"
274833	"RS_GCF_014268785.2"	1	1.0	1.94	0.0	0	33.0	1.0	0.667	0.667	5	0.0	1	"274833:RS_GCF_014268785.2:subspecies;274823:s__Pseudomonas_E shirazensis:species;154229:g__Pseudomonas_E:genus;108194:f__Pseudomonadaceae:family;108193:o__Pseudomonadales:order;14526:c__Gammaproteobacteria:class;14525:p__Pseudomonadota:phylum;14524:d__Bacteria:superkingdom;1:root:no rank"
274823	"s__Pseudomonas_E shirazensis"	1	1.0	1.94	0.0	0	33.0	1.0	0.667	0.667	5	0.0	1	"274823:s__Pseudomonas_E shirazensis:species;154229:g__Pseudomonas_E:genus;108194:f__Pseudomonadaceae:family;108193:o__Pseudomonadales:order;14526:c__Gammaproteobacteria:class;14525:p__Pseudomonadota:phylum;14524:d__Bacteria:superkingdom;1:root:no rank"
331017	"RS_GCF_000426845.1"	1	1.0	1.85	0	0	73.0	0.9589	0.575	0.603	45	0.0	1	"331017:RS_GCF_000426845.1:subspecies;331016:s__Bradyrhizobium japonicum_C:species;227326:g__Bradyrhizobium:genus;227325:f__Xanthobacteraceae:family;161314:o__Rhizobiales:order;159315:c__Alphaproteobacteria:class;14525:p__Pseudomonadota:phylum;14524:d__Bacteria:superkingdom;1:root:no rank"
331016	"s__Bradyrhizobium japonicum_C"	1	1.0	1.85	0	0	73.0	0.9589	0.575	0.603	45	0.0	1	"331016:s__Bradyrhizobium japonicum_C:species;227326:g__Bradyrhizobium:genus;227325:f__Xanthobacteraceae:family;161314:o__Rhizobiales:order;159315:c__Alphaproteobacteria:class;14525:p__Pseudomonadota:phylum;14524:d__Bacteria:superkingdom;1:root:no rank"
418365	"RS_GCF_018131105.1"	1	1.0	1.61	0	0.0	32.0	0.9688	0.469	0.5	4	0.0	1	"418365:RS_GCF_018131105.1:subspecies;418364:s__Bradyrhizobium manausense_B:species;227326:g__Bradyrhizobium:genus;227325:f__Xanthobacteraceae:family;161314:o__Rhizobiales:order;159315:c__Alphaproteobacteria:class;14525:p__Pseudomonadota:phylum;14524:d__Bacteria:superkingdom;1:root:no rank"
418364	"s__Bradyrhizobium manausense_B"	1	1.0	1.61	0	0.0	32.0	0.9688	0.469	0.5	4	0.0	1	"418364:s__Bradyrhizobium manausense_B:species;227326:g__Bradyrhizobium:genus;227325:f__Xanthobacteraceae:family;161314:o__Rhizobiales:order;159315:c__Alphaproteobacteria:class;14525:p__Pseudomonadota:phylum;14524:d__Bacteria:superkingdom;1:root:no rank"
512438	"GB_GCA_013816585.1"	1	1.0	2.54	0	0	38.0	0.9737	0.658	0.684	10	0.0	1	"512438:GB_GCA_013816585.1:subspecies;512437:s__Allosphingosinicella sp013816585:species;342782:g__Allosphingosinicella:genus;223508:f__Sphingomonadaceae:family;223507:o__Sphingomonadales:order;159315:c__Alphaproteobacteria:class;14525:p__Pseudomonadota:phylum;14524:d__Bacteria:superkingdom;1:root:no rank"
512437	"s__Allosphingosinicella sp013816585"	1	1.0	2.54	0	0	38.0	0.9737	0.658	0.684	10	0.0	1	"512437:s__Allosphingosinicella sp013816585:species;342782:g__Allosphingosinicella:genus;223508:f__Sphingomonadaceae:family;223507:o__Sphingomonadales:order;159315:c__Alphaproteobacteria:class;14525:p__Pseudomonadota:phylum;14524:d__Bacteria:superkingdom;1:root:no rank"
342782	"g__Allosphingosinicella"	1	1.0	2.54	0	0	38.0	0.9737	0.658	0.684	10	0.0	1	"342782:g__Allosphingosinicella:genus;223508:f__Sphingomonadaceae:family;223507:o__Sphingomonadales:order;159315:c__Alphaproteobacteria:class;14525:p__Pseudomonadota:phylum;14524:d__Bacteria:superkingdom;1:root:no rank"
360791	"RS_GCF_900168065.1"	1	1.0	1.43	0.0	0	38.0	0.9737	0.368	0.368	10	0.0	1	"360791:RS_GCF_900168065.1:subspecies;360789:s__Chitinophaga ginsengisegetis:species;352667:g__Chitinophaga:genus;257281:f__Chitinophagaceae:family;257280:o__Chitinophagales:order;173791:c__Bacteroidia:class;173790:p__Bacteroidota:phylum;14524:d__Bacteria:superkingdom;1:root:no rank"
360789	"s__Chitinophaga ginsengisegetis"	1	1.0	1.43	0.0	0	38.0	0.9737	0.368	0.368	10	0.0	1	"360789:s__Chitinophaga ginsengisegetis:species;352667:g__Chitinophaga:genus;257281:f__Chitinophagaceae:family;257280:o__Chitinophagales:order;173791:c__Bacteroidia:class;173790:p__Bacteroidota:phylum;14524:d__Bacteria:superkingdom;1:root:no rank"
352667	"g__Chitinophaga"	1	1.0	1.43	0.0	0	38.0	0.9737	0.368	0.368	10	0.0	1	"352667:g__Chitinophaga:genus;257281:f__Chitinophagaceae:family;257280:o__Chitinophagales:order;173791:c__Bacteroidia:class;173790:p__Bacteroidota:phylum;14524:d__Bacteria:superkingdom;1:root:no rank"
298855	"g__Amycolatopsis"	1	1.0	2.17	0	0	56.0	0.9643	0.732	0.723	28	0.0	2	"298855:g__Amycolatopsis:genus;274399:f__Pseudonocardiaceae:family;101057:o__Mycobacteriales:order;101056:c__Actinomycetia:class;101055:p__Actinomycetota:phylum;14524:d__Bacteria:superkingdom;1:root:no rank"
234570	"g__Haemophilus_D"	1	1.0	2.0	0	0.0	60.0	0.9944	0.433	0.428	32	0.0	3	"234570:g__Haemophilus_D:genus;171066:f__Pasteurellaceae:family;145555:o__Enterobacterales_A:order;14526:c__Gammaproteobacteria:class;14525:p__Pseudomonadota:phylum;14524:d__Bacteria:superkingdom;1:root:no rank"
424605	"RS_GCF_009755275.1"	1	1.0	3.05	0	0	55.0	1.0	0.491	0.491	27	0.0	1	"424605:RS_GCF_009755275.1:subspecies;424604:s__Mucilaginibacter aquatilis:species;281909:g__Mucilaginibacter:genus;235547:f__Sphingobacteriaceae:family;235546:o__Sphingobacteriales:order;173791:c__Bacteroidia:class;173790:p__Bacteroidota:phylum;14524:d__Bacteria:superkingdom;1:root:no rank"
424604	"s__Mucilaginibacter aquatilis"	1	1.0	3.05	0	0	55.0	1.0	0.491	0.491	27	0.0	1	"424604:s__Mucilaginibacter aquatilis:species;281909:g__Mucilaginibacter:genus;235547:f__Sphingobacteriaceae:family;235546:o__Sphingobacteriales:order;173791:c__Bacteroidia:class;173790:p__Bacteroidota:phylum;14524:d__Bacteria:superkingdom;1:root:no rank"
345703	"GB_GCA_005502925.1"	1	1.0	2.17	0.0	0.0	66.0	0.9545	0.667	0.667	38	0.0	1	"345703:GB_GCA_005502925.1:subspecies;345701:s__Nordella sp005502925:species;345700:g__Nordella:genus;322177:f__Aestuariivirgaceae:family;161314:o__Rhizobiales:order;159315:c__Alphaproteobacteria:class;14525:p__Pseudomonadota:phylum;14524:d__Bacteria:superkingdom;1:root:no rank"
345701	"s__Nordella sp005502925"	1	1.0	2.17	0.0	0.0	66.0	0.9545	0.667	0.667	38	0.0	1	"345701:s__Nordella sp005502925:species;345700:g__Nordella:genus;322177:f__Aestuariivirgaceae:family;161314:o__Rhizobiales:order;159315:c__Alphaproteobacteria:class;14525:p__Pseudomonadota:phylum;14524:d__Bacteria:superkingdom;1:root:no rank"
345700	"g__Nordella"	1	1.0	2.17	0.0	0.0	66.0	0.9545	0.667	0.667	38	0.0	1	"345700:g__Nordella:genus;322177:f__Aestuariivirgaceae:family;161314:o__Rhizobiales:order;159315:c__Alphaproteobacteria:class;14525:p__Pseudomonadota:phylum;14524:d__Bacteria:superkingdom;1:root:no rank"
322177	"f__Aestuariivirgaceae"	1	1.0	2.17	0.0	0.0	66.0	0.9545	0.667	0.667	38	0.0	1	"322177:f__Aestuariivirgaceae:family;161314:o__Rhizobiales:order;159315:c__Alphaproteobacteria:class;14525:p__Pseudomonadota:phylum;14524:d__Bacteria:superkingdom;1:root:no rank"
477366	"RS_GCF_018882365.1"	1	1.0	1.95	0.0	0.0	57.0	1.0	0.526	0.526	29	0.0	1	"477366:RS_GCF_018882365.1:subspecies;477365:s__Polynucleobacter sp018882365:species;236669:g__Polynucleobacter:genus;147451:f__Burkholderiaceae:family;137197:o__Burkholderiales:order;14526:c__Gammaproteobacteria:class;14525:p__Pseudomonadota:phylum;14524:d__Bacteria:superkingdom;1:root:no rank"
477365	"s__Polynucleobacter sp018882365"	1	1.0	1.95	0.0	0.0	57.0	1.0	0.526	0.526	29	0.0	1	"477365:s__Polynucleobacter sp018882365:species;236669:g__Polynucleobacter:genus;147451:f__Burkholderiaceae:family;137197:o__Burkholderiales:order;14526:c__Gammaproteobacteria:class;14525:p__Pseudomonadota:phylum;14524:d__Bacteria:superkingdom;1:root:no rank"
299848	"RS_GCF_017798005.1"	1	1.0	2.25	0	0	55.0	1.0	0.436	0.436	27	0.0	1	"299848:RS_GCF_017798005.1:subspecies;299842:s__Aggregatibacter sp000466335:species;203988:g__Aggregatibacter:genus;171066:f__Pasteurellaceae:family;145555:o__Enterobacterales_A:order;14526:c__Gammaproteobacteria:class;14525:p__Pseudomonadota:phylum;14524:d__Bacteria:superkingdom;1:root:no rank"
299842	"s__Aggregatibacter sp000466335"	1	1.0	2.25	0	0	55.0	1.0	0.436	0.436	27	0.0	1	"299842:s__Aggregatibacter sp000466335:species;203988:g__Aggregatibacter:genus;171066:f__Pasteurellaceae:family;145555:o__Enterobacterales_A:order;14526:c__Gammaproteobacteria:class;14525:p__Pseudomonadota:phylum;14524:d__Bacteria:superkingdom;1:root:no rank"
203988	"g__Aggregatibacter"	1	1.0	2.25	0	0	55.0	1.0	0.436	0.436	27	0.0	1	"203988:g__Aggregatibacter:genus;171066:f__Pasteurellaceae:family;145555:o__Enterobacterales_A:order;14526:c__Gammaproteobacteria:class;14525:p__Pseudomonadota:phylum;14524:d__Bacteria:superkingdom;1:root:no rank"
238208	"RS_GCF_000875895.1"	1	1.0	1.1	0	0.0	58.0	1.0	0.379	0.379	30	0.0	1	"238208:RS_GCF_000875895.1:subspecies;238207:s__Staphylococcus gallinarum:species;63361:g__Staphylococcus:genus;63360:f__Staphylococcaceae:family;63359:o__Staphylococcales:order;63358:c__Bacilli:class;63357:p__Bacillota:phylum;14524:d__Bacteria:superkingdom;1:root:no rank"
238207	"s__Staphylococcus gallinarum"	1	1.0	1.1	0	0.0	58.0	1.0	0.379	0.379	30	0.0	1	"238207:s__Staphylococcus gallinarum:species;63361:g__Staphylococcus:genus;63360:f__Staphylococcaceae:family;63359:o__Staphylococcales:order;63358:c__Bacilli:class;63357:p__Bacillota:phylum;14524:d__Bacteria:superkingdom;1:root:no rank"
259656	"RS_GCF_023078355.1"	1	1.0	4.81	0.0	0.0	58.0	0.9828	0.828	0.828	30	0.0	1	"259656:RS_GCF_023078355.1:subspecies;259641:s__Gordonia hongkongensis:species;259640:g__Gordonia:genus;101058:f__Mycobacteriaceae:family;101057:o__Mycobacteriales:order;101056:c__Actinomycetia:class;101055:p__Actinomycetota:phylum;14524:d__Bacteria:superkingdom;1:root:no rank"
259641	"s__Gordonia hongkongensis"	1	1.0	4.81	0.0	0.0	58.0	0.9828	0.828	0.828	30	0.0	1	"259641:s__Gordonia hongkongensis:species;259640:g__Gordonia:genus;101058:f__Mycobacteriaceae:family;101057:o__Mycobacteriales:order;101056:c__Actinomycetia:class;101055:p__Actinomycetota:phylum;14524:d__Bacteria:superkingdom;1:root:no rank"
330325	"RS_GCF_023273895.1"	1	1.0	1.15	0	0	32.0	1.0	0.281	0.281	4	0.0	1	"330325:RS_GCF_023273895.1:subspecies;330322:s__Sphingobacterium sp000938735:species;235548:g__Sphingobacterium:genus;235547:f__Sphingobacteriaceae:family;235546:o__Sphingobacteriales:order;173791:c__Bacteroidia:class;173790:p__Bacteroidota:phylum;14524:d__Bacteria:superkingdom;1:root:no rank"
330322	"s__Sphingobacterium sp000938735"	1	1.0	1.15	0	0	32.0	1.0	0.281	0.281	4	0.0	1	"330322:s__Sphingobacterium sp000938735:species;235548:g__Sphingobacterium:genus;235547:f__Sphingobacteriaceae:family;235546:o__Sphingobacteriales:order;173791:c__Bacteroidia:class;173790:p__Bacteroidota:phylum;14524:d__Bacteria:superkingdom;1:root:no rank"
332647	"RS_GCF_014236655.1"	1	1.0	2.59	0	0.0	71.0	1.0	0.676	0.676	43	0.0	1	"332647:RS_GCF_014236655.1:subspecies;332645:s__Pseudomonas_E kielensis:species;154229:g__Pseudomonas_E:genus;108194:f__Pseudomonadaceae:family;108193:o__Pseudomonadales:order;14526:c__Gammaproteobacteria:class;14525:p__Pseudomonadota:phylum;14524:d__Bacteria:superkingdom;1:root:no rank"
332645	"s__Pseudomonas_E kielensis"	1	1.0	2.59	0	0.0	71.0	1.0	0.676	0.676	43	0.0	1	"332645:s__Pseudomonas_E kielensis:species;154229:g__Pseudomonas_E:genus;108194:f__Pseudomonadaceae:family;108193:o__Pseudomonadales:order;14526:c__Gammaproteobacteria:class;14525:p__Pseudomonadota:phylum;14524:d__Bacteria:superkingdom;1:root:no rank"
282303	"RS_GCF_900637555.1"	1	1.0	3.03	0.0	0	37.0	1.0	0.622	0.622	9	0.0	1	"282303:RS_GCF_900637555.1:subspecies;282295:s__Lautropia mirabilis:species;282294:g__Lautropia:genus;231074:f__Burkholderiaceae_A:family;137197:o__Burkholderiales:order;14526:c__Gammaproteobacteria:class;14525:p__Pseudomonadota:phylum;14524:d__Bacteria:superkingdom;1:root:no rank"
282295	"s__Lautropia mirabilis"	1	1.0	3.03	0.0	0	37.0	1.0	0.622	0.622	9	0.0	1	"282295:s__Lautropia mirabilis:species;282294:g__Lautropia:genus;231074:f__Burkholderiaceae_A:family;137197:o__Burkholderiales:order;14526:c__Gammaproteobacteria:class;14525:p__Pseudomonadota:phylum;14524:d__Bacteria:superkingdom;1:root:no rank"
282294	"g__Lautropia"	1	1.0	3.03	0.0	0	37.0	1.0	0.622	0.622	9	0.0	1	"282294:g__Lautropia:genus;231074:f__Burkholderiaceae_A:family;137197:o__Burkholderiales:order;14526:c__Gammaproteobacteria:class;14525:p__Pseudomonadota:phylum;14524:d__Bacteria:superkingdom;1:root:no rank"
231074	"f__Burkholderiaceae_A"	1	1.0	3.03	0.0	0	37.0	1.0	0.622	0.622	9	0.0	1	"231074:f__Burkholderiaceae_A:family;137197:o__Burkholderiales:order;14526:c__Gammaproteobacteria:class;14525:p__Pseudomonadota:phylum;14524:d__Bacteria:superkingdom;1:root:no rank"
500422	"RS_GCF_007280415.1"	1	1.0	2.22	0	0	65.0	1.0	0.492	0.492	37	0.0	1	"500422:RS_GCF_007280415.1:subspecies;500421:s__Sphingorhabdus_B contaminans:species;310830:g__Sphingorhabdus_B:genus;223508:f__Sphingomonadaceae:family;223507:o__Sphingomonadales:order;159315:c__Alphaproteobacteria:class;14525:p__Pseudomonadota:phylum;14524:d__Bacteria:superkingdom;1:root:no rank"
500421	"s__Sphingorhabdus_B contaminans"	1	1.0	2.22	0	0	65.0	1.0	0.492	0.492	37	0.0	1	"500421:s__Sphingorhabdus_B contaminans:species;310830:g__Sphingorhabdus_B:genus;223508:f__Sphingomonadaceae:family;223507:o__Sphingomonadales:order;159315:c__Alphaproteobacteria:class;14525:p__Pseudomonadota:phylum;14524:d__Bacteria:superkingdom;1:root:no rank"
393830	"RS_GCF_900188155.1"	1	1.0	2.8	0	0.0	85.0	0.9765	0.447	0.424	57	0.0	1	"393830:RS_GCF_900188155.1:subspecies;393829:s__Pseudomonas_E segetis:species;154229:g__Pseudomonas_E:genus;108194:f__Pseudomonadaceae:family;108193:o__Pseudomonadales:order;14526:c__Gammaproteobacteria:class;14525:p__Pseudomonadota:phylum;14524:d__Bacteria:superkingdom;1:root:no rank"
393829	"s__Pseudomonas_E segetis"	1	1.0	2.8	0	0.0	85.0	0.9765	0.447	0.424	57	0.0	1	"393829:s__Pseudomonas_E segetis:species;154229:g__Pseudomonas_E:genus;108194:f__Pseudomonadaceae:family;108193:o__Pseudomonadales:order;14526:c__Gammaproteobacteria:class;14525:p__Pseudomonadota:phylum;14524:d__Bacteria:superkingdom;1:root:no rank"
480736	"GB_GCA_902805645.1"	1	1.0	3.33	0	0.0	71.0	0.9718	0.704	0.704	43	0.0	1	"480736:GB_GCA_902805645.1:subspecies;480735:s__CADCTG01 sp902805645:species;479277:g__CADCTG01:genus;241022:f__Acetobacteraceae:family;241021:o__Acetobacterales:order;159315:c__Alphaproteobacteria:class;14525:p__Pseudomonadota:phylum;14524:d__Bacteria:superkingdom;1:root:no rank"
480735	"s__CADCTG01 sp902805645"	1	1.0	3.33	0	0.0	71.0	0.9718	0.704	0.704	43	0.0	1	"480735:s__CADCTG01 sp902805645:species;479277:g__CADCTG01:genus;241022:f__Acetobacteraceae:family;241021:o__Acetobacterales:order;159315:c__Alphaproteobacteria:class;14525:p__Pseudomonadota:phylum;14524:d__Bacteria:superkingdom;1:root:no rank"
479277	"g__CADCTG01"	1	1.0	3.33	0	0.0	71.0	0.9718	0.704	0.704	43	0.0	1	"479277:g__CADCTG01:genus;241022:f__Acetobacteraceae:family;241021:o__Acetobacterales:order;159315:c__Alphaproteobacteria:class;14525:p__Pseudomonadota:phylum;14524:d__Bacteria:superkingdom;1:root:no rank"
222426	"RS_GCF_006539725.1"	1	1.0	1.0	1.0	0	59.0	0.9831	0.542	0.559	31	0.0	1	"222426:RS_GCF_006539725.1:subspecies;222386:s__Klebsiella terrigena:species;48380:g__Klebsiella:genus;14528:f__Enterobacteriaceae:family;14527:o__Enterobacterales:order;14526:c__Gammaproteobacteria:class;14525:p__Pseudomonadota:phylum;14524:d__Bacteria:superkingdom;1:root:no rank"
222386	"s__Klebsiella terrigena"	1	1.0	1.0	1.0	0	59.0	0.9831	0.542	0.559	31	0.0	1	"222386:s__Klebsiella terrigena:species;48380:g__Klebsiella:genus;14528:f__Enterobacteriaceae:family;14527:o__Enterobacterales:order;14526:c__Gammaproteobacteria:class;14525:p__Pseudomonadota:phylum;14524:d__Bacteria:superkingdom;1:root:no rank"
514506	"RS_GCF_014237835.1"	1	1.0	1.37	0.0	0	83.0	0.9759	0.542	0.518	55	0.0	1	"514506:RS_GCF_014237835.1:subspecies;514505:s__Allorhizobium sp014237835:species;244385:g__Allorhizobium:genus;161315:f__Rhizobiaceae:family;161314:o__Rhizobiales:order;159315:c__Alphaproteobacteria:class;14525:p__Pseudomonadota:phylum;14524:d__Bacteria:superkingdom;1:root:no rank"
514505	"s__Allorhizobium sp014237835"	1	1.0	1.37	0.0	0	83.0	0.9759	0.542	0.518	55	0.0	1	"514505:s__Allorhizobium sp014237835:species;244385:g__Allorhizobium:genus;161315:f__Rhizobiaceae:family;161314:o__Rhizobiales:order;159315:c__Alphaproteobacteria:class;14525:p__Pseudomonadota:phylum;14524:d__Bacteria:superkingdom;1:root:no rank"
474464	"GB_GCA_017307755.1"	1	1.0	2.35	0	0.0	63.0	0.9841	0.571	0.571	35	0.0	1	"474464:GB_GCA_017307755.1:subspecies;474463:s__Puia sp017307755:species;319035:g__Puia:genus;257281:f__Chitinophagaceae:family;257280:o__Chitinophagales:order;173791:c__Bacteroidia:class;173790:p__Bacteroidota:phylum;14524:d__Bacteria:superkingdom;1:root:no rank"
474463	"s__Puia sp017307755"	1	1.0	2.35	0	0.0	63.0	0.9841	0.571	0.571	35	0.0	1	"474463:s__Puia sp017307755:species;319035:g__Puia:genus;257281:f__Chitinophagaceae:family;257280:o__Chitinophagales:order;173791:c__Bacteroidia:class;173790:p__Bacteroidota:phylum;14524:d__Bacteria:superkingdom;1:root:no rank"
319035	"g__Puia"	1	1.0	2.35	0	0.0	63.0	0.9841	0.571	0.571	35	0.0	1	"319035:g__Puia:genus;257281:f__Chitinophagaceae:family;257280:o__Chitinophagales:order;173791:c__Bacteroidia:class;173790:p__Bacteroidota:phylum;14524:d__Bacteria:superkingdom;1:root:no rank"
427024	"GB_GCA_019750575.1"	1	1.0	1.61	0	0	34.0	1.0	0.676	0.676	6	0.0	1	"427024:GB_GCA_019750575.1:subspecies;427023:s__Ga0074130 sp019750575:species;370381:g__Ga0074130:genus;248460:f__Rhodocyclaceae:family;137197:o__Burkholderiales:order;14526:c__Gammaproteobacteria:class;14525:p__Pseudomonadota:phylum;14524:d__Bacteria:superkingdom;1:root:no rank"
427023	"s__Ga0074130 sp019750575"	1	1.0	1.61	0	0	34.0	1.0	0.676	0.676	6	0.0	1	"427023:s__Ga0074130 sp019750575:species;370381:g__Ga0074130:genus;248460:f__Rhodocyclaceae:family;137197:o__Burkholderiales:order;14526:c__Gammaproteobacteria:class;14525:p__Pseudomonadota:phylum;14524:d__Bacteria:superkingdom;1:root:no rank"
370381	"g__Ga0074130"	1	1.0	1.61	0	0	34.0	1.0	0.676	0.676	6	0.0	1	"370381:g__Ga0074130:genus;248460:f__Rhodocyclaceae:family;137197:o__Burkholderiales:order;14526:c__Gammaproteobacteria:class;14525:p__Pseudomonadota:phylum;14524:d__Bacteria:superkingdom;1:root:no rank"
299515	"RS_GCF_001696605.3"	1	1.0	4.83	0	0	32.0	1.0	0.25	0.25	4	0.0	1	"299515:RS_GCF_001696605.3:subspecies;299509:s__Acinetobacter wuhouensis:species;115235:g__Acinetobacter:genus;115234:f__Moraxellaceae:family;108193:o__Pseudomonadales:order;14526:c__Gammaproteobacteria:class;14525:p__Pseudomonadota:phylum;14524:d__Bacteria:superkingdom;1:root:no rank"
299509	"s__Acinetobacter wuhouensis"	1	1.0	4.83	0	0	32.0	1.0	0.25	0.25	4	0.0	1	"299509:s__Acinetobacter wuhouensis:species;115235:g__Acinetobacter:genus;115234:f__Moraxellaceae:family;108193:o__Pseudomonadales:order;14526:c__Gammaproteobacteria:class;14525:p__Pseudomonadota:phylum;14524:d__Bacteria:superkingdom;1:root:no rank"
332404	"GB_GCA_903894995.1"	1	1.0	1.96	0	0	36.0	0.9722	0.611	0.639	8	0.0	1	"332404:GB_GCA_903894995.1:subspecies;332401:s__Limnohabitans_A sp903894995:species;248965:g__Limnohabitans_A:genus;233990:f__Burkholderiaceae_B:family;137197:o__Burkholderiales:order;14526:c__Gammaproteobacteria:class;14525:p__Pseudomonadota:phylum;14524:d__Bacteria:superkingdom;1:root:no rank"
332401	"s__Limnohabitans_A sp903894995"	1	1.0	1.96	0	0	36.0	0.9722	0.611	0.639	8	0.0	1	"332401:s__Limnohabitans_A sp903894995:species;248965:g__Limnohabitans_A:genus;233990:f__Burkholderiaceae_B:family;137197:o__Burkholderiales:order;14526:c__Gammaproteobacteria:class;14525:p__Pseudomonadota:phylum;14524:d__Bacteria:superkingdom;1:root:no rank"
362685	"RS_GCF_003797835.1"	1	1.0	2.82	0.0	0	42.0	1.0	0.762	0.762	14	0.0	1	"362685:RS_GCF_003797835.1:subspecies;362684:s__Kocuria soli:species;246334:g__Kocuria:genus;187121:f__Micrococcaceae:family;171647:o__Actinomycetales:order;101056:c__Actinomycetia:class;101055:p__Actinomycetota:phylum;14524:d__Bacteria:superkingdom;1:root:no rank"
362684	"s__Kocuria soli"	1	1.0	2.82	0.0	0	42.0	1.0	0.762	0.762	14	0.0	1	"362684:s__Kocuria soli:species;246334:g__Kocuria:genus;187121:f__Micrococcaceae:family;171647:o__Actinomycetales:order;101056:c__Actinomycetia:class;101055:p__Actinomycetota:phylum;14524:d__Bacteria:superkingdom;1:root:no rank"
290178	"g__Cellulomonas"	1	1.0	2.44	0.0	0	44.0	0.9747	0.682	0.682	16	0.0	9	"290178:g__Cellulomonas:genus;255237:f__Cellulomonadaceae:family;171647:o__Actinomycetales:order;101056:c__Actinomycetia:class;101055:p__Actinomycetota:phylum;14524:d__Bacteria:superkingdom;1:root:no rank"
255237	"f__Cellulomonadaceae"	1	1.0	2.44	0.0	0	44.0	0.9747	0.682	0.682	16	0.0	9	"255237:f__Cellulomonadaceae:family;171647:o__Actinomycetales:order;101056:c__Actinomycetia:class;101055:p__Actinomycetota:phylum;14524:d__Bacteria:superkingdom;1:root:no rank"
469318	"RS_GCF_008629695.1"	1	1.0	0.38	0	0.0	35.0	0.9714	0.571	0.6	7	0.0	1	"469318:RS_GCF_008629695.1:subspecies;469317:s__Edaphocola luteus:species;412550:g__Edaphocola:genus;257281:f__Chitinophagaceae:family;257280:o__Chitinophagales:order;173791:c__Bacteroidia:class;173790:p__Bacteroidota:phylum;14524:d__Bacteria:superkingdom;1:root:no rank"
469317	"s__Edaphocola luteus"	1	1.0	0.38	0	0.0	35.0	0.9714	0.571	0.6	7	0.0	1	"469317:s__Edaphocola luteus:species;412550:g__Edaphocola:genus;257281:f__Chitinophagaceae:family;257280:o__Chitinophagales:order;173791:c__Bacteroidia:class;173790:p__Bacteroidota:phylum;14524:d__Bacteria:superkingdom;1:root:no rank"
412550	"g__Edaphocola"	1	1.0	0.38	0	0.0	35.0	0.9714	0.571	0.6	7	0.0	1	"412550:g__Edaphocola:genus;257281:f__Chitinophagaceae:family;257280:o__Chitinophagales:order;173791:c__Bacteroidia:class;173790:p__Bacteroidota:phylum;14524:d__Bacteria:superkingdom;1:root:no rank"
493516	"GB_GCA_016714495.1"	1	1.0	3.56	0.0	0	40.0	0.975	0.7	0.675	12	0.0	1	"493516:GB_GCA_016714495.1:subspecies;493515:s__UBA7672 sp016714495:species;371504:g__UBA7672:genus;237365:f__Hyphomonadaceae:family;231992:o__Caulobacterales:order;159315:c__Alphaproteobacteria:class;14525:p__Pseudomonadota:phylum;14524:d__Bacteria:superkingdom;1:root:no rank"
493515	"s__UBA7672 sp016714495"	1	1.0	3.56	0.0	0	40.0	0.975	0.7	0.675	12	0.0	1	"493515:s__UBA7672 sp016714495:species;371504:g__UBA7672:genus;237365:f__Hyphomonadaceae:family;231992:o__Caulobacterales:order;159315:c__Alphaproteobacteria:class;14525:p__Pseudomonadota:phylum;14524:d__Bacteria:superkingdom;1:root:no rank"
371504	"g__UBA7672"	1	1.0	3.56	0.0	0	40.0	0.975	0.7	0.675	12	0.0	1	"371504:g__UBA7672:genus;237365:f__Hyphomonadaceae:family;231992:o__Caulobacterales:order;159315:c__Alphaproteobacteria:class;14525:p__Pseudomonadota:phylum;14524:d__Bacteria:superkingdom;1:root:no rank"
237365	"f__Hyphomonadaceae"	1	1.0	3.56	0.0	0	40.0	0.975	0.7	0.675	12	0.0	1	"237365:f__Hyphomonadaceae:family;231992:o__Caulobacterales:order;159315:c__Alphaproteobacteria:class;14525:p__Pseudomonadota:phylum;14524:d__Bacteria:superkingdom;1:root:no rank"
429085	"GB_GCA_016792935.1"	1	1.0	2.02	0	0	34.0	0.9706	0.676	0.676	6	0.0	1	"429085:GB_GCA_016792935.1:subspecies;429084:s__Archangium_A sp016792935:species;341935:g__Archangium_A:genus;257766:f__Myxococcaceae:family;257765:o__Myxococcales:order;257764:c__Myxococcia:class;257763:p__Myxococcota:phylum;14524:d__Bacteria:superkingdom;1:root:no rank"
429084	"s__Archangium_A sp016792935"	1	1.0	2.02	0	0	34.0	0.9706	0.676	0.676	6	0.0	1	"429084:s__Archangium_A sp016792935:species;341935:g__Archangium_A:genus;257766:f__Myxococcaceae:family;257765:o__Myxococcales:order;257764:c__Myxococcia:class;257763:p__Myxococcota:phylum;14524:d__Bacteria:superkingdom;1:root:no rank"
368539	"g__JAEUJQ01"	1	1.0	1.61	0.0	0	32.0	1.0	0.688	0.688	4	0.0	2	"368539:g__JAEUJQ01:genus;257766:f__Myxococcaceae:family;257765:o__Myxococcales:order;257764:c__Myxococcia:class;257763:p__Myxococcota:phylum;14524:d__Bacteria:superkingdom;1:root:no rank"
392223	"RS_GCF_003815715.1"	1	1.0	1.95	0	0	39.0	1.0	0.359	0.359	11	0.0	1	"392223:RS_GCF_003815715.1:subspecies;392221:s__Chryseobacterium sp003815715:species;226751:g__Chryseobacterium:genus;206791:f__Weeksellaceae:family;190476:o__Flavobacteriales:order;173791:c__Bacteroidia:class;173790:p__Bacteroidota:phylum;14524:d__Bacteria:superkingdom;1:root:no rank"
392221	"s__Chryseobacterium sp003815715"	1	1.0	1.95	0	0	39.0	1.0	0.359	0.359	11	0.0	1	"392221:s__Chryseobacterium sp003815715:species;226751:g__Chryseobacterium:genus;206791:f__Weeksellaceae:family;190476:o__Flavobacteriales:order;173791:c__Bacteroidia:class;173790:p__Bacteroidota:phylum;14524:d__Bacteria:superkingdom;1:root:no rank"
226751	"g__Chryseobacterium"	1	1.0	1.95	0	0	39.0	1.0	0.359	0.359	11	0.0	1	"226751:g__Chryseobacterium:genus;206791:f__Weeksellaceae:family;190476:o__Flavobacteriales:order;173791:c__Bacteroidia:class;173790:p__Bacteroidota:phylum;14524:d__Bacteria:superkingdom;1:root:no rank"
387176	"RS_GCF_001005825.1"	1	1.0	0.98	0.0	0	43.0	1.0	0.512	0.512	15	0.0	1	"387176:RS_GCF_001005825.1:subspecies;387174:s__Neorhizobium_B sp001005825:species;387173:g__Neorhizobium_B:genus;161315:f__Rhizobiaceae:family;161314:o__Rhizobiales:order;159315:c__Alphaproteobacteria:class;14525:p__Pseudomonadota:phylum;14524:d__Bacteria:superkingdom;1:root:no rank"
387174	"s__Neorhizobium_B sp001005825"	1	1.0	0.98	0.0	0	43.0	1.0	0.512	0.512	15	0.0	1	"387174:s__Neorhizobium_B sp001005825:species;387173:g__Neorhizobium_B:genus;161315:f__Rhizobiaceae:family;161314:o__Rhizobiales:order;159315:c__Alphaproteobacteria:class;14525:p__Pseudomonadota:phylum;14524:d__Bacteria:superkingdom;1:root:no rank"
387173	"g__Neorhizobium_B"	1	1.0	0.98	0.0	0	43.0	1.0	0.512	0.512	15	0.0	1	"387173:g__Neorhizobium_B:genus;161315:f__Rhizobiaceae:family;161314:o__Rhizobiales:order;159315:c__Alphaproteobacteria:class;14525:p__Pseudomonadota:phylum;14524:d__Bacteria:superkingdom;1:root:no rank"
279308	"RS_GCF_900111805.1"	1	1.0	3.28	0.0	0	46.0	0.9565	0.761	0.761	18	0.0	1	"279308:RS_GCF_900111805.1:subspecies;279300:s__Rhodococcus kroppenstedtii:species;219099:g__Rhodococcus:genus;101058:f__Mycobacteriaceae:family;101057:o__Mycobacteriales:order;101056:c__Actinomycetia:class;101055:p__Actinomycetota:phylum;14524:d__Bacteria:superkingdom;1:root:no rank"
279300	"s__Rhodococcus kroppenstedtii"	1	1.0	3.28	0.0	0	46.0	0.9565	0.761	0.761	18	0.0	1	"279300:s__Rhodococcus kroppenstedtii:species;219099:g__Rhodococcus:genus;101058:f__Mycobacteriaceae:family;101057:o__Mycobacteriales:order;101056:c__Actinomycetia:class;101055:p__Actinomycetota:phylum;14524:d__Bacteria:superkingdom;1:root:no rank"
322947	"RS_GCF_900696085.1"	1	1.0	4.1	0	0	45.0	0.9556	0.667	0.689	17	0.0	1	"322947:RS_GCF_900696085.1:subspecies;322946:s__Bradyrhizobium ivorense:species;227326:g__Bradyrhizobium:genus;227325:f__Xanthobacteraceae:family;161314:o__Rhizobiales:order;159315:c__Alphaproteobacteria:class;14525:p__Pseudomonadota:phylum;14524:d__Bacteria:superkingdom;1:root:no rank"
322946	"s__Bradyrhizobium ivorense"	1	1.0	4.1	0	0	45.0	0.9556	0.667	0.689	17	0.0	1	"322946:s__Bradyrhizobium ivorense:species;227326:g__Bradyrhizobium:genus;227325:f__Xanthobacteraceae:family;161314:o__Rhizobiales:order;159315:c__Alphaproteobacteria:class;14525:p__Pseudomonadota:phylum;14524:d__Bacteria:superkingdom;1:root:no rank"
304017	"g__Saccharimonas"	1	1.0	3.02	0	0.0	38.0	0.9956	0.684	0.68	10	0.0	6	"304017:g__Saccharimonas:genus;304016:f__Saccharimonadaceae:family;282049:o__Saccharimonadales:order;282048:c__Saccharimonadia:class;249843:p__Patescibacteria:phylum;14524:d__Bacteria:superkingdom;1:root:no rank"
304016	"f__Saccharimonadaceae"	1	1.0	3.02	0	0.0	38.0	0.9956	0.684	0.68	10	0.0	6	"304016:f__Saccharimonadaceae:family;282049:o__Saccharimonadales:order;282048:c__Saccharimonadia:class;249843:p__Patescibacteria:phylum;14524:d__Bacteria:superkingdom;1:root:no rank"
460256	"RS_GCF_022829515.1"	1	1.0	1.51	0.0	0	33.0	0.9697	0.697	0.697	5	0.0	1	"460256:RS_GCF_022829515.1:subspecies;460255:s__Methylobacterium sp022829515:species;251232:g__Methylobacterium:genus;251231:f__Beijerinckiaceae:family;161314:o__Rhizobiales:order;159315:c__Alphaproteobacteria:class;14525:p__Pseudomonadota:phylum;14524:d__Bacteria:superkingdom;1:root:no rank"
460255	"s__Methylobacterium sp022829515"	1	1.0	1.51	0.0	0	33.0	0.9697	0.697	0.697	5	0.0	1	"460255:s__Methylobacterium sp022829515:species;251232:g__Methylobacterium:genus;251231:f__Beijerinckiaceae:family;161314:o__Rhizobiales:order;159315:c__Alphaproteobacteria:class;14525:p__Pseudomonadota:phylum;14524:d__Bacteria:superkingdom;1:root:no rank"
466613	"GB_GCA_020430845.1"	1	1.0	2.27	0	0	74.0	0.9595	0.595	0.595	46	0.0	1	"466613:GB_GCA_020430845.1:subspecies;466612:s__JAGQJA01 sp020430845:species;466611:g__JAGQJA01:genus;323334:f__Polyangiaceae:family;287031:o__Polyangiales:order;287030:c__Polyangia:class;257763:p__Myxococcota:phylum;14524:d__Bacteria:superkingdom;1:root:no rank"
466612	"s__JAGQJA01 sp020430845"	1	1.0	2.27	0	0	74.0	0.9595	0.595	0.595	46	0.0	1	"466612:s__JAGQJA01 sp020430845:species;466611:g__JAGQJA01:genus;323334:f__Polyangiaceae:family;287031:o__Polyangiales:order;287030:c__Polyangia:class;257763:p__Myxococcota:phylum;14524:d__Bacteria:superkingdom;1:root:no rank"
466611	"g__JAGQJA01"	1	1.0	2.27	0	0	74.0	0.9595	0.595	0.595	46	0.0	1	"466611:g__JAGQJA01:genus;323334:f__Polyangiaceae:family;287031:o__Polyangiales:order;287030:c__Polyangia:class;257763:p__Myxococcota:phylum;14524:d__Bacteria:superkingdom;1:root:no rank"
452487	"GB_GCA_016182805.1"	1	1.0	1.98	0	0.0	62.0	0.9677	0.613	0.613	34	0.0	1	"452487:GB_GCA_016182805.1:subspecies;452486:s__JACPFV01 sp016182805:species;452485:g__JACPFV01:genus;307456:f__Nevskiaceae:family;307455:o__Nevskiales:order;14526:c__Gammaproteobacteria:class;14525:p__Pseudomonadota:phylum;14524:d__Bacteria:superkingdom;1:root:no rank"
452486	"s__JACPFV01 sp016182805"	1	1.0	1.98	0	0.0	62.0	0.9677	0.613	0.613	34	0.0	1	"452486:s__JACPFV01 sp016182805:species;452485:g__JACPFV01:genus;307456:f__Nevskiaceae:family;307455:o__Nevskiales:order;14526:c__Gammaproteobacteria:class;14525:p__Pseudomonadota:phylum;14524:d__Bacteria:superkingdom;1:root:no rank"
452485	"g__JACPFV01"	1	1.0	1.98	0	0.0	62.0	0.9677	0.613	0.613	34	0.0	1	"452485:g__JACPFV01:genus;307456:f__Nevskiaceae:family;307455:o__Nevskiales:order;14526:c__Gammaproteobacteria:class;14525:p__Pseudomonadota:phylum;14524:d__Bacteria:superkingdom;1:root:no rank"
393150	"g__Knoellia"	1	1.0	3.07	0.0	0.0	81.0	0.9815	0.716	0.71	53	0.0	4	"393150:g__Knoellia:genus;243063:f__Dermatophilaceae:family;171647:o__Actinomycetales:order;101056:c__Actinomycetia:class;101055:p__Actinomycetota:phylum;14524:d__Bacteria:superkingdom;1:root:no rank"
448137	"RS_GCF_003671765.1"	1	1.0	2.56	0.0	0.0	40.0	0.95	0.675	0.7	12	0.0	1	"448137:RS_GCF_003671765.1:subspecies;448136:s__ALPHA2B sp003671765:species;339236:g__ALPHA2B:genus;233990:f__Burkholderiaceae_B:family;137197:o__Burkholderiales:order;14526:c__Gammaproteobacteria:class;14525:p__Pseudomonadota:phylum;14524:d__Bacteria:superkingdom;1:root:no rank"
448136	"s__ALPHA2B sp003671765"	1	1.0	2.56	0.0	0.0	40.0	0.95	0.675	0.7	12	0.0	1	"448136:s__ALPHA2B sp003671765:species;339236:g__ALPHA2B:genus;233990:f__Burkholderiaceae_B:family;137197:o__Burkholderiales:order;14526:c__Gammaproteobacteria:class;14525:p__Pseudomonadota:phylum;14524:d__Bacteria:superkingdom;1:root:no rank"
422430	"RS_GCF_007644035.1"	1	1.0	2.17	0	0.0	78.0	0.9615	0.667	0.679	50	0.0	1	"422430:RS_GCF_007644035.1:subspecies;422429:s__Vogesella mureinivorans:species;349617:g__Vogesella:genus;245293:f__Chromobacteriaceae:family;137197:o__Burkholderiales:order;14526:c__Gammaproteobacteria:class;14525:p__Pseudomonadota:phylum;14524:d__Bacteria:superkingdom;1:root:no rank"
422429	"s__Vogesella mureinivorans"	1	1.0	2.17	0	0.0	78.0	0.9615	0.667	0.679	50	0.0	1	"422429:s__Vogesella mureinivorans:species;349617:g__Vogesella:genus;245293:f__Chromobacteriaceae:family;137197:o__Burkholderiales:order;14526:c__Gammaproteobacteria:class;14525:p__Pseudomonadota:phylum;14524:d__Bacteria:superkingdom;1:root:no rank"
349617	"g__Vogesella"	1	1.0	2.17	0	0.0	78.0	0.9615	0.667	0.679	50	0.0	1	"349617:g__Vogesella:genus;245293:f__Chromobacteriaceae:family;137197:o__Burkholderiales:order;14526:c__Gammaproteobacteria:class;14525:p__Pseudomonadota:phylum;14524:d__Bacteria:superkingdom;1:root:no rank"
245293	"f__Chromobacteriaceae"	1	1.0	2.17	0	0.0	78.0	0.9615	0.667	0.679	50	0.0	1	"245293:f__Chromobacteriaceae:family;137197:o__Burkholderiales:order;14526:c__Gammaproteobacteria:class;14525:p__Pseudomonadota:phylum;14524:d__Bacteria:superkingdom;1:root:no rank"
57932	"RS_GCF_000742135.1"	1	1.0	2.1	0.0	0.0	61.0	1.0	0.541	0.541	33	0.0	1	"57932:RS_GCF_000742135.1:subspecies;48381:s__Klebsiella pneumoniae:species;48380:g__Klebsiella:genus;14528:f__Enterobacteriaceae:family;14527:o__Enterobacterales:order;14526:c__Gammaproteobacteria:class;14525:p__Pseudomonadota:phylum;14524:d__Bacteria:superkingdom;1:root:no rank"
48381	"s__Klebsiella pneumoniae"	1	1.0	2.1	0.0	0.0	61.0	1.0	0.541	0.541	33	0.0	1	"48381:s__Klebsiella pneumoniae:species;48380:g__Klebsiella:genus;14528:f__Enterobacteriaceae:family;14527:o__Enterobacterales:order;14526:c__Gammaproteobacteria:class;14525:p__Pseudomonadota:phylum;14524:d__Bacteria:superkingdom;1:root:no rank"
454723	"GB_GCA_024343425.1"	1	1.0	1.33	0	0	60.0	0.95	0.533	0.55	32	0.0	1	"454723:GB_GCA_024343425.1:subspecies;454722:s__G017794825 sp024343425:species;454387:g__G017794825:genus;161315:f__Rhizobiaceae:family;161314:o__Rhizobiales:order;159315:c__Alphaproteobacteria:class;14525:p__Pseudomonadota:phylum;14524:d__Bacteria:superkingdom;1:root:no rank"
454722	"s__G017794825 sp024343425"	1	1.0	1.33	0	0	60.0	0.95	0.533	0.55	32	0.0	1	"454722:s__G017794825 sp024343425:species;454387:g__G017794825:genus;161315:f__Rhizobiaceae:family;161314:o__Rhizobiales:order;159315:c__Alphaproteobacteria:class;14525:p__Pseudomonadota:phylum;14524:d__Bacteria:superkingdom;1:root:no rank"
454387	"g__G017794825"	1	1.0	1.33	0	0	60.0	0.95	0.533	0.55	32	0.0	1	"454387:g__G017794825:genus;161315:f__Rhizobiaceae:family;161314:o__Rhizobiales:order;159315:c__Alphaproteobacteria:class;14525:p__Pseudomonadota:phylum;14524:d__Bacteria:superkingdom;1:root:no rank"
477755	"GB_GCA_017998575.1"	1	1.01	2.12	0	0	116.0	1.0	0.603	0.603	87	0.011	1	"477755:GB_GCA_017998575.1:subspecies;477754:s__JAGOCV01 sp017998575:species;474802:g__JAGOCV01:genus;233990:f__Burkholderiaceae_B:family;137197:o__Burkholderiales:order;14526:c__Gammaproteobacteria:class;14525:p__Pseudomonadota:phylum;14524:d__Bacteria:superkingdom;1:root:no rank"
477754	"s__JAGOCV01 sp017998575"	1	1.01	2.12	0	0	116.0	1.0	0.603	0.603	87	0.011	1	"477754:s__JAGOCV01 sp017998575:species;474802:g__JAGOCV01:genus;233990:f__Burkholderiaceae_B:family;137197:o__Burkholderiales:order;14526:c__Gammaproteobacteria:class;14525:p__Pseudomonadota:phylum;14524:d__Bacteria:superkingdom;1:root:no rank"
474802	"g__JAGOCV01"	1	1.01	2.12	0	0	116.0	1.0	0.603	0.603	87	0.011	1	"474802:g__JAGOCV01:genus;233990:f__Burkholderiaceae_B:family;137197:o__Burkholderiales:order;14526:c__Gammaproteobacteria:class;14525:p__Pseudomonadota:phylum;14524:d__Bacteria:superkingdom;1:root:no rank"
406853	"GB_GCA_913774925.1"	1	1.0	2.96	0	1.0	89.0	0.9551	0.708	0.719	61	0.0	1	"406853:GB_GCA_913774925.1:subspecies;406852:s__Sphingomonas sp913774925:species;223509:g__Sphingomonas:genus;223508:f__Sphingomonadaceae:family;223507:o__Sphingomonadales:order;159315:c__Alphaproteobacteria:class;14525:p__Pseudomonadota:phylum;14524:d__Bacteria:superkingdom;1:root:no rank"
406852	"s__Sphingomonas sp913774925"	1	1.0	2.96	0	1.0	89.0	0.9551	0.708	0.719	61	0.0	1	"406852:s__Sphingomonas sp913774925:species;223509:g__Sphingomonas:genus;223508:f__Sphingomonadaceae:family;223507:o__Sphingomonadales:order;159315:c__Alphaproteobacteria:class;14525:p__Pseudomonadota:phylum;14524:d__Bacteria:superkingdom;1:root:no rank"
323499	"RS_GCF_003860525.1"	1	1.0	1.74	0.0	0	44.0	0.9773	0.545	0.523	16	0.0	3	"323499:RS_GCF_003860525.1:subspecies;323495:s__Epilithonimonas vandammei:species;323494:g__Epilithonimonas:genus;206791:f__Weeksellaceae:family;190476:o__Flavobacteriales:order;173791:c__Bacteroidia:class;173790:p__Bacteroidota:phylum;14524:d__Bacteria:superkingdom;1:root:no rank"
323495	"s__Epilithonimonas vandammei"	1	1.0	1.74	0.0	0	44.0	0.9773	0.545	0.523	16	0.0	3	"323495:s__Epilithonimonas vandammei:species;323494:g__Epilithonimonas:genus;206791:f__Weeksellaceae:family;190476:o__Flavobacteriales:order;173791:c__Bacteroidia:class;173790:p__Bacteroidota:phylum;14524:d__Bacteria:superkingdom;1:root:no rank"
506466	"GB_GCA_902806265.1"	1	1.0	2.3	0	0	32.0	1.0	0.625	0.625	4	0.0	1	"506466:GB_GCA_902806265.1:subspecies;506465:s__Sphingomicrobium sp902806265:species;355075:g__Sphingomicrobium:genus;223508:f__Sphingomonadaceae:family;223507:o__Sphingomonadales:order;159315:c__Alphaproteobacteria:class;14525:p__Pseudomonadota:phylum;14524:d__Bacteria:superkingdom;1:root:no rank"
506465	"s__Sphingomicrobium sp902806265"	1	1.0	2.3	0	0	32.0	1.0	0.625	0.625	4	0.0	1	"506465:s__Sphingomicrobium sp902806265:species;355075:g__Sphingomicrobium:genus;223508:f__Sphingomonadaceae:family;223507:o__Sphingomonadales:order;159315:c__Alphaproteobacteria:class;14525:p__Pseudomonadota:phylum;14524:d__Bacteria:superkingdom;1:root:no rank"
355075	"g__Sphingomicrobium"	1	1.0	2.3	0	0	32.0	1.0	0.625	0.625	4	0.0	1	"355075:g__Sphingomicrobium:genus;223508:f__Sphingomonadaceae:family;223507:o__Sphingomonadales:order;159315:c__Alphaproteobacteria:class;14525:p__Pseudomonadota:phylum;14524:d__Bacteria:superkingdom;1:root:no rank"
506863	"RS_GCF_000516555.1"	1	1.0	1.0	0.0	0.0	40.0	0.95	0.625	0.625	12	0.0	1	"506863:RS_GCF_000516555.1:subspecies;506862:s__P52-10 sp000516555:species;506861:g__P52-10:genus;227325:f__Xanthobacteraceae:family;161314:o__Rhizobiales:order;159315:c__Alphaproteobacteria:class;14525:p__Pseudomonadota:phylum;14524:d__Bacteria:superkingdom;1:root:no rank"
506862	"s__P52-10 sp000516555"	1	1.0	1.0	0.0	0.0	40.0	0.95	0.625	0.625	12	0.0	1	"506862:s__P52-10 sp000516555:species;506861:g__P52-10:genus;227325:f__Xanthobacteraceae:family;161314:o__Rhizobiales:order;159315:c__Alphaproteobacteria:class;14525:p__Pseudomonadota:phylum;14524:d__Bacteria:superkingdom;1:root:no rank"
506861	"g__P52-10"	1	1.0	1.0	0.0	0.0	40.0	0.95	0.625	0.625	12	0.0	1	"506861:g__P52-10:genus;227325:f__Xanthobacteraceae:family;161314:o__Rhizobiales:order;159315:c__Alphaproteobacteria:class;14525:p__Pseudomonadota:phylum;14524:d__Bacteria:superkingdom;1:root:no rank"
337230	"RS_GCF_018130615.1"	1	1.0	3.03	0	0	35.0	0.9714	0.657	0.629	7	0.0	1	"337230:RS_GCF_018130615.1:subspecies;337228:s__Bradyrhizobium manausense_A:species;227326:g__Bradyrhizobium:genus;227325:f__Xanthobacteraceae:family;161314:o__Rhizobiales:order;159315:c__Alphaproteobacteria:class;14525:p__Pseudomonadota:phylum;14524:d__Bacteria:superkingdom;1:root:no rank"
337228	"s__Bradyrhizobium manausense_A"	1	1.0	3.03	0	0	35.0	0.9714	0.657	0.629	7	0.0	1	"337228:s__Bradyrhizobium manausense_A:species;227326:g__Bradyrhizobium:genus;227325:f__Xanthobacteraceae:family;161314:o__Rhizobiales:order;159315:c__Alphaproteobacteria:class;14525:p__Pseudomonadota:phylum;14524:d__Bacteria:superkingdom;1:root:no rank"
352526	"RS_GCF_000550805.1"	1	1.0	1.95	0	0	57.0	0.9649	0.632	0.661	29	0.0	1	"352526:RS_GCF_000550805.1:subspecies;352523:s__Corynebacterium vitaeruminis:species;175271:g__Corynebacterium:genus;101058:f__Mycobacteriaceae:family;101057:o__Mycobacteriales:order;101056:c__Actinomycetia:class;101055:p__Actinomycetota:phylum;14524:d__Bacteria:superkingdom;1:root:no rank"
352523	"s__Corynebacterium vitaeruminis"	1	1.0	1.95	0	0	57.0	0.9649	0.632	0.661	29	0.0	1	"352523:s__Corynebacterium vitaeruminis:species;175271:g__Corynebacterium:genus;101058:f__Mycobacteriaceae:family;101057:o__Mycobacteriales:order;101056:c__Actinomycetia:class;101055:p__Actinomycetota:phylum;14524:d__Bacteria:superkingdom;1:root:no rank"
447647	"RS_GCF_017356265.1"	1	1.0	2.29	0.0	0.0	41.0	0.9512	0.707	0.707	13	0.0	1	"447647:RS_GCF_017356265.1:subspecies;447646:s__Paracoccus fontiphilus:species;279860:g__Paracoccus:genus;198019:f__Rhodobacteraceae:family;198018:o__Rhodobacterales:order;159315:c__Alphaproteobacteria:class;14525:p__Pseudomonadota:phylum;14524:d__Bacteria:superkingdom;1:root:no rank"
447646	"s__Paracoccus fontiphilus"	1	1.0	2.29	0.0	0.0	41.0	0.9512	0.707	0.707	13	0.0	1	"447646:s__Paracoccus fontiphilus:species;279860:g__Paracoccus:genus;198019:f__Rhodobacteraceae:family;198018:o__Rhodobacterales:order;159315:c__Alphaproteobacteria:class;14525:p__Pseudomonadota:phylum;14524:d__Bacteria:superkingdom;1:root:no rank"
311415	"RS_GCF_002266465.2"	1	1.0	2.76	0.0	0	57.0	0.9649	0.702	0.702	29	0.0	1	"311415:RS_GCF_002266465.2:subspecies;311413:s__Bradyrhizobium symbiodeficiens:species;227326:g__Bradyrhizobium:genus;227325:f__Xanthobacteraceae:family;161314:o__Rhizobiales:order;159315:c__Alphaproteobacteria:class;14525:p__Pseudomonadota:phylum;14524:d__Bacteria:superkingdom;1:root:no rank"
311413	"s__Bradyrhizobium symbiodeficiens"	1	1.0	2.76	0.0	0	57.0	0.9649	0.702	0.702	29	0.0	1	"311413:s__Bradyrhizobium symbiodeficiens:species;227326:g__Bradyrhizobium:genus;227325:f__Xanthobacteraceae:family;161314:o__Rhizobiales:order;159315:c__Alphaproteobacteria:class;14525:p__Pseudomonadota:phylum;14524:d__Bacteria:superkingdom;1:root:no rank"
434285	"RS_GCF_003569745.1"	1	1.0	2.06	0.0	0	89.0	0.9888	0.629	0.618	61	0.0	1	"434285:RS_GCF_003569745.1:subspecies;434284:s__Croceibacterium sp003569745:species;352889:g__Croceibacterium:genus;223508:f__Sphingomonadaceae:family;223507:o__Sphingomonadales:order;159315:c__Alphaproteobacteria:class;14525:p__Pseudomonadota:phylum;14524:d__Bacteria:superkingdom;1:root:no rank"
434284	"s__Croceibacterium sp003569745"	1	1.0	2.06	0.0	0	89.0	0.9888	0.629	0.618	61	0.0	1	"434284:s__Croceibacterium sp003569745:species;352889:g__Croceibacterium:genus;223508:f__Sphingomonadaceae:family;223507:o__Sphingomonadales:order;159315:c__Alphaproteobacteria:class;14525:p__Pseudomonadota:phylum;14524:d__Bacteria:superkingdom;1:root:no rank"
352889	"g__Croceibacterium"	1	1.0	2.06	0.0	0	89.0	0.9888	0.629	0.618	61	0.0	1	"352889:g__Croceibacterium:genus;223508:f__Sphingomonadaceae:family;223507:o__Sphingomonadales:order;159315:c__Alphaproteobacteria:class;14525:p__Pseudomonadota:phylum;14524:d__Bacteria:superkingdom;1:root:no rank"
234017	"RS_GCF_001598795.1"	1	1.0	3.44	0.0	0.0	33.0	0.9697	0.697	0.727	5	0.0	1	"234017:RS_GCF_001598795.1:subspecies;233992:s__Comamonas acidovorans:species;233991:g__Comamonas:genus;233990:f__Burkholderiaceae_B:family;137197:o__Burkholderiales:order;14526:c__Gammaproteobacteria:class;14525:p__Pseudomonadota:phylum;14524:d__Bacteria:superkingdom;1:root:no rank"
233992	"s__Comamonas acidovorans"	1	1.0	3.44	0.0	0.0	33.0	0.9697	0.697	0.727	5	0.0	1	"233992:s__Comamonas acidovorans:species;233991:g__Comamonas:genus;233990:f__Burkholderiaceae_B:family;137197:o__Burkholderiales:order;14526:c__Gammaproteobacteria:class;14525:p__Pseudomonadota:phylum;14524:d__Bacteria:superkingdom;1:root:no rank"
375626	"RS_GCF_001278115.1"	1	1.0	1.22	0	0	66.0	0.9697	0.455	0.455	38	0.0	1	"375626:RS_GCF_001278115.1:subspecies;375624:s__Flavobacterium akiainvivens:species;190478:g__Flavobacterium:genus;190477:f__Flavobacteriaceae:family;190476:o__Flavobacteriales:order;173791:c__Bacteroidia:class;173790:p__Bacteroidota:phylum;14524:d__Bacteria:superkingdom;1:root:no rank"
375624	"s__Flavobacterium akiainvivens"	1	1.0	1.22	0	0	66.0	0.9697	0.455	0.455	38	0.0	1	"375624:s__Flavobacterium akiainvivens:species;190478:g__Flavobacterium:genus;190477:f__Flavobacteriaceae:family;190476:o__Flavobacteriales:order;173791:c__Bacteroidia:class;173790:p__Bacteroidota:phylum;14524:d__Bacteria:superkingdom;1:root:no rank"
386229	"RS_GCF_001633105.1"	1	1.0	2.91	0.0	0	76.0	0.9605	0.658	0.671	48	0.0	1	"386229:RS_GCF_001633105.1:subspecies;386228:s__Acidovorax sp001633105:species;258853:g__Acidovorax:genus;233990:f__Burkholderiaceae_B:family;137197:o__Burkholderiales:order;14526:c__Gammaproteobacteria:class;14525:p__Pseudomonadota:phylum;14524:d__Bacteria:superkingdom;1:root:no rank"
386228	"s__Acidovorax sp001633105"	1	1.0	2.91	0.0	0	76.0	0.9605	0.658	0.671	48	0.0	1	"386228:s__Acidovorax sp001633105:species;258853:g__Acidovorax:genus;233990:f__Burkholderiaceae_B:family;137197:o__Burkholderiales:order;14526:c__Gammaproteobacteria:class;14525:p__Pseudomonadota:phylum;14524:d__Bacteria:superkingdom;1:root:no rank"
315258	"RS_GCF_002025705.1"	1	1.0	2.26	0	0	62.0	0.9677	0.629	0.613	34	0.0	1	"315258:RS_GCF_002025705.1:subspecies;315255:s__Pseudomonas_E putida_J:species;154229:g__Pseudomonas_E:genus;108194:f__Pseudomonadaceae:family;108193:o__Pseudomonadales:order;14526:c__Gammaproteobacteria:class;14525:p__Pseudomonadota:phylum;14524:d__Bacteria:superkingdom;1:root:no rank"
315255	"s__Pseudomonas_E putida_J"	1	1.0	2.26	0	0	62.0	0.9677	0.629	0.613	34	0.0	1	"315255:s__Pseudomonas_E putida_J:species;154229:g__Pseudomonas_E:genus;108194:f__Pseudomonadaceae:family;108193:o__Pseudomonadales:order;14526:c__Gammaproteobacteria:class;14525:p__Pseudomonadota:phylum;14524:d__Bacteria:superkingdom;1:root:no rank"
474442	"GB_GCA_018241685.1"	1	1.0	2.5	0	0	49.0	0.9796	0.653	0.633	21	0.0	1	"474442:GB_GCA_018241685.1:subspecies;474441:s__Zoogloea sp018241685:species;325584:g__Zoogloea:genus;248460:f__Rhodocyclaceae:family;137197:o__Burkholderiales:order;14526:c__Gammaproteobacteria:class;14525:p__Pseudomonadota:phylum;14524:d__Bacteria:superkingdom;1:root:no rank"
474441	"s__Zoogloea sp018241685"	1	1.0	2.5	0	0	49.0	0.9796	0.653	0.633	21	0.0	1	"474441:s__Zoogloea sp018241685:species;325584:g__Zoogloea:genus;248460:f__Rhodocyclaceae:family;137197:o__Burkholderiales:order;14526:c__Gammaproteobacteria:class;14525:p__Pseudomonadota:phylum;14524:d__Bacteria:superkingdom;1:root:no rank"
325584	"g__Zoogloea"	1	1.0	2.5	0	0	49.0	0.9796	0.653	0.633	21	0.0	1	"325584:g__Zoogloea:genus;248460:f__Rhodocyclaceae:family;137197:o__Burkholderiales:order;14526:c__Gammaproteobacteria:class;14525:p__Pseudomonadota:phylum;14524:d__Bacteria:superkingdom;1:root:no rank"
376485	"GB_GCA_943913655.1"	1	1.0	4.34	0	0	88.0	1.0	0.25	0.25	60	0.0	1	"376485:GB_GCA_943913655.1:subspecies;376483:s__QFNR01 sp003248485:species;376482:g__QFNR01:genus;137198:f__Neisseriaceae:family;137197:o__Burkholderiales:order;14526:c__Gammaproteobacteria:class;14525:p__Pseudomonadota:phylum;14524:d__Bacteria:superkingdom;1:root:no rank"
376483	"s__QFNR01 sp003248485"	1	1.0	4.34	0	0	88.0	1.0	0.25	0.25	60	0.0	1	"376483:s__QFNR01 sp003248485:species;376482:g__QFNR01:genus;137198:f__Neisseriaceae:family;137197:o__Burkholderiales:order;14526:c__Gammaproteobacteria:class;14525:p__Pseudomonadota:phylum;14524:d__Bacteria:superkingdom;1:root:no rank"
376482	"g__QFNR01"	1	1.0	4.34	0	0	88.0	1.0	0.25	0.25	60	0.0	1	"376482:g__QFNR01:genus;137198:f__Neisseriaceae:family;137197:o__Burkholderiales:order;14526:c__Gammaproteobacteria:class;14525:p__Pseudomonadota:phylum;14524:d__Bacteria:superkingdom;1:root:no rank"
444983	"RS_GCF_003355005.1"	1	1.0	2.56	0.0	0	44.0	1.0	0.659	0.659	16	0.0	1	"444983:RS_GCF_003355005.1:subspecies;444982:s__Sphingomonas sp003355005:species;223509:g__Sphingomonas:genus;223508:f__Sphingomonadaceae:family;223507:o__Sphingomonadales:order;159315:c__Alphaproteobacteria:class;14525:p__Pseudomonadota:phylum;14524:d__Bacteria:superkingdom;1:root:no rank"
444982	"s__Sphingomonas sp003355005"	1	1.0	2.56	0.0	0	44.0	1.0	0.659	0.659	16	0.0	1	"444982:s__Sphingomonas sp003355005:species;223509:g__Sphingomonas:genus;223508:f__Sphingomonadaceae:family;223507:o__Sphingomonadales:order;159315:c__Alphaproteobacteria:class;14525:p__Pseudomonadota:phylum;14524:d__Bacteria:superkingdom;1:root:no rank"
265099	"RS_GCF_001623405.1"	1	1.0	2.57	0.0	0	50.0	0.96	0.44	0.46	22	0.0	1	"265099:RS_GCF_001623405.1:subspecies;265094:s__Hydrotalea flava:species;265093:g__Hydrotalea:genus;257281:f__Chitinophagaceae:family;257280:o__Chitinophagales:order;173791:c__Bacteroidia:class;173790:p__Bacteroidota:phylum;14524:d__Bacteria:superkingdom;1:root:no rank"
265094	"s__Hydrotalea flava"	1	1.0	2.57	0.0	0	50.0	0.96	0.44	0.46	22	0.0	1	"265094:s__Hydrotalea flava:species;265093:g__Hydrotalea:genus;257281:f__Chitinophagaceae:family;257280:o__Chitinophagales:order;173791:c__Bacteroidia:class;173790:p__Bacteroidota:phylum;14524:d__Bacteria:superkingdom;1:root:no rank"
331910	"RS_GCF_008123965.1"	1	1.0	1.88	0.0	0	59.0	0.9831	0.661	0.661	31	0.0	1	"331910:RS_GCF_008123965.1:subspecies;331907:s__Bradyrhizobium hipponense:species;227326:g__Bradyrhizobium:genus;227325:f__Xanthobacteraceae:family;161314:o__Rhizobiales:order;159315:c__Alphaproteobacteria:class;14525:p__Pseudomonadota:phylum;14524:d__Bacteria:superkingdom;1:root:no rank"
331907	"s__Bradyrhizobium hipponense"	1	1.0	1.88	0.0	0	59.0	0.9831	0.661	0.661	31	0.0	1	"331907:s__Bradyrhizobium hipponense:species;227326:g__Bradyrhizobium:genus;227325:f__Xanthobacteraceae:family;161314:o__Rhizobiales:order;159315:c__Alphaproteobacteria:class;14525:p__Pseudomonadota:phylum;14524:d__Bacteria:superkingdom;1:root:no rank"
268597	"RS_GCF_000213055.1"	1	1.0	3.19	0	0	55.0	0.9636	0.727	0.745	27	0.0	1	"268597:RS_GCF_000213055.1:subspecies;268585:s__Streptomyces sp000213055:species;207082:g__Streptomyces:genus;207081:f__Streptomycetaceae:family;207080:o__Streptomycetales:order;101056:c__Actinomycetia:class;101055:p__Actinomycetota:phylum;14524:d__Bacteria:superkingdom;1:root:no rank"
268585	"s__Streptomyces sp000213055"	1	1.0	3.19	0	0	55.0	0.9636	0.727	0.745	27	0.0	1	"268585:s__Streptomyces sp000213055:species;207082:g__Streptomyces:genus;207081:f__Streptomycetaceae:family;207080:o__Streptomycetales:order;101056:c__Actinomycetia:class;101055:p__Actinomycetota:phylum;14524:d__Bacteria:superkingdom;1:root:no rank"
301938	"RS_GCF_015291705.1"	1	1.0	1.95	0	0	58.0	0.9655	0.638	0.603	30	0.0	1	"301938:RS_GCF_015291705.1:subspecies;301933:s__Bradyrhizobium arachidis:species;227326:g__Bradyrhizobium:genus;227325:f__Xanthobacteraceae:family;161314:o__Rhizobiales:order;159315:c__Alphaproteobacteria:class;14525:p__Pseudomonadota:phylum;14524:d__Bacteria:superkingdom;1:root:no rank"
301933	"s__Bradyrhizobium arachidis"	1	1.0	1.95	0	0	58.0	0.9655	0.638	0.603	30	0.0	1	"301933:s__Bradyrhizobium arachidis:species;227326:g__Bradyrhizobium:genus;227325:f__Xanthobacteraceae:family;161314:o__Rhizobiales:order;159315:c__Alphaproteobacteria:class;14525:p__Pseudomonadota:phylum;14524:d__Bacteria:superkingdom;1:root:no rank"
368405	"RS_GCF_007556755.1"	1	1.0	2.64	0.0	0	51.0	1.0	0.804	0.804	23	0.0	1	"368405:RS_GCF_007556755.1:subspecies;368404:s__Tepidimonas fonticaldi:species;330469:g__Tepidimonas:genus;233990:f__Burkholderiaceae_B:family;137197:o__Burkholderiales:order;14526:c__Gammaproteobacteria:class;14525:p__Pseudomonadota:phylum;14524:d__Bacteria:superkingdom;1:root:no rank"
368404	"s__Tepidimonas fonticaldi"	1	1.0	2.64	0.0	0	51.0	1.0	0.804	0.804	23	0.0	1	"368404:s__Tepidimonas fonticaldi:species;330469:g__Tepidimonas:genus;233990:f__Burkholderiaceae_B:family;137197:o__Burkholderiales:order;14526:c__Gammaproteobacteria:class;14525:p__Pseudomonadota:phylum;14524:d__Bacteria:superkingdom;1:root:no rank"
330469	"g__Tepidimonas"	1	1.0	2.64	0.0	0	51.0	1.0	0.804	0.804	23	0.0	1	"330469:g__Tepidimonas:genus;233990:f__Burkholderiaceae_B:family;137197:o__Burkholderiales:order;14526:c__Gammaproteobacteria:class;14525:p__Pseudomonadota:phylum;14524:d__Bacteria:superkingdom;1:root:no rank"
476501	"GB_GCA_916438945.1"	1	1.02	2.22	0.0	0	79.0	0.962	0.684	0.696	50	0.02	1	"476501:GB_GCA_916438945.1:subspecies;476500:s__Pauljensenia sp916438945:species;284801:g__Pauljensenia:genus;239098:f__Actinomycetaceae:family;171647:o__Actinomycetales:order;101056:c__Actinomycetia:class;101055:p__Actinomycetota:phylum;14524:d__Bacteria:superkingdom;1:root:no rank"
476500	"s__Pauljensenia sp916438945"	1	1.02	2.22	0.0	0	79.0	0.962	0.684	0.696	50	0.02	1	"476500:s__Pauljensenia sp916438945:species;284801:g__Pauljensenia:genus;239098:f__Actinomycetaceae:family;171647:o__Actinomycetales:order;101056:c__Actinomycetia:class;101055:p__Actinomycetota:phylum;14524:d__Bacteria:superkingdom;1:root:no rank"
356708	"RS_GCF_024758505.1"	1	1.0	2.94	0	0.0	56.0	0.9643	0.589	0.589	28	0.0	1	"356708:RS_GCF_024758505.1:subspecies;356707:s__Bradyrhizobium manausense_C:species;227326:g__Bradyrhizobium:genus;227325:f__Xanthobacteraceae:family;161314:o__Rhizobiales:order;159315:c__Alphaproteobacteria:class;14525:p__Pseudomonadota:phylum;14524:d__Bacteria:superkingdom;1:root:no rank"
356707	"s__Bradyrhizobium manausense_C"	1	1.0	2.94	0	0.0	56.0	0.9643	0.589	0.589	28	0.0	1	"356707:s__Bradyrhizobium manausense_C:species;227326:g__Bradyrhizobium:genus;227325:f__Xanthobacteraceae:family;161314:o__Rhizobiales:order;159315:c__Alphaproteobacteria:class;14525:p__Pseudomonadota:phylum;14524:d__Bacteria:superkingdom;1:root:no rank"
461224	"RS_GCF_000378125.1"	1	1.0	1.66	0	0.0	45.0	0.9556	0.622	0.578	17	0.0	1	"461224:RS_GCF_000378125.1:subspecies;461223:s__Rudaea cellulosilytica:species;346900:g__Rudaea:genus;275876:f__Rhodanobacteraceae:family;177469:o__Xanthomonadales:order;14526:c__Gammaproteobacteria:class;14525:p__Pseudomonadota:phylum;14524:d__Bacteria:superkingdom;1:root:no rank"
461223	"s__Rudaea cellulosilytica"	1	1.0	1.66	0	0.0	45.0	0.9556	0.622	0.578	17	0.0	1	"461223:s__Rudaea cellulosilytica:species;346900:g__Rudaea:genus;275876:f__Rhodanobacteraceae:family;177469:o__Xanthomonadales:order;14526:c__Gammaproteobacteria:class;14525:p__Pseudomonadota:phylum;14524:d__Bacteria:superkingdom;1:root:no rank"
277361	"RS_GCF_000622225.1"	1	1.0	2.45	0	0	52.0	0.9615	0.712	0.712	24	0.0	1	"277361:RS_GCF_000622225.1:subspecies;277356:s__Roseomonas mucosa:species;277355:g__Roseomonas:genus;241022:f__Acetobacteraceae:family;241021:o__Acetobacterales:order;159315:c__Alphaproteobacteria:class;14525:p__Pseudomonadota:phylum;14524:d__Bacteria:superkingdom;1:root:no rank"
277356	"s__Roseomonas mucosa"	1	1.0	2.45	0	0	52.0	0.9615	0.712	0.712	24	0.0	1	"277356:s__Roseomonas mucosa:species;277355:g__Roseomonas:genus;241022:f__Acetobacteraceae:family;241021:o__Acetobacterales:order;159315:c__Alphaproteobacteria:class;14525:p__Pseudomonadota:phylum;14524:d__Bacteria:superkingdom;1:root:no rank"
480226	"RS_GCF_008123425.1"	1	1.08	1.28	0	0	42.0	0.9524	0.619	0.667	13	0.071	1	"480226:RS_GCF_008123425.1:subspecies;480225:s__Bradyrhizobium rifense:species;227326:g__Bradyrhizobium:genus;227325:f__Xanthobacteraceae:family;161314:o__Rhizobiales:order;159315:c__Alphaproteobacteria:class;14525:p__Pseudomonadota:phylum;14524:d__Bacteria:superkingdom;1:root:no rank"
480225	"s__Bradyrhizobium rifense"	1	1.08	1.28	0	0	42.0	0.9524	0.619	0.667	13	0.071	1	"480225:s__Bradyrhizobium rifense:species;227326:g__Bradyrhizobium:genus;227325:f__Xanthobacteraceae:family;161314:o__Rhizobiales:order;159315:c__Alphaproteobacteria:class;14525:p__Pseudomonadota:phylum;14524:d__Bacteria:superkingdom;1:root:no rank"
435916	"GB_GCA_023425865.1"	1	1.0	1.33	0.0	0.0	45.0	1.0	0.622	0.622	17	0.0	1	"435916:GB_GCA_023425865.1:subspecies;435915:s__Prevotella sp023425865:species;212100:g__Prevotella:genus;173793:f__Bacteroidaceae:family;173792:o__Bacteroidales:order;173791:c__Bacteroidia:class;173790:p__Bacteroidota:phylum;14524:d__Bacteria:superkingdom;1:root:no rank"
435915	"s__Prevotella sp023425865"	1	1.0	1.33	0.0	0.0	45.0	1.0	0.622	0.622	17	0.0	1	"435915:s__Prevotella sp023425865:species;212100:g__Prevotella:genus;173793:f__Bacteroidaceae:family;173792:o__Bacteroidales:order;173791:c__Bacteroidia:class;173790:p__Bacteroidota:phylum;14524:d__Bacteria:superkingdom;1:root:no rank"
362092	"RS_GCF_001560895.1"	1	1.0	1.07	0.0	0.0	36.0	0.9722	0.444	0.417	8	0.0	1	"362092:RS_GCF_001560895.1:subspecies;362090:s__Streptococcus mitis_Q:species;92158:g__Streptococcus:genus;92157:f__Streptococcaceae:family;92156:o__Lactobacillales:order;63358:c__Bacilli:class;63357:p__Bacillota:phylum;14524:d__Bacteria:superkingdom;1:root:no rank"
362090	"s__Streptococcus mitis_Q"	1	1.0	1.07	0.0	0.0	36.0	0.9722	0.444	0.417	8	0.0	1	"362090:s__Streptococcus mitis_Q:species;92158:g__Streptococcus:genus;92157:f__Streptococcaceae:family;92156:o__Lactobacillales:order;63358:c__Bacilli:class;63357:p__Bacillota:phylum;14524:d__Bacteria:superkingdom;1:root:no rank"
271719	"RS_GCF_014199955.1"	1	1.0	3.65	0.0	0.0	86.0	0.9884	0.733	0.733	58	0.0	1	"271719:RS_GCF_014199955.1:subspecies;271716:s__Brevundimonas aurantiaca:species;256529:g__Brevundimonas:genus;231993:f__Caulobacteraceae:family;231992:o__Caulobacterales:order;159315:c__Alphaproteobacteria:class;14525:p__Pseudomonadota:phylum;14524:d__Bacteria:superkingdom;1:root:no rank"
271716	"s__Brevundimonas aurantiaca"	1	1.0	3.65	0.0	0.0	86.0	0.9884	0.733	0.733	58	0.0	1	"271716:s__Brevundimonas aurantiaca:species;256529:g__Brevundimonas:genus;231993:f__Caulobacteraceae:family;231992:o__Caulobacterales:order;159315:c__Alphaproteobacteria:class;14525:p__Pseudomonadota:phylum;14524:d__Bacteria:superkingdom;1:root:no rank"
396251	"GB_GCA_005883445.1"	1	1.0	0.98	0	0	43.0	0.9535	0.581	0.605	15	0.0	1	"396251:GB_GCA_005883445.1:subspecies;396250:s__VAZQ01 sp005883445:species;313473:g__VAZQ01:genus;227325:f__Xanthobacteraceae:family;161314:o__Rhizobiales:order;159315:c__Alphaproteobacteria:class;14525:p__Pseudomonadota:phylum;14524:d__Bacteria:superkingdom;1:root:no rank"
396250	"s__VAZQ01 sp005883445"	1	1.0	0.98	0	0	43.0	0.9535	0.581	0.605	15	0.0	1	"396250:s__VAZQ01 sp005883445:species;313473:g__VAZQ01:genus;227325:f__Xanthobacteraceae:family;161314:o__Rhizobiales:order;159315:c__Alphaproteobacteria:class;14525:p__Pseudomonadota:phylum;14524:d__Bacteria:superkingdom;1:root:no rank"
313473	"g__VAZQ01"	1	1.0	0.98	0	0	43.0	0.9535	0.581	0.605	15	0.0	1	"313473:g__VAZQ01:genus;227325:f__Xanthobacteraceae:family;161314:o__Rhizobiales:order;159315:c__Alphaproteobacteria:class;14525:p__Pseudomonadota:phylum;14524:d__Bacteria:superkingdom;1:root:no rank"
333666	"RS_GCF_024343675.1"	1	1.0	1.05	0	0	61.0	0.9672	0.443	0.426	33	0.0	1	"333666:RS_GCF_024343675.1:subspecies;333663:s__Leadbetterella sp002256295:species;312449:g__Leadbetterella:genus;275037:f__Spirosomaceae:family;268144:o__Cytophagales:order;173791:c__Bacteroidia:class;173790:p__Bacteroidota:phylum;14524:d__Bacteria:superkingdom;1:root:no rank"
333663	"s__Leadbetterella sp002256295"	1	1.0	1.05	0	0	61.0	0.9672	0.443	0.426	33	0.0	1	"333663:s__Leadbetterella sp002256295:species;312449:g__Leadbetterella:genus;275037:f__Spirosomaceae:family;268144:o__Cytophagales:order;173791:c__Bacteroidia:class;173790:p__Bacteroidota:phylum;14524:d__Bacteria:superkingdom;1:root:no rank"
180242	"RS_GCF_018987235.1"	1	1.03	2.94	0	0	62.0	1.0	0.403	0.403	33	0.029	1	"180242:RS_GCF_018987235.1:subspecies;179984:s__Lactobacillus crispatus:species;179983:g__Lactobacillus:genus;165659:f__Lactobacillaceae:family;92156:o__Lactobacillales:order;63358:c__Bacilli:class;63357:p__Bacillota:phylum;14524:d__Bacteria:superkingdom;1:root:no rank"
179984	"s__Lactobacillus crispatus"	1	1.03	2.94	0	0	62.0	1.0	0.403	0.403	33	0.029	1	"179984:s__Lactobacillus crispatus:species;179983:g__Lactobacillus:genus;165659:f__Lactobacillaceae:family;92156:o__Lactobacillales:order;63358:c__Bacilli:class;63357:p__Bacillota:phylum;14524:d__Bacteria:superkingdom;1:root:no rank"
179983	"g__Lactobacillus"	1	1.03	2.94	0	0	62.0	1.0	0.403	0.403	33	0.029	1	"179983:g__Lactobacillus:genus;165659:f__Lactobacillaceae:family;92156:o__Lactobacillales:order;63358:c__Bacilli:class;63357:p__Bacillota:phylum;14524:d__Bacteria:superkingdom;1:root:no rank"
401288	"GB_GCA_016790285.1"	1	1.0	3.33	0	0	42.0	0.9524	0.738	0.738	14	0.0	1	"401288:GB_GCA_016790285.1:subspecies;401287:s__Pelomonas sp016790285:species;351383:g__Pelomonas:genus;233990:f__Burkholderiaceae_B:family;137197:o__Burkholderiales:order;14526:c__Gammaproteobacteria:class;14525:p__Pseudomonadota:phylum;14524:d__Bacteria:superkingdom;1:root:no rank"
401287	"s__Pelomonas sp016790285"	1	1.0	3.33	0	0	42.0	0.9524	0.738	0.738	14	0.0	1	"401287:s__Pelomonas sp016790285:species;351383:g__Pelomonas:genus;233990:f__Burkholderiaceae_B:family;137197:o__Burkholderiales:order;14526:c__Gammaproteobacteria:class;14525:p__Pseudomonadota:phylum;14524:d__Bacteria:superkingdom;1:root:no rank"
233599	"RS_GCF_000381045.1"	1	1.0	2.44	0	0	59.0	0.9831	0.576	0.593	31	0.0	1	"233599:RS_GCF_000381045.1:subspecies;233598:s__Thermus scotoductus:species;233597:g__Thermus:genus;233596:f__Thermaceae:family;233595:o__Deinococcales:order;233594:c__Deinococci:class;233593:p__Deinococcota:phylum;14524:d__Bacteria:superkingdom;1:root:no rank"
233598	"s__Thermus scotoductus"	1	1.0	2.44	0	0	59.0	0.9831	0.576	0.593	31	0.0	1	"233598:s__Thermus scotoductus:species;233597:g__Thermus:genus;233596:f__Thermaceae:family;233595:o__Deinococcales:order;233594:c__Deinococci:class;233593:p__Deinococcota:phylum;14524:d__Bacteria:superkingdom;1:root:no rank"
432542	"RS_GCF_000379105.1"	1	1.0	2.07	0	0.0	59.0	0.9661	0.627	0.644	31	0.0	1	"432542:RS_GCF_000379105.1:subspecies;432541:s__Methylobacterium sp000379105:species;251232:g__Methylobacterium:genus;251231:f__Beijerinckiaceae:family;161314:o__Rhizobiales:order;159315:c__Alphaproteobacteria:class;14525:p__Pseudomonadota:phylum;14524:d__Bacteria:superkingdom;1:root:no rank"
432541	"s__Methylobacterium sp000379105"	1	1.0	2.07	0	0.0	59.0	0.9661	0.627	0.644	31	0.0	1	"432541:s__Methylobacterium sp000379105:species;251232:g__Methylobacterium:genus;251231:f__Beijerinckiaceae:family;161314:o__Rhizobiales:order;159315:c__Alphaproteobacteria:class;14525:p__Pseudomonadota:phylum;14524:d__Bacteria:superkingdom;1:root:no rank"
332375	"RS_GCF_004564075.1"	1	1.0	2.77	0	0.0	45.0	0.9556	0.711	0.689	17	0.0	1	"332375:RS_GCF_004564075.1:subspecies;332372:s__Microbacterium sediminis:species;260237:g__Microbacterium:genus;219704:f__Microbacteriaceae:family;171647:o__Actinomycetales:order;101056:c__Actinomycetia:class;101055:p__Actinomycetota:phylum;14524:d__Bacteria:superkingdom;1:root:no rank"
332372	"s__Microbacterium sediminis"	1	1.0	2.77	0	0.0	45.0	0.9556	0.711	0.689	17	0.0	1	"332372:s__Microbacterium sediminis:species;260237:g__Microbacterium:genus;219704:f__Microbacteriaceae:family;171647:o__Actinomycetales:order;101056:c__Actinomycetia:class;101055:p__Actinomycetota:phylum;14524:d__Bacteria:superkingdom;1:root:no rank"
494931	"RS_GCF_907163125.1"	1	1.0	3.21	0	0	56.0	0.9821	0.286	0.304	28	0.0	1	"494931:RS_GCF_907163125.1:subspecies;494930:s__Cloacibacterium caeni_B:species;325492:g__Cloacibacterium:genus;206791:f__Weeksellaceae:family;190476:o__Flavobacteriales:order;173791:c__Bacteroidia:class;173790:p__Bacteroidota:phylum;14524:d__Bacteria:superkingdom;1:root:no rank"
494930	"s__Cloacibacterium caeni_B"	1	1.0	3.21	0	0	56.0	0.9821	0.286	0.304	28	0.0	1	"494930:s__Cloacibacterium caeni_B:species;325492:g__Cloacibacterium:genus;206791:f__Weeksellaceae:family;190476:o__Flavobacteriales:order;173791:c__Bacteroidia:class;173790:p__Bacteroidota:phylum;14524:d__Bacteria:superkingdom;1:root:no rank"
310469	"RS_GCF_022009635.1"	1	1.0	2.38	0.0	0	38.0	1.0	0.553	0.553	10	0.0	1	"310469:RS_GCF_022009635.1:subspecies;310467:s__Variovorax sp001899795:species;274179:g__Variovorax:genus;233990:f__Burkholderiaceae_B:family;137197:o__Burkholderiales:order;14526:c__Gammaproteobacteria:class;14525:p__Pseudomonadota:phylum;14524:d__Bacteria:superkingdom;1:root:no rank"
310467	"s__Variovorax sp001899795"	1	1.0	2.38	0.0	0	38.0	1.0	0.553	0.553	10	0.0	1	"310467:s__Variovorax sp001899795:species;274179:g__Variovorax:genus;233990:f__Burkholderiaceae_B:family;137197:o__Burkholderiales:order;14526:c__Gammaproteobacteria:class;14525:p__Pseudomonadota:phylum;14524:d__Bacteria:superkingdom;1:root:no rank"
274179	"g__Variovorax"	1	1.0	2.38	0.0	0	38.0	1.0	0.553	0.553	10	0.0	1	"274179:g__Variovorax:genus;233990:f__Burkholderiaceae_B:family;137197:o__Burkholderiales:order;14526:c__Gammaproteobacteria:class;14525:p__Pseudomonadota:phylum;14524:d__Bacteria:superkingdom;1:root:no rank"
228175	"RS_GCF_000182645.1"	1	1.0	3.33	0	0.0	119.0	1.0	0.58	0.58	91	0.0	1	"228175:RS_GCF_000182645.1:subspecies;228135:s__Ochrobactrum intermedium:species;226425:g__Ochrobactrum:genus;161315:f__Rhizobiaceae:family;161314:o__Rhizobiales:order;159315:c__Alphaproteobacteria:class;14525:p__Pseudomonadota:phylum;14524:d__Bacteria:superkingdom;1:root:no rank"
228135	"s__Ochrobactrum intermedium"	1	1.0	3.33	0	0.0	119.0	1.0	0.58	0.58	91	0.0	1	"228135:s__Ochrobactrum intermedium:species;226425:g__Ochrobactrum:genus;161315:f__Rhizobiaceae:family;161314:o__Rhizobiales:order;159315:c__Alphaproteobacteria:class;14525:p__Pseudomonadota:phylum;14524:d__Bacteria:superkingdom;1:root:no rank"
257938	"RS_GCF_016907795.1"	1	1.0	2.41	0.0	0	54.0	0.963	0.685	0.667	26	0.0	1	"257938:RS_GCF_016907795.1:subspecies;257936:s__Kocuria palustris:species;246334:g__Kocuria:genus;187121:f__Micrococcaceae:family;171647:o__Actinomycetales:order;101056:c__Actinomycetia:class;101055:p__Actinomycetota:phylum;14524:d__Bacteria:superkingdom;1:root:no rank"
257936	"s__Kocuria palustris"	1	1.0	2.41	0.0	0	54.0	0.963	0.685	0.667	26	0.0	1	"257936:s__Kocuria palustris:species;246334:g__Kocuria:genus;187121:f__Micrococcaceae:family;171647:o__Actinomycetales:order;101056:c__Actinomycetia:class;101055:p__Actinomycetota:phylum;14524:d__Bacteria:superkingdom;1:root:no rank"
301596	"RS_GCF_003254575.1"	1	1.0	3.38	0.0	0	113.0	0.9823	0.717	0.717	85	0.0	1	"301596:RS_GCF_003254575.1:subspecies;301591:s__Mycobacterium kyogaense:species;101059:g__Mycobacterium:genus;101058:f__Mycobacteriaceae:family;101057:o__Mycobacteriales:order;101056:c__Actinomycetia:class;101055:p__Actinomycetota:phylum;14524:d__Bacteria:superkingdom;1:root:no rank"
301591	"s__Mycobacterium kyogaense"	1	1.0	3.38	0.0	0	113.0	0.9823	0.717	0.717	85	0.0	1	"301591:s__Mycobacterium kyogaense:species;101059:g__Mycobacterium:genus;101058:f__Mycobacteriaceae:family;101057:o__Mycobacteriales:order;101056:c__Actinomycetia:class;101055:p__Actinomycetota:phylum;14524:d__Bacteria:superkingdom;1:root:no rank"
258858	"RS_GCF_023913775.1"	1	1.0	4.18	0	0	89.0	0.9775	0.742	0.73	61	0.0	1	"258858:RS_GCF_023913775.1:subspecies;258854:s__Acidovorax facilis:species;258853:g__Acidovorax:genus;233990:f__Burkholderiaceae_B:family;137197:o__Burkholderiales:order;14526:c__Gammaproteobacteria:class;14525:p__Pseudomonadota:phylum;14524:d__Bacteria:superkingdom;1:root:no rank"
258854	"s__Acidovorax facilis"	1	1.0	4.18	0	0	89.0	0.9775	0.742	0.73	61	0.0	1	"258854:s__Acidovorax facilis:species;258853:g__Acidovorax:genus;233990:f__Burkholderiaceae_B:family;137197:o__Burkholderiales:order;14526:c__Gammaproteobacteria:class;14525:p__Pseudomonadota:phylum;14524:d__Bacteria:superkingdom;1:root:no rank"
428486	"RS_GCF_900070365.1"	1	1.0	1.99	0.0	0.0	40.0	0.975	0.725	0.725	12	0.0	1	"428486:RS_GCF_900070365.1:subspecies;428485:s__Actinokineospora sp900070365:species;336941:g__Actinokineospora:genus;274399:f__Pseudonocardiaceae:family;101057:o__Mycobacteriales:order;101056:c__Actinomycetia:class;101055:p__Actinomycetota:phylum;14524:d__Bacteria:superkingdom;1:root:no rank"
428485	"s__Actinokineospora sp900070365"	1	1.0	1.99	0.0	0.0	40.0	0.975	0.725	0.725	12	0.0	1	"428485:s__Actinokineospora sp900070365:species;336941:g__Actinokineospora:genus;274399:f__Pseudonocardiaceae:family;101057:o__Mycobacteriales:order;101056:c__Actinomycetia:class;101055:p__Actinomycetota:phylum;14524:d__Bacteria:superkingdom;1:root:no rank"
336941	"g__Actinokineospora"	1	1.0	1.99	0.0	0.0	40.0	0.975	0.725	0.725	12	0.0	1	"336941:g__Actinokineospora:genus;274399:f__Pseudonocardiaceae:family;101057:o__Mycobacteriales:order;101056:c__Actinomycetia:class;101055:p__Actinomycetota:phylum;14524:d__Bacteria:superkingdom;1:root:no rank"
515932	"GB_GCA_018449595.1"	1	1.0	2.26	0.0	0	59.0	0.9661	0.525	0.559	31	0.0	1	"515932:GB_GCA_018449595.1:subspecies;515931:s__Rhizomicrobium sp018449595:species;301607:g__Rhizomicrobium:genus;301606:f__Micropepsaceae:family;301605:o__Micropepsales:order;159315:c__Alphaproteobacteria:class;14525:p__Pseudomonadota:phylum;14524:d__Bacteria:superkingdom;1:root:no rank"
515931	"s__Rhizomicrobium sp018449595"	1	1.0	2.26	0.0	0	59.0	0.9661	0.525	0.559	31	0.0	1	"515931:s__Rhizomicrobium sp018449595:species;301607:g__Rhizomicrobium:genus;301606:f__Micropepsaceae:family;301605:o__Micropepsales:order;159315:c__Alphaproteobacteria:class;14525:p__Pseudomonadota:phylum;14524:d__Bacteria:superkingdom;1:root:no rank"
429840	"GB_GCA_019509985.1"	1	1.0	2.59	0	0.0	49.0	0.9592	0.735	0.755	21	0.0	1	"429840:GB_GCA_019509985.1:subspecies;429839:s__Pelomonas sp019509985:species;351383:g__Pelomonas:genus;233990:f__Burkholderiaceae_B:family;137197:o__Burkholderiales:order;14526:c__Gammaproteobacteria:class;14525:p__Pseudomonadota:phylum;14524:d__Bacteria:superkingdom;1:root:no rank"
429839	"s__Pelomonas sp019509985"	1	1.0	2.59	0	0.0	49.0	0.9592	0.735	0.755	21	0.0	1	"429839:s__Pelomonas sp019509985:species;351383:g__Pelomonas:genus;233990:f__Burkholderiaceae_B:family;137197:o__Burkholderiales:order;14526:c__Gammaproteobacteria:class;14525:p__Pseudomonadota:phylum;14524:d__Bacteria:superkingdom;1:root:no rank"
470044	"RS_GCF_001265075.1"	1	1.0	2.54	0	0	74.0	0.9595	0.324	0.338	46	0.0	1	"470044:RS_GCF_001265075.1:subspecies;470043:s__Salinicoccus sp001265075:species;288481:g__Salinicoccus:genus;288480:f__Salinicoccaceae:family;63359:o__Staphylococcales:order;63358:c__Bacilli:class;63357:p__Bacillota:phylum;14524:d__Bacteria:superkingdom;1:root:no rank"
470043	"s__Salinicoccus sp001265075"	1	1.0	2.54	0	0	74.0	0.9595	0.324	0.338	46	0.0	1	"470043:s__Salinicoccus sp001265075:species;288481:g__Salinicoccus:genus;288480:f__Salinicoccaceae:family;63359:o__Staphylococcales:order;63358:c__Bacilli:class;63357:p__Bacillota:phylum;14524:d__Bacteria:superkingdom;1:root:no rank"
288481	"g__Salinicoccus"	1	1.0	2.54	0	0	74.0	0.9595	0.324	0.338	46	0.0	1	"288481:g__Salinicoccus:genus;288480:f__Salinicoccaceae:family;63359:o__Staphylococcales:order;63358:c__Bacilli:class;63357:p__Bacillota:phylum;14524:d__Bacteria:superkingdom;1:root:no rank"
270809	"RS_GCF_014634745.1"	1	1.0	2.01	0.0	0.0	93.0	0.9892	0.409	0.398	65	0.0	1	"270809:RS_GCF_014634745.1:subspecies;270799:s__Leuconostoc pseudomesenteroides:species;208734:g__Leuconostoc:genus;165659:f__Lactobacillaceae:family;92156:o__Lactobacillales:order;63358:c__Bacilli:class;63357:p__Bacillota:phylum;14524:d__Bacteria:superkingdom;1:root:no rank"
270799	"s__Leuconostoc pseudomesenteroides"	1	1.0	2.01	0.0	0.0	93.0	0.9892	0.409	0.398	65	0.0	1	"270799:s__Leuconostoc pseudomesenteroides:species;208734:g__Leuconostoc:genus;165659:f__Lactobacillaceae:family;92156:o__Lactobacillales:order;63358:c__Bacilli:class;63357:p__Bacillota:phylum;14524:d__Bacteria:superkingdom;1:root:no rank"
512756	"GB_GCA_016794585.1"	1	1.0	2.4	0	0	61.0	0.9672	0.721	0.721	33	0.0	1	"512756:GB_GCA_016794585.1:subspecies;512755:s__JAEUJM01 sp016794585:species;353923:g__JAEUJM01:genus;353922:f__JAEUJM01:family;246208:o__Acidimicrobiales:order;245798:c__Acidimicrobiia:class;101055:p__Actinomycetota:phylum;14524:d__Bacteria:superkingdom;1:root:no rank"
512755	"s__JAEUJM01 sp016794585"	1	1.0	2.4	0	0	61.0	0.9672	0.721	0.721	33	0.0	1	"512755:s__JAEUJM01 sp016794585:species;353923:g__JAEUJM01:genus;353922:f__JAEUJM01:family;246208:o__Acidimicrobiales:order;245798:c__Acidimicrobiia:class;101055:p__Actinomycetota:phylum;14524:d__Bacteria:superkingdom;1:root:no rank"
353923	"g__JAEUJM01"	1	1.0	2.4	0	0	61.0	0.9672	0.721	0.721	33	0.0	1	"353923:g__JAEUJM01:genus;353922:f__JAEUJM01:family;246208:o__Acidimicrobiales:order;245798:c__Acidimicrobiia:class;101055:p__Actinomycetota:phylum;14524:d__Bacteria:superkingdom;1:root:no rank"
353922	"f__JAEUJM01"	1	1.0	2.4	0	0	61.0	0.9672	0.721	0.721	33	0.0	1	"353922:f__JAEUJM01:family;246208:o__Acidimicrobiales:order;245798:c__Acidimicrobiia:class;101055:p__Actinomycetota:phylum;14524:d__Bacteria:superkingdom;1:root:no rank"
280903	"RS_GCF_006716905.1"	1	1.0	0.95	0.0	0	38.0	1.0	0.605	0.605	10	0.0	2	"280903:RS_GCF_006716905.1:subspecies;280894:s__Acidovorax temperans:species;258853:g__Acidovorax:genus;233990:f__Burkholderiaceae_B:family;137197:o__Burkholderiales:order;14526:c__Gammaproteobacteria:class;14525:p__Pseudomonadota:phylum;14524:d__Bacteria:superkingdom;1:root:no rank"
280894	"s__Acidovorax temperans"	1	1.0	0.95	0.0	0	38.0	1.0	0.605	0.605	10	0.0	2	"280894:s__Acidovorax temperans:species;258853:g__Acidovorax:genus;233990:f__Burkholderiaceae_B:family;137197:o__Burkholderiales:order;14526:c__Gammaproteobacteria:class;14525:p__Pseudomonadota:phylum;14524:d__Bacteria:superkingdom;1:root:no rank"
466265	"GB_GCA_023449855.1"	1	1.0	5.65	0.0	0.0	58.0	0.9828	0.759	0.776	30	0.0	1	"466265:GB_GCA_023449855.1:subspecies;466264:s__Tardiphaga sp023449855:species;308431:g__Tardiphaga:genus;227325:f__Xanthobacteraceae:family;161314:o__Rhizobiales:order;159315:c__Alphaproteobacteria:class;14525:p__Pseudomonadota:phylum;14524:d__Bacteria:superkingdom;1:root:no rank"
466264	"s__Tardiphaga sp023449855"	1	1.0	5.65	0.0	0.0	58.0	0.9828	0.759	0.776	30	0.0	1	"466264:s__Tardiphaga sp023449855:species;308431:g__Tardiphaga:genus;227325:f__Xanthobacteraceae:family;161314:o__Rhizobiales:order;159315:c__Alphaproteobacteria:class;14525:p__Pseudomonadota:phylum;14524:d__Bacteria:superkingdom;1:root:no rank"
448641	"GB_GCA_022402405.1"	1	1.0	0.74	0	0.0	31.0	0.9677	0.419	0.419	3	0.0	1	"448641:GB_GCA_022402405.1:subspecies;448640:s__B1 sp022402405:species;333154:g__B1:genus;316356:f__UKL13-3:family;269265:o__NS11-12g:order;173791:c__Bacteroidia:class;173790:p__Bacteroidota:phylum;14524:d__Bacteria:superkingdom;1:root:no rank"
448640	"s__B1 sp022402405"	1	1.0	0.74	0	0.0	31.0	0.9677	0.419	0.419	3	0.0	1	"448640:s__B1 sp022402405:species;333154:g__B1:genus;316356:f__UKL13-3:family;269265:o__NS11-12g:order;173791:c__Bacteroidia:class;173790:p__Bacteroidota:phylum;14524:d__Bacteria:superkingdom;1:root:no rank"
333154	"g__B1"	1	1.0	0.74	0	0.0	31.0	0.9677	0.419	0.419	3	0.0	1	"333154:g__B1:genus;316356:f__UKL13-3:family;269265:o__NS11-12g:order;173791:c__Bacteroidia:class;173790:p__Bacteroidota:phylum;14524:d__Bacteria:superkingdom;1:root:no rank"
316356	"f__UKL13-3"	1	1.0	0.74	0	0.0	31.0	0.9677	0.419	0.419	3	0.0	1	"316356:f__UKL13-3:family;269265:o__NS11-12g:order;173791:c__Bacteroidia:class;173790:p__Bacteroidota:phylum;14524:d__Bacteria:superkingdom;1:root:no rank"
269265	"o__NS11-12g"	1	1.0	0.74	0	0.0	31.0	0.9677	0.419	0.419	3	0.0	1	"269265:o__NS11-12g:order;173791:c__Bacteroidia:class;173790:p__Bacteroidota:phylum;14524:d__Bacteria:superkingdom;1:root:no rank"
489051	"GB_GCA_019745155.1"	1	1.0	2.21	0	0.0	44.0	0.9773	0.432	0.455	16	0.0	1	"489051:GB_GCA_019745155.1:subspecies;489050:s__JAFLBI01 sp019745155:species;429493:g__JAFLBI01:genus;257281:f__Chitinophagaceae:family;257280:o__Chitinophagales:order;173791:c__Bacteroidia:class;173790:p__Bacteroidota:phylum;14524:d__Bacteria:superkingdom;1:root:no rank"
489050	"s__JAFLBI01 sp019745155"	1	1.0	2.21	0	0.0	44.0	0.9773	0.432	0.455	16	0.0	1	"489050:s__JAFLBI01 sp019745155:species;429493:g__JAFLBI01:genus;257281:f__Chitinophagaceae:family;257280:o__Chitinophagales:order;173791:c__Bacteroidia:class;173790:p__Bacteroidota:phylum;14524:d__Bacteria:superkingdom;1:root:no rank"
429493	"g__JAFLBI01"	1	1.0	2.21	0	0.0	44.0	0.9773	0.432	0.455	16	0.0	1	"429493:g__JAFLBI01:genus;257281:f__Chitinophagaceae:family;257280:o__Chitinophagales:order;173791:c__Bacteroidia:class;173790:p__Bacteroidota:phylum;14524:d__Bacteria:superkingdom;1:root:no rank"
418044	"RS_GCF_024448955.1"	1	1.0	1.65	0.0	0	53.0	1.0	0.623	0.623	25	0.0	1	"418044:RS_GCF_024448955.1:subspecies;418043:s__Stutzerimonas stutzeri_AQ:species;201903:g__Stutzerimonas:genus;108194:f__Pseudomonadaceae:family;108193:o__Pseudomonadales:order;14526:c__Gammaproteobacteria:class;14525:p__Pseudomonadota:phylum;14524:d__Bacteria:superkingdom;1:root:no rank"
418043	"s__Stutzerimonas stutzeri_AQ"	1	1.0	1.65	0.0	0	53.0	1.0	0.623	0.623	25	0.0	1	"418043:s__Stutzerimonas stutzeri_AQ:species;201903:g__Stutzerimonas:genus;108194:f__Pseudomonadaceae:family;108193:o__Pseudomonadales:order;14526:c__Gammaproteobacteria:class;14525:p__Pseudomonadota:phylum;14524:d__Bacteria:superkingdom;1:root:no rank"
337152	"RS_GCF_000719975.1"	1	1.0	3.65	0.0	0	94.0	1.0	0.713	0.713	66	0.0	1	"337152:RS_GCF_000719975.1:subspecies;337151:s__Prauserella rugosa:species;337063:g__Prauserella:genus;274399:f__Pseudonocardiaceae:family;101057:o__Mycobacteriales:order;101056:c__Actinomycetia:class;101055:p__Actinomycetota:phylum;14524:d__Bacteria:superkingdom;1:root:no rank"
337151	"s__Prauserella rugosa"	1	1.0	3.65	0.0	0	94.0	1.0	0.713	0.713	66	0.0	1	"337151:s__Prauserella rugosa:species;337063:g__Prauserella:genus;274399:f__Pseudonocardiaceae:family;101057:o__Mycobacteriales:order;101056:c__Actinomycetia:class;101055:p__Actinomycetota:phylum;14524:d__Bacteria:superkingdom;1:root:no rank"
337063	"g__Prauserella"	1	1.0	3.65	0.0	0	94.0	1.0	0.713	0.713	66	0.0	1	"337063:g__Prauserella:genus;274399:f__Pseudonocardiaceae:family;101057:o__Mycobacteriales:order;101056:c__Actinomycetia:class;101055:p__Actinomycetota:phylum;14524:d__Bacteria:superkingdom;1:root:no rank"
426808	"RS_GCF_001046635.1"	1	1.0	3.06	0	0	53.0	0.9623	0.679	0.717	25	0.0	1	"426808:RS_GCF_001046635.1:subspecies;426807:s__Novosphingobium barchaimii:species;256977:g__Novosphingobium:genus;223508:f__Sphingomonadaceae:family;223507:o__Sphingomonadales:order;159315:c__Alphaproteobacteria:class;14525:p__Pseudomonadota:phylum;14524:d__Bacteria:superkingdom;1:root:no rank"
426807	"s__Novosphingobium barchaimii"	1	1.0	3.06	0	0	53.0	0.9623	0.679	0.717	25	0.0	1	"426807:s__Novosphingobium barchaimii:species;256977:g__Novosphingobium:genus;223508:f__Sphingomonadaceae:family;223507:o__Sphingomonadales:order;159315:c__Alphaproteobacteria:class;14525:p__Pseudomonadota:phylum;14524:d__Bacteria:superkingdom;1:root:no rank"
238165	"g__Ochrobactrum_A"	1	1.0	1.67	0	0.0	42.0	0.9788	0.476	0.474	14	0.0	9	"238165:g__Ochrobactrum_A:genus;161315:f__Rhizobiaceae:family;161314:o__Rhizobiales:order;159315:c__Alphaproteobacteria:class;14525:p__Pseudomonadota:phylum;14524:d__Bacteria:superkingdom;1:root:no rank"
357227	"RS_GCF_014207905.1"	1	1.0	7.06	0	0	39.0	1.0	0.282	0.282	11	0.0	1	"357227:RS_GCF_014207905.1:subspecies;357226:s__Flavobacterium notoginsengisoli:species;190478:g__Flavobacterium:genus;190477:f__Flavobacteriaceae:family;190476:o__Flavobacteriales:order;173791:c__Bacteroidia:class;173790:p__Bacteroidota:phylum;14524:d__Bacteria:superkingdom;1:root:no rank"
357226	"s__Flavobacterium notoginsengisoli"	1	1.0	7.06	0	0	39.0	1.0	0.282	0.282	11	0.0	1	"357226:s__Flavobacterium notoginsengisoli:species;190478:g__Flavobacterium:genus;190477:f__Flavobacteriaceae:family;190476:o__Flavobacteriales:order;173791:c__Bacteroidia:class;173790:p__Bacteroidota:phylum;14524:d__Bacteria:superkingdom;1:root:no rank"
341891	"GB_GCA_002403455.1"	1	1.0	3.33	0	0	96.0	0.9792	0.688	0.698	68	0.0	1	"341891:GB_GCA_002403455.1:subspecies;341890:s__UBA4763 sp002403455:species;341889:g__UBA4763:genus;329588:f__TH1-2:family;231992:o__Caulobacterales:order;159315:c__Alphaproteobacteria:class;14525:p__Pseudomonadota:phylum;14524:d__Bacteria:superkingdom;1:root:no rank"
341890	"s__UBA4763 sp002403455"	1	1.0	3.33	0	0	96.0	0.9792	0.688	0.698	68	0.0	1	"341890:s__UBA4763 sp002403455:species;341889:g__UBA4763:genus;329588:f__TH1-2:family;231992:o__Caulobacterales:order;159315:c__Alphaproteobacteria:class;14525:p__Pseudomonadota:phylum;14524:d__Bacteria:superkingdom;1:root:no rank"
341889	"g__UBA4763"	1	1.0	3.33	0	0	96.0	0.9792	0.688	0.698	68	0.0	1	"341889:g__UBA4763:genus;329588:f__TH1-2:family;231992:o__Caulobacterales:order;159315:c__Alphaproteobacteria:class;14525:p__Pseudomonadota:phylum;14524:d__Bacteria:superkingdom;1:root:no rank"
329588	"f__TH1-2"	1	1.0	3.33	0	0	96.0	0.9792	0.688	0.698	68	0.0	1	"329588:f__TH1-2:family;231992:o__Caulobacterales:order;159315:c__Alphaproteobacteria:class;14525:p__Pseudomonadota:phylum;14524:d__Bacteria:superkingdom;1:root:no rank"
251964	"RS_GCF_019823065.1"	1	1.0	1.49	0	0	58.0	1.0	0.586	0.586	30	0.0	1	"251964:RS_GCF_019823065.1:subspecies;251948:s__Pseudomonas_E mosselii:species;154229:g__Pseudomonas_E:genus;108194:f__Pseudomonadaceae:family;108193:o__Pseudomonadales:order;14526:c__Gammaproteobacteria:class;14525:p__Pseudomonadota:phylum;14524:d__Bacteria:superkingdom;1:root:no rank"
251948	"s__Pseudomonas_E mosselii"	1	1.0	1.49	0	0	58.0	1.0	0.586	0.586	30	0.0	1	"251948:s__Pseudomonas_E mosselii:species;154229:g__Pseudomonas_E:genus;108194:f__Pseudomonadaceae:family;108193:o__Pseudomonadales:order;14526:c__Gammaproteobacteria:class;14525:p__Pseudomonadota:phylum;14524:d__Bacteria:superkingdom;1:root:no rank"
275908	"RS_GCF_003019255.1"	1	1.0	1.71	0.0	0	52.0	0.9808	0.365	0.385	24	0.0	1	"275908:RS_GCF_003019255.1:subspecies;275902:s__Staphylococcus kloosii:species;63361:g__Staphylococcus:genus;63360:f__Staphylococcaceae:family;63359:o__Staphylococcales:order;63358:c__Bacilli:class;63357:p__Bacillota:phylum;14524:d__Bacteria:superkingdom;1:root:no rank"
275902	"s__Staphylococcus kloosii"	1	1.0	1.71	0.0	0	52.0	0.9808	0.365	0.385	24	0.0	1	"275902:s__Staphylococcus kloosii:species;63361:g__Staphylococcus:genus;63360:f__Staphylococcaceae:family;63359:o__Staphylococcales:order;63358:c__Bacilli:class;63357:p__Bacillota:phylum;14524:d__Bacteria:superkingdom;1:root:no rank"
478584	"RS_GCF_918741285.1"	1	1.0	1.34	0	0.0	43.0	0.9535	0.512	0.512	15	0.0	1	"478584:RS_GCF_918741285.1:subspecies;478583:s__Sphingobium sp918741285:species;240387:g__Sphingobium:genus;223508:f__Sphingomonadaceae:family;223507:o__Sphingomonadales:order;159315:c__Alphaproteobacteria:class;14525:p__Pseudomonadota:phylum;14524:d__Bacteria:superkingdom;1:root:no rank"
478583	"s__Sphingobium sp918741285"	1	1.0	1.34	0	0.0	43.0	0.9535	0.512	0.512	15	0.0	1	"478583:s__Sphingobium sp918741285:species;240387:g__Sphingobium:genus;223508:f__Sphingomonadaceae:family;223507:o__Sphingomonadales:order;159315:c__Alphaproteobacteria:class;14525:p__Pseudomonadota:phylum;14524:d__Bacteria:superkingdom;1:root:no rank"
512499	"RS_GCF_002379095.1"	1	1.0	2.27	0	0.0	68.0	0.9706	0.662	0.691	40	0.0	1	"512499:RS_GCF_002379095.1:subspecies;512498:s__Polaromonas sp002379095:species;307007:g__Polaromonas:genus;233990:f__Burkholderiaceae_B:family;137197:o__Burkholderiales:order;14526:c__Gammaproteobacteria:class;14525:p__Pseudomonadota:phylum;14524:d__Bacteria:superkingdom;1:root:no rank"
512498	"s__Polaromonas sp002379095"	1	1.0	2.27	0	0.0	68.0	0.9706	0.662	0.691	40	0.0	1	"512498:s__Polaromonas sp002379095:species;307007:g__Polaromonas:genus;233990:f__Burkholderiaceae_B:family;137197:o__Burkholderiales:order;14526:c__Gammaproteobacteria:class;14525:p__Pseudomonadota:phylum;14524:d__Bacteria:superkingdom;1:root:no rank"
202033	"RS_GCF_000219605.1"	1	1.02	2.75	0	0.0	77.0	0.974	0.662	0.688	48	0.02	1	"202033:RS_GCF_000219605.1:subspecies;201904:s__Stutzerimonas stutzeri:species;201903:g__Stutzerimonas:genus;108194:f__Pseudomonadaceae:family;108193:o__Pseudomonadales:order;14526:c__Gammaproteobacteria:class;14525:p__Pseudomonadota:phylum;14524:d__Bacteria:superkingdom;1:root:no rank"
201904	"s__Stutzerimonas stutzeri"	1	1.02	2.75	0	0.0	77.0	0.974	0.662	0.688	48	0.02	1	"201904:s__Stutzerimonas stutzeri:species;201903:g__Stutzerimonas:genus;108194:f__Pseudomonadaceae:family;108193:o__Pseudomonadales:order;14526:c__Gammaproteobacteria:class;14525:p__Pseudomonadota:phylum;14524:d__Bacteria:superkingdom;1:root:no rank"
