Fe (ppm)	Mn* (ppm)	eH (mV)
9097.63314	4482.24852	-290.5
9097.63314	4482.24852	-290.4
9097.63314	4482.24852	-290.3
9097.63314	4482.24852	-290.2
9097.63314	4482.24852	-290.1
9097.63314	4482.24852	-290
9097.63314	4482.24852	-289.9
9097.63314	4482.24852	-289.8
9097.63314	4482.24852	-289.7
9097.63314	4482.24852	-289.6
9097.63314	4482.24852	-289.5
9097.63314	4482.24852	-289.4
9097.63314	4482.24852	-289.3
9097.63314	4482.24852	-289.2
9097.63314	4482.24852	-289.1
9097.63314	4482.24852	-289
9097.63314	4482.24852	-288.9
9097.63314	4482.24852	-288.8
9097.63314	4482.24852	-288.7
9097.63314	4482.24852	-288.6
9097.63314	4482.24852	-288.5
9097.63314	4482.24852	-288.4
9097.63314	4482.24852	-288.3
9097.63314	4482.24852	-288.2
9097.63314	4482.24852	-288.1
9097.63314	4482.24852	-288
9097.63314	4482.24852	-287.9
9097.63314	4482.24852	-287.8
9097.63314	4482.24852	-287.7
9097.63314	4482.24852	-287.6
9097.63314	4482.24852	-287.5
9097.63314	4482.24852	-287.4
9097.63314	4482.24852	-287.3
9097.63314	4482.24852	-287.2
9097.63314	4482.24852	-287.1
9097.63314	4482.24852	-287
9097.63314	4482.24852	-286.9
9097.63314	4482.24852	-286.8
9097.63314	4482.24852	-286.7
9097.63314	4482.24852	-286.6
9097.63314	4482.24852	-286.5
9097.63314	4482.24852	-286.4
9097.63314	4482.24852	-286.3
9097.63314	4482.24852	-286.2
9097.63314	4482.24852	-286.1
9097.63314	4482.24852	-286
9097.63314	4482.24852	-285.9
9097.63314	4482.24852	-285.8
9097.63314	4482.24852	-285.7
9097.63314	4482.24852	-285.6
9097.63314	4482.24852	-285.5
9097.63314	4482.24852	-285.4
9097.63314	4482.24852	-285.3
9097.63314	4482.24852	-285.2
9097.63314	4482.24852	-285.1
9097.63314	4482.24852	-285
9097.63314	4482.24852	-284.9
9097.63314	4482.24852	-284.8
9097.63314	4482.24852	-284.7
9097.63314	4482.24852	-284.6
9097.63314	4482.24852	-284.5
9097.63314	4482.24852	-284.4
9097.63314	4482.24852	-284.3
9097.63314	4482.24852	-284.2
9097.63314	4482.24852	-284.1
9097.63314	4482.24852	-284
9097.63314	4482.24852	-283.9
9097.63314	4482.24852	-283.8
9097.63314	4482.24852	-283.7
9097.63314	4482.24852	-283.6
9097.63314	4482.24852	-283.5
9097.63314	4482.24852	-283.4
9097.63314	4482.24852	-283.3
9097.63314	4482.24852	-283.2
9097.63314	4482.24852	-283.1
9097.63314	4482.24852	-283
9097.63314	4482.24852	-282.9
9097.63314	4482.24852	-282.8
9097.63314	4482.24852	-282.7
9097.63314	4482.24852	-282.6
9097.63314	4482.24852	-282.5
9097.63314	4482.24852	-282.4
9097.63314	4482.24852	-282.3
9097.63314	4482.24852	-282.2
9097.63314	4482.24852	-282.1
9097.63314	4482.24852	-282
9097.63314	4482.24852	-281.9
9097.63314	4482.24852	-281.8
9097.63314	4482.24852	-281.7
9097.63314	4482.24852	-281.6
9097.63314	4482.24852	-281.5
9097.63314	4482.24852	-281.4
9097.63314	4482.24852	-281.3
9097.63314	4482.24852	-281.2
9097.63314	4482.24852	-281.1
9097.63314	4482.24852	-281
9097.63314	4482.24852	-280.9
9097.63314	4482.24852	-280.8
9097.63314	4482.24852	-280.7
9097.63314	4482.24852	-280.6
9097.63314	4482.24852	-280.5
9097.63314	4482.24852	-280.4
9097.63314	4482.24852	-280.3
9097.63314	4482.24852	-280.2
9097.63314	4482.24852	-280.1
9097.63314	4482.24852	-280
9097.63314	4482.24852	-279.9
9097.63314	4482.24852	-279.8
9097.63314	4482.24852	-279.7
9097.63314	4482.24852	-279.6
9097.63314	4482.24852	-279.5
9097.63314	4482.24852	-279.4
9097.63314	4482.24852	-279.3
9097.63314	4482.24852	-279.2
9097.63314	4482.24852	-279.1
9097.63314	4482.24852	-279
9097.63314	4482.24852	-278.9
9097.63314	4482.24852	-278.8
9097.63314	4482.24852	-278.7
9097.63314	4482.24852	-278.6
9097.63314	4482.24852	-278.5
9097.63314	4482.24852	-278.4
9097.63314	4482.24852	-278.3
9097.63314	4482.24852	-278.2
9097.63314	4482.24852	-278.1
9097.63314	4482.24852	-278
9097.63314	4482.24852	-277.9
9097.63314	4482.24852	-277.8
9097.63314	4482.24852	-277.7
9097.63314	4482.24852	-277.6
9097.63314	4482.24852	-277.5
9097.63314	4482.24852	-277.4
9097.63314	4482.24852	-277.3
9097.63314	4482.24852	-277.2
9097.63314	4482.24852	-277.1
9097.63314	4482.24852	-277
9097.63314	4482.24852	-276.9
9097.63314	4482.24852	-276.8
9097.63314	4482.24852	-276.7
9097.63314	4482.24852	-276.6
9097.63314	4482.24852	-276.5
9097.63314	4482.24852	-276.4
9097.63314	4482.24852	-276.3
9097.63314	4482.24852	-276.2
9097.63314	4482.24852	-276.1
9097.63314	4482.24852	-276
9097.63314	4482.24852	-275.9
9097.63314	4482.24852	-275.8
9097.63314	4482.24852	-275.7
9097.63314	4482.24852	-275.6
9097.63314	4482.24852	-275.5
9097.63314	4482.24852	-275.4
9097.63314	4482.24852	-275.3
9097.63314	4482.24852	-275.2
9097.63314	4482.24852	-275.1
9097.63314	4482.24852	-275
9097.63314	4482.24852	-274.9
9097.63314	4482.24852	-274.8
9097.63314	4482.24852	-274.7
9097.63314	4482.24852	-274.6
9097.63314	4482.24852	-274.5
9097.63314	4482.24852	-274.4
9097.63314	4482.24852	-274.3
9097.63314	4482.24852	-274.2
9097.63314	4482.24852	-274.1
9097.63314	4482.24852	-274
9097.63314	4482.24852	-273.9
9097.63314	4482.24852	-273.8
9097.63314	4482.24852	-273.7
9097.63314	4482.24852	-273.6
9097.63314	4482.24852	-273.5
9097.63314	4482.24852	-273.4
9097.63314	4482.24852	-273.3
9097.63314	4482.24852	-273.2
9097.63314	4482.24852	-273.1
9097.63314	4482.24852	-273
9097.63314	4482.24852	-272.9
9097.63314	4482.24852	-272.8
9097.63314	4482.24852	-272.7
9097.63314	4482.24852	-272.6
9097.63314	4482.24852	-272.5
9097.63314	4482.24852	-272.4
9097.63314	4482.24852	-272.3
9097.63314	4482.24852	-272.2
9097.63314	4482.24852	-272.1
9097.63314	4482.24852	-272
9097.63314	4482.24852	-271.9
9097.63314	4482.24852	-271.8
9097.63314	4482.24852	-271.7
9097.63314	4482.24852	-271.6
9097.63314	4482.24852	-271.5
9097.63314	4482.24852	-271.4
9097.63314	4482.24852	-271.3
9097.63314	4482.24852	-271.2
9097.63314	4482.24852	-271.1
9097.63314	4482.24852	-271
9097.63314	4482.24852	-270.9
9097.63314	4482.24852	-270.8
9097.63314	4482.24852	-270.7
9097.63314	4482.24852	-270.6
9097.63314	4482.24852	-270.5
9097.63314	4482.24852	-270.4
9097.63314	4482.24852	-270.3
9097.63314	4482.24852	-270.2
9097.63314	4482.24852	-270.1
9097.63314	4482.24852	-270
9097.63314	4482.24852	-269.9
9097.63314	4482.24852	-269.8
9097.63314	4482.24852	-269.7
9097.63314	4482.24852	-269.6
9097.63314	4482.24852	-269.5
9097.63314	4482.24852	-269.4
9097.63314	4482.24852	-269.3
9097.63314	4482.24852	-269.2
9097.63314	4482.24852	-269.1
9097.63314	4482.24852	-269
9097.63314	4482.24852	-268.9
9097.63314	4482.24852	-268.8
9097.63314	4482.24852	-268.7
9097.63314	4482.24852	-268.6
9097.63314	4482.24852	-268.5
9097.63314	4482.24852	-268.4
9097.63314	4482.24852	-268.3
9097.63314	4482.24852	-268.2
9097.63314	4482.24852	-268.1
9097.63314	4482.24852	-268
9097.63314	4482.24852	-267.9
9097.63314	4482.24852	-267.8
9097.63314	4482.24852	-267.7
9097.63314	4482.24852	-267.6
9097.63314	4482.24852	-267.5
9097.63314	4482.24852	-267.4
9097.63314	4482.24852	-267.3
9097.63314	4482.24852	-267.2
9097.63314	4482.24852	-267.1
9097.63314	4482.24852	-267
9097.63314	4482.24852	-266.9
9097.63314	4482.24852	-266.8
9097.63314	4482.24852	-266.7
9097.63314	4482.24852	-266.6
9097.63314	4482.24852	-266.5
9097.63314	4482.24852	-266.4
9097.63314	4482.24852	-266.3
9097.63314	4482.24852	-266.2
9097.63314	4482.24852	-266.1
9097.63314	4482.24852	-266
9097.63314	4482.24852	-265.9
9097.63314	4482.24852	-265.8
9097.63314	4482.24852	-265.7
9097.63314	4482.24852	-265.6
9097.63314	4482.24852	-265.5
9097.63314	4482.24852	-265.4
9097.63314	4482.24852	-265.3
9097.63314	4482.24852	-265.2
9097.63314	4482.24852	-265.1
9097.63314	4482.24852	-265
9097.63314	4482.24852	-264.9
9097.63314	4482.24852	-264.8
9097.63314	4482.24852	-264.7
9097.63314	4482.24852	-264.6
9097.63314	4482.24852	-264.5
9097.63314	4482.24852	-264.4
9097.63314	4482.24852	-264.3
9097.63314	4482.24852	-264.2
9097.63314	4482.24852	-264.1
9097.63314	4482.24852	-264
9097.63314	4482.24852	-263.9
9097.63314	4482.24852	-263.8
9097.63314	4482.24852	-263.7
9097.63314	4482.24852	-263.6
9097.63314	4482.24852	-263.5
9097.63314	4482.24852	-263.4
9097.63314	4482.24852	-263.3
9097.63314	4482.24852	-263.2
9097.63314	4482.24852	-263.1
9097.63314	4482.24852	-263
9097.63314	4482.24852	-262.9
9097.63314	4482.24852	-262.8
9097.63314	4482.24852	-262.7
9097.63314	4482.24852	-262.6
9097.63314	4482.24852	-262.5
9097.63314	4482.24852	-262.4
9097.63314	4482.24852	-262.3
9097.63314	4482.24852	-262.2
9097.63314	4482.24852	-262.1
9097.63314	4482.24852	-262
9097.63314	4482.24852	-261.9
9097.63314	4482.24852	-261.8
9097.63314	4482.24852	-261.7
9097.63314	4482.24852	-261.6
9097.63314	4482.24852	-261.5
9097.63314	4482.24852	-261.4
9097.63314	4482.24852	-261.3
9097.63314	4482.24852	-261.2
9097.63314	4482.24852	-261.1
9097.63314	4482.24852	-261
9097.63314	4482.24852	-260.9
9097.63314	4482.24852	-260.8
9097.63314	4482.24852	-260.7
9097.63314	4482.24852	-260.6
9097.63314	4482.24852	-260.5
9097.63314	4482.24852	-260.4
9097.63314	4482.24852	-260.3
9097.63314	4482.24852	-260.2
9097.63314	4482.24852	-260.1
9097.63314	4482.24852	-260
9097.63314	4482.24852	-259.9
9097.63314	4482.24852	-259.8
9097.63314	4482.24852	-259.7
9097.63314	4482.24852	-259.6
9097.63314	4482.24852	-259.5
9097.63314	4482.24852	-259.4
9097.63314	4482.24852	-259.3
9097.63314	4482.24852	-259.2
9097.63314	4482.24852	-259.1
9097.63314	4482.24852	-259
9097.63314	4482.24852	-258.9
9097.63314	4482.24852	-258.8
9097.63314	4482.24852	-258.7
9097.63314	4482.24852	-258.6
9097.63314	4482.24852	-258.5
9097.63314	4482.24852	-258.4
9097.63314	4482.24852	-258.3
9097.63314	4482.24852	-258.2
9097.63314	4482.24852	-258.1
9097.63314	4482.24852	-258
9097.63314	4482.24852	-257.9
9097.63314	4482.24852	-257.8
9097.63314	4482.24852	-257.7
9097.63314	4482.24852	-257.6
9097.63314	4482.24852	-257.5
9097.63314	4482.24852	-257.4
9097.63314	4482.24852	-257.3
9097.63314	4482.24852	-257.2
9097.63314	4482.24852	-257.1
9097.63314	4482.24852	-257
9097.63314	4482.24852	-256.9
9097.63314	4482.24852	-256.8
9097.63314	4482.24852	-256.7
9097.63314	4482.24852	-256.6
9097.63314	4482.24852	-256.5
9097.63314	4482.24852	-256.4
9097.63314	4482.24852	-256.3
9097.63314	4482.24852	-256.2
9097.63314	4482.24852	-256.1
9097.63314	4482.24852	-256
9097.63314	4482.24852	-255.9
9097.63314	4482.24852	-255.8
9097.63314	4482.24852	-255.7
9097.63314	4482.24852	-255.6
9097.63314	4482.24852	-255.5
9097.63314	4482.24852	-255.4
9097.63314	4482.24852	-255.3
9097.63314	4482.24852	-255.2
9097.63314	4482.24852	-255.1
9097.63314	4482.24852	-255
9097.63314	4482.24852	-254.9
9097.63314	4482.24852	-254.8
9097.63314	4482.24852	-254.7
9097.63314	4482.24852	-254.6
9097.63314	4482.24852	-254.5
9097.63314	4482.24852	-254.4
9097.63314	4482.24852	-254.3
9097.63314	4482.24852	-254.2
9097.63314	4482.24852	-254.1
9097.63314	4482.24852	-254
9097.63314	4482.24852	-253.9
9097.63314	4482.24852	-253.8
9097.63314	4482.24852	-253.7
9097.63314	4482.24852	-253.6
9097.63314	4482.24852	-253.5
9097.63314	4482.24852	-253.4
9097.63314	4482.24852	-253.3
9097.63314	4482.24852	-253.2
9097.63314	4482.24852	-253.1
9097.63314	4482.24852	-253
9097.63314	4482.24852	-252.9
9097.63314	4482.24852	-252.8
9097.63314	4482.24852	-252.7
9097.63314	4482.24852	-252.6
9097.63314	4482.24852	-252.5
9097.63314	4482.24852	-252.4
9097.63314	4482.24852	-252.3
9097.63314	4482.24852	-252.2
9097.63314	4482.24852	-252.1
9097.63314	4482.24852	-252
9097.63314	4482.24852	-251.9
9097.63314	4482.24852	-251.8
9097.63314	4482.24852	-251.7
9097.63314	4482.24852	-251.6
9097.63314	4482.24852	-251.5
9097.63314	4482.24852	-251.4
9097.63314	4482.24852	-251.3
9097.63314	4482.24852	-251.2
9097.63314	4482.24852	-251.1
9097.63314	4482.24852	-251
9097.63314	4482.24852	-250.9
9097.63314	4482.24852	-250.8
9097.63314	4482.24852	-250.7
9097.63314	4482.24852	-250.6
9097.63314	4482.24852	-250.5
9097.63314	4482.24852	-250.4
9097.63314	4482.24852	-250.3
9097.63314	4482.24852	-250.2
9097.63314	4482.24852	-250.1
9097.63314	4482.24852	-250
9097.63314	4482.24852	-249.9
9097.63314	4482.24852	-249.8
9097.63314	4482.24852	-249.7
9097.63314	4482.24852	-249.6
9097.63314	4482.24852	-249.5
9097.63314	4482.24852	-249.4
9097.63314	4482.24852	-249.3
9097.63314	4482.24852	-249.2
9097.63314	4482.24852	-249.1
9097.63314	4482.24852	-249
9097.63314	4482.24852	-248.9
9097.63314	4482.24852	-248.8
9097.63314	4482.24852	-248.7
9097.63314	4482.24852	-248.6
9097.63314	4482.24852	-248.5
9097.63314	4482.24852	-248.4
9097.63314	4482.24852	-248.3
9097.63314	4482.24852	-248.2
9097.63314	4482.24852	-248.1
9097.63314	4482.24852	-248
9097.63314	4482.24852	-247.9
9097.63314	4482.24852	-247.8
9097.63314	4482.24852	-247.7
9097.63314	4482.24852	-247.6
9097.63314	4482.24852	-247.5
9097.63314	4482.24852	-247.4
9097.63314	4482.24852	-247.3
9097.63314	4482.24852	-247.2
9097.63314	4482.24852	-247.1
9097.63314	4482.24852	-247
9097.63314	4482.24852	-246.9
9097.63314	4482.24852	-246.8
9097.63314	4482.24852	-246.7
9097.63314	4482.24852	-246.6
9097.63314	4482.24852	-246.5
9097.63314	4482.24852	-246.4
9097.63314	4482.24852	-246.3
9097.63314	4482.24852	-246.2
9097.63314	4482.24852	-246.1
9097.63314	4482.24852	-246
9097.63314	4482.24852	-245.9
9097.63314	4482.24852	-245.8
9097.63314	4482.24852	-245.7
9097.63314	4482.24852	-245.6
9097.63314	4482.24852	-245.5
9097.63314	4482.24852	-245.4
9097.63314	4482.24852	-245.3
9097.63314	4482.24852	-245.2
9097.63314	4482.24852	-245.1
9097.63314	4482.24852	-245
9097.63314	4482.24852	-244.9
9097.63314	4482.24852	-244.8
9097.63314	4482.24852	-244.7
9097.63314	4482.24852	-244.6
9097.63314	4482.24852	-244.5
9097.63314	4482.24852	-244.4
9097.63314	4482.24852	-244.3
9097.63314	4482.24852	-244.2
9097.63314	4482.24852	-244.1
9097.63314	4482.24852	-244
9097.63314	4482.24852	-243.9
9097.63314	4482.24852	-243.8
9097.63314	4482.24852	-243.7
9097.63314	4482.24852	-243.6
9097.63314	4482.24852	-243.5
9097.63314	4482.24852	-243.4
9097.63314	4482.24852	-243.3
9097.63314	4482.24852	-243.2
9097.63314	4482.24852	-243.1
9097.63314	4482.24852	-243
9097.63314	4482.24852	-242.9
9097.63314	4482.24852	-242.8
9097.63314	4482.24852	-242.7
9097.63314	4482.24852	-242.6
9097.63314	4482.24852	-242.5
9097.63314	4482.24852	-242.4
9097.63314	4482.24852	-242.3
9097.63314	4482.24852	-242.2
9097.63314	4482.24852	-242.1
9097.63314	4482.24852	-242
9097.63314	4482.24852	-241.9
9097.63314	4482.24852	-241.8
9097.63314	4482.24852	-241.7
9097.63314	4482.24852	-241.6
9097.63314	4482.24852	-241.5
9097.63314	4482.24852	-241.4
9097.63314	4482.24852	-241.3
9097.63314	4482.24852	-241.2
9097.63314	4482.24852	-241.1
9097.63314	4482.24852	-241
9097.63314	4482.24852	-240.9
9097.63314	4482.24852	-240.8
9097.63314	4482.24852	-240.7
9097.63314	4482.24852	-240.6
9097.63314	4482.24852	-240.5
9097.63314	4482.24852	-240.4
9097.63314	4482.24852	-240.3
9097.63314	4482.24852	-240.2
9097.63314	4482.24852	-240.1
9097.63314	4482.24852	-240
9097.63314	4482.24852	-239.9
9097.63314	4482.24852	-239.8
9097.63314	4482.24852	-239.7
9097.63314	4482.24852	-239.6
9097.63314	4482.24852	-239.5
9097.63314	4482.24852	-239.4
9097.63314	4482.24852	-239.3
9097.63314	4482.24852	-239.2
9097.63314	4482.24852	-239.1
9097.63314	4482.24852	-239
9097.63314	4482.24852	-238.9
9097.63314	4482.24852	-238.8
9097.63314	4482.24852	-238.7
9097.63314	4482.24852	-238.6
9097.63314	4482.24852	-238.5
9097.63314	4482.24852	-238.4
9097.63314	4482.24852	-238.3
9097.63314	4482.24852	-238.2
9097.63314	4482.24852	-238.1
9097.63314	4482.24852	-238
9097.63314	4482.24852	-237.9
9097.63314	4482.24852	-237.8
9097.63314	4482.24852	-237.7
9097.63314	4482.24852	-237.6
9097.63314	4482.24852	-237.5
9097.63314	4482.24852	-237.4
9097.63314	4482.24852	-237.3
9097.63314	4482.24852	-237.2
9097.63314	4482.24852	-237.1
9097.63314	4482.24852	-237
9097.63314	4482.24852	-236.9
9097.63314	4482.24852	-236.8
9097.63314	4482.24852	-236.7
9097.63314	4482.24852	-236.6
9097.63314	4482.24852	-236.5
9097.63314	4482.24852	-236.4
9097.63314	4482.24852	-236.3
9097.63314	4482.24852	-236.2
9097.63314	4482.24852	-236.1
9097.63314	4482.24852	-236
9097.63314	4482.24852	-235.9
9097.63314	4482.24852	-235.8
9097.63314	4482.24852	-235.7
9097.63314	4482.24852	-235.6
9097.63314	4482.24852	-235.5
9097.63314	4482.24852	-235.4
9097.63314	4482.24852	-235.3
9097.63314	4482.24852	-235.2
9097.63314	4482.24852	-235.1
9097.63314	4482.24852	-235
9097.63314	4482.24852	-234.9
9097.63314	4482.24852	-234.8
9097.63314	4482.24852	-234.7
9097.63314	4482.24852	-234.6
9097.63314	4482.24852	-234.5
9097.63314	4482.24852	-234.4
9097.63314	4482.24852	-234.3
9097.63314	4482.24852	-234.2
9097.63314	4482.24852	-234.1
9097.63314	4482.24852	-234
9097.63314	4482.24852	-233.9
9097.63314	4482.24852	-233.8
9097.63314	4482.24852	-233.7
9097.63314	4482.24852	-233.6
9097.63314	4482.24852	-233.5
9097.63314	4482.24852	-233.4
9097.63314	4482.24852	-233.3
9097.63314	4482.24852	-233.2
9097.63314	4482.24852	-233.1
9097.63314	4482.24852	-233
9097.63314	4482.24852	-232.9
9097.63314	4482.24852	-232.8
9097.63314	4482.24852	-232.7
9097.63314	4482.24852	-232.6
9097.63314	4482.24852	-232.5
9097.63314	4482.24852	-232.4
9097.63314	4482.24852	-232.3
9097.63314	4482.24852	-232.2
9097.63314	4482.24852	-232.1
9097.63314	4482.24852	-232
9097.63314	4482.24852	-231.9
9097.63314	4482.24852	-231.8
9097.63314	4482.24852	-231.7
9097.63314	4482.24852	-231.6
9097.63314	4482.24852	-231.5
9097.63314	4482.24852	-231.4
9097.63314	4482.24852	-231.3
9097.63314	4482.24852	-231.2
9097.63314	4482.24852	-231.1
9097.63314	4482.24852	-231
9097.63314	4482.24852	-230.9
9097.63314	4482.24852	-230.8
9097.63314	4482.24852	-230.7
9097.63314	4482.24852	-230.6
9097.63314	4482.24852	-230.5
9097.63314	4482.24852	-230.4
9097.63314	4482.24852	-230.3
9097.63314	4482.24852	-230.2
9097.63314	4482.24852	-230.1
9097.63314	4482.24852	-230
9097.63314	4482.24852	-229.9
9097.63314	4482.24852	-229.8
9097.63314	4482.24852	-229.7
9097.63314	4482.24852	-229.6
9097.63314	4482.24852	-229.5
9097.63314	4482.24852	-229.4
9097.63314	4482.24852	-229.3
9097.63314	4482.24852	-229.2
9097.63314	4482.24852	-229.1
9097.63314	4482.24852	-229
9097.63314	4482.24852	-228.9
9097.63314	4482.24852	-228.8
9097.63314	4482.24852	-228.7
9097.63314	4482.24852	-228.6
9097.63314	4482.24852	-228.5
9097.63314	4482.24852	-228.4
9097.63314	4482.24852	-228.3
9097.63314	4482.24852	-228.2
9097.63314	4482.24852	-228.1
9097.63314	4482.24852	-228
9097.63314	4482.24852	-227.9
9097.63314	4482.24852	-227.8
9097.63314	4482.24852	-227.7
9097.63314	4482.24852	-227.6
9097.63314	4482.24852	-227.5
9097.63314	4482.24852	-227.4
9097.63314	4482.24852	-227.3
9097.63314	4482.24852	-227.2
9097.63314	4482.24852	-227.1
9097.63314	4482.24852	-227
9097.63314	4482.24852	-226.9
9097.63314	4482.24852	-226.8
9097.63314	4482.24852	-226.7
9097.63314	4482.24852	-226.6
9097.63314	4482.24852	-226.5
9097.63314	4482.24852	-226.4
9097.63314	4482.24852	-226.3
9097.63314	4482.24852	-226.2
9097.63314	4482.24852	-226.1
9097.63314	4482.24852	-226
9097.63314	4482.24852	-225.9
9097.63314	4482.24852	-225.8
9097.63314	4482.24852	-225.7
9097.63314	4482.24852	-225.6
9097.63314	4482.24852	-225.5
9097.63314	4482.24852	-225.4
9097.63314	4482.24852	-225.3
9097.63314	4482.24852	-225.2
9097.63314	4482.24852	-225.1
9097.63314	4482.24852	-225
9097.63314	4482.24852	-224.9
9097.63314	4482.24852	-224.8
9097.63314	4482.24852	-224.7
9097.63314	4482.24852	-224.6
9097.63314	4482.24852	-224.5
9097.63314	4482.24852	-224.4
9097.63314	4482.24852	-224.3
9097.63314	4482.24852	-224.2
9097.63314	4482.24852	-224.1
9097.63314	4482.24852	-224
9097.63314	4482.24852	-223.9
9097.63314	4482.24852	-223.8
9097.63314	4482.24852	-223.7
9097.63314	4482.24852	-223.6
9097.63314	4482.24852	-223.5
9097.63314	4482.24852	-223.4
9097.63314	4482.24852	-223.3
9097.63314	4482.24852	-223.2
9097.63314	4482.24852	-223.1
9097.63314	4482.24852	-223
9097.63314	4482.24852	-222.9
9097.63314	4482.24852	-222.8
9097.63314	4482.24852	-222.7
9097.63314	4482.24852	-222.6
9097.63314	4482.24852	-222.5
9097.63314	4482.24852	-222.4
9097.63314	4482.24852	-222.3
9097.63314	4482.24852	-222.2
9097.63314	4482.24852	-222.1
9097.63314	4482.24852	-222
9097.63314	4482.24852	-221.9
9097.63314	4482.24852	-221.8
9097.63314	4482.24852	-221.7
9097.63314	4482.24852	-221.6
9097.63314	4482.24852	-221.5
9097.63314	4482.24852	-221.4
9097.63314	4482.24852	-221.3
9097.63314	4482.24852	-221.2
9097.63314	4482.24852	-221.1
9097.63314	4482.24852	-221
9097.63314	4482.24852	-220.9
9097.63314	4482.24852	-220.8
9097.63314	4482.24852	-220.7
9097.63314	4482.24852	-220.6
9097.63314	4482.24852	-220.5
9097.63314	4482.24852	-220.4
9097.63314	4482.24852	-220.3
9097.63314	4482.24852	-220.2
9097.63314	4482.24852	-220.1
9097.63314	4482.24852	-220
9097.63314	4482.24852	-219.9
9097.63314	4482.24852	-219.8
9097.63314	4482.24852	-219.7
9097.63314	4482.24852	-219.6
9097.63314	4482.24852	-219.5
9097.63314	4482.24852	-219.4
9097.63314	4482.24852	-219.3
9097.63314	4482.24852	-219.2
9097.63314	4482.24852	-219.1
9097.63314	4482.24852	-219
9097.63314	4482.24852	-218.9
9097.63314	4482.24852	-218.8
9097.63314	4482.24852	-218.7
9097.63314	4482.24852	-218.6
9097.63314	4482.24852	-218.5
9097.63314	4482.24852	-218.4
9097.63314	4482.24852	-218.3
9097.63314	4482.24852	-218.2
9097.63314	4482.24852	-218.1
9097.63314	4482.24852	-218
9097.63314	4482.24852	-217.9
9097.63314	4482.24852	-217.8
9097.63314	4482.24852	-217.7
9097.63314	4482.24852	-217.6
9097.63314	4482.24852	-217.5
9097.63314	4482.24852	-217.4
9097.63314	4482.24852	-217.3
9097.63314	4482.24852	-217.2
9097.63314	4482.24852	-217.1
9097.63314	4482.24852	-217
9097.63314	4482.24852	-216.9
9097.63314	4482.24852	-216.8
9097.63314	4482.24852	-216.7
9097.63314	4482.24852	-216.6
9097.63314	4482.24852	-216.5
9097.63314	4482.24852	-216.4
9097.63314	4482.24852	-216.3
9097.63314	4482.24852	-216.2
9097.63314	4482.24852	-216.1
9097.63314	4482.24852	-216
9097.63314	4482.24852	-215.9
9097.63314	4482.24852	-215.8
9097.63314	4482.24852	-215.7
9097.63314	4482.24852	-215.6
9097.63314	4482.24852	-215.5
9097.63314	4482.24852	-215.4
9097.63314	4482.24852	-215.3
9097.63314	4482.24852	-215.2
9097.63314	4482.24852	-215.1
9097.63314	4482.24852	-215
9097.63314	4482.24852	-214.9
9097.63314	4482.24852	-214.8
9097.63314	4482.24852	-214.7
9097.63314	4482.24852	-214.6
9097.63314	4482.24852	-214.5
9097.63314	4482.24852	-214.4
9097.63314	4482.24852	-214.3
9097.63314	4482.24852	-214.2
9097.63314	4482.24852	-214.1
9097.63314	4482.24852	-214
9097.63314	4482.24852	-213.9
9097.63314	4482.24852	-213.8
9097.63314	4482.24852	-213.7
9097.63314	4482.24852	-213.6
9097.63314	4482.24852	-213.5
9097.63314	4482.24852	-213.4
9097.63314	4482.24852	-213.3
9097.63314	4482.24852	-213.2
9097.63314	4482.24852	-213.1
9097.63314	4482.24852	-213
9097.63314	4482.24852	-212.9
9097.63314	4482.24852	-212.8
9097.63314	4482.24852	-212.7
9097.63314	4482.24852	-212.6
9097.63314	4482.24852	-212.5
9097.63314	4482.24852	-212.4
9097.63314	4482.24852	-212.3
9097.63314	4482.24852	-212.2
9097.63314	4482.24852	-212.1
9097.63314	4482.24852	-212
9097.63314	4482.24852	-211.9
9097.63314	4482.24852	-211.8
9097.63314	4482.24852	-211.7
9097.63314	4482.24852	-211.6
9097.63314	4482.24852	-211.5
9097.63314	4482.24852	-211.4
9097.63314	4482.24852	-211.3
9097.63314	4482.24852	-211.2
9097.63314	4482.24852	-211.1
9097.63314	4482.24852	-211
9097.63314	4482.24852	-210.9
9097.63314	4482.24852	-210.8
9097.63314	4482.24852	-210.7
9097.63314	4482.24852	-210.6
9097.63314	4482.24852	-210.5
9097.63314	4482.24852	-210.4
9097.63314	4482.24852	-210.3
9097.63314	4482.24852	-210.2
9097.63314	4482.24852	-210.1
9097.63314	4482.24852	-210
9097.63314	4482.24852	-209.9
9097.63314	4482.24852	-209.8
9097.63314	4482.24852	-209.7
9097.63314	4482.24852	-209.6
9097.63314	4482.24852	-209.5
9097.63314	4482.24852	-209.4
9097.63314	4482.24852	-209.3
9097.63314	4482.24852	-209.2
9097.63314	4482.24852	-209.1
9097.63314	4482.24852	-209
9097.63314	4482.24852	-208.9
9097.63314	4482.24852	-208.8
9097.63314	4482.24852	-208.7
9097.63314	4482.24852	-208.6
9097.63314	4482.24852	-208.5
9097.63314	4482.24852	-208.4
9097.63314	4482.24852	-208.3
9097.63314	4482.24852	-208.2
9097.63314	4482.24852	-208.1
9097.63314	4482.24852	-208
9097.63314	4482.24852	-207.9
9097.63314	4482.24852	-207.8
9097.63314	4482.24852	-207.7
9097.63314	4482.24852	-207.6
9097.63314	4482.24852	-207.5
9097.63314	4482.24852	-207.4
9097.63314	4482.24852	-207.3
9097.63314	4482.24852	-207.2
9097.63314	4482.24852	-207.1
9097.63314	4482.24852	-207
9097.63314	4482.24852	-206.9
9097.63314	4482.24852	-206.8
9097.63314	4482.24852	-206.7
9097.63314	4482.24852	-206.6
9097.63314	4482.24852	-206.5
9097.63314	4482.24852	-206.4
9097.63314	4482.24852	-206.3
9097.63314	4482.24852	-206.2
9097.63314	4482.24852	-206.1
9097.63314	4482.24852	-206
9097.63314	4482.24852	-205.9
9097.63314	4482.24852	-205.8
9097.63314	4482.24852	-205.7
9097.63314	4482.24852	-205.6
9097.63314	4482.24852	-205.5
9097.63314	4482.24852	-205.4
9097.63314	4482.24852	-205.3
9097.63314	4482.24852	-205.2
9097.63314	4482.24852	-205.1
9097.63314	4482.24852	-205
9097.63314	4482.24852	-204.9
9097.63314	4482.24852	-204.8
9097.63314	4482.24852	-204.7
9097.63314	4482.24852	-204.6
9097.63314	4482.24852	-204.5
9097.63314	4482.24852	-204.4
9097.63314	4482.24852	-204.3
9097.63314	4482.24852	-204.2
9097.63314	4482.24852	-204.1
9097.63314	4482.24852	-204
9097.63314	4482.24852	-203.9
9097.63314	4482.24852	-203.8
9097.63314	4482.24852	-203.7
9097.63314	4482.24852	-203.6
9097.63314	4482.24852	-203.5
9097.63314	4482.24852	-203.4
9097.63314	4482.24852	-203.3
9097.63314	4482.24852	-203.2
9097.63314	4482.24852	-203.1
9097.63314	4482.24852	-203
9097.63314	4482.24852	-202.9
9097.63314	4482.24852	-202.8
9097.63314	4482.24852	-202.7
9097.63314	4482.24852	-202.6
9097.63314	4482.24852	-202.5
9097.63314	4482.24852	-202.4
9097.63314	4482.24852	-202.3
9097.63314	4482.24852	-202.2
9097.63314	4482.24852	-202.1
9097.63314	4482.24852	-202
9097.63314	4482.24852	-201.9
9097.63314	4482.24852	-201.8
9097.63314	4482.24852	-201.7
9097.63314	4482.24852	-201.6
9097.63314	4482.24852	-201.5
9097.63314	4482.24852	-201.4
9097.63314	4482.24852	-201.3
9097.63314	4482.24852	-201.2
9097.63314	4482.24852	-201.1
9097.63314	4482.24852	-201
9097.63314	4482.24852	-200.9
9097.63314	4482.24852	-200.8
9097.63314	4482.24852	-200.7
9097.63314	4482.24852	-200.6
9097.63314	4482.24852	-200.5
9097.63314	4482.24852	-200.4
9097.63314	4482.24852	-200.3
9097.63314	4482.24852	-200.2
9097.63314	4482.24852	-200.1
9097.63314	4482.24852	-200
9097.63314	4482.24852	-199.9
9097.63314	4482.24852	-199.8
9097.63314	4482.24852	-199.7
9097.63314	4482.24852	-199.6
9097.63314	4482.24852	-199.5
9097.63314	4482.24852	-199.4
9097.63314	4482.24852	-199.3
9097.63314	4482.24852	-199.2
9097.63314	4482.24852	-199.1
9097.63314	4482.24852	-199
9097.63314	4482.24852	-198.9
9097.63314	4482.24852	-198.8
9097.63314	4482.24852	-198.7
9097.63314	4482.24852	-198.6
9097.63314	4482.24852	-198.5
9097.63314	4482.24852	-198.4
9097.63314	4482.24852	-198.3
9097.63314	4482.24852	-198.2
9097.63314	4482.24852	-198.1
9097.63314	4482.24852	-198
9097.63314	4482.24852	-197.9
9097.63314	4482.24852	-197.8
9097.63314	4482.24852	-197.7
9097.63314	4482.24852	-197.6
9097.63314	4482.24852	-197.5
9097.63314	4482.24852	-197.4
9097.63314	4482.24852	-197.3
9097.63314	4482.24852	-197.2
9097.63314	4482.24852	-197.1
9097.63314	4482.24852	-197
9097.63314	4482.24852	-196.9
9097.63314	4482.24852	-196.8
9097.63314	4482.24852	-196.7
9097.63314	4482.24852	-196.6
9097.63314	4482.24852	-196.5
9097.63314	4482.24852	-196.4
9097.63314	4482.24852	-196.3
9097.63314	4482.24852	-196.2
9097.63314	4482.24852	-196.1
9097.63314	4482.24852	-196
9097.63314	4482.24852	-195.9
9097.63314	4482.24852	-195.8
9097.63314	4482.24852	-195.7
9097.63314	4482.24852	-195.6
9097.63314	4482.24852	-195.5
9097.63314	4482.24852	-195.4
9097.63314	4482.24852	-195.3
9097.63314	4482.24852	-195.2
9097.63314	4482.24852	-195.1
9097.63314	4482.24852	-195
9097.63314	4482.24852	-194.9
9097.63314	4482.24852	-194.8
9097.63314	4482.24852	-194.7
9097.63314	4482.24852	-194.6
9097.63314	4482.24852	-194.5
9097.63314	4482.24852	-194.4
9097.63314	4482.24852	-194.3
9097.63314	4482.24852	-194.2
9097.63314	4482.24852	-194.1
9097.63314	4482.24852	-194
9097.63314	4482.24852	-193.9
9097.63314	4482.24852	-193.8
9097.63314	4482.24852	-193.7
9097.63314	4482.24852	-193.6
9097.63314	4482.24852	-193.5
9097.63314	4482.24852	-193.4
9097.63314	4482.24852	-193.3
9097.63314	4482.24852	-193.2
9097.63314	4482.24852	-193.1
9097.63314	4482.24852	-193
9097.63314	4482.24852	-192.9
9097.63314	4482.24852	-192.8
9097.63314	4482.24852	-192.7
9097.63314	4482.24852	-192.6
9097.63314	4482.24852	-192.5
9097.63314	4482.24852	-192.4
9097.63314	4482.24852	-192.3
9097.63314	4482.24852	-192.2
9097.63314	4482.24852	-192.1
9097.63314	4482.24852	-192
9097.63314	4482.24852	-191.9
9097.63314	4482.24852	-191.8
9097.63314	4482.24852	-191.7
9097.63314	4482.24852	-191.6
9097.63314	4482.24852	-191.5
9097.63314	4482.24852	-191.4
9097.63314	4482.24852	-191.3
9097.63314	4482.24852	-191.2
9097.63314	4482.24852	-191.1
9097.63314	4482.24852	-191
9097.63314	4482.24852	-190.9
9097.63314	4482.24852	-190.8
9097.63314	4482.24852	-190.7
9097.63314	4482.24852	-190.6
9097.63314	4482.24852	-190.5
9097.63314	4482.24852	-190.4
9097.63314	4482.24852	-190.3
9097.63314	4482.24852	-190.2
9097.63314	4482.24852	-190.1
9097.63314	4482.24852	-190
9097.63314	4482.24852	-189.9
9097.63314	4482.24852	-189.8
9097.63314	4482.24852	-189.7
9097.63314	4482.24852	-189.6
9097.63314	4482.24852	-189.5
9097.63314	4482.24852	-189.4
9097.63314	4482.24852	-189.3
9097.63314	4482.24852	-189.2
9097.63314	4482.24852	-189.1
9097.63314	4482.24852	-189
9097.63314	4482.24852	-188.9
9097.63314	4482.24852	-188.8
9097.63314	4482.24852	-188.7
9097.63314	4482.24852	-188.6
9097.63314	4482.24852	-188.5
9097.63314	4482.24852	-188.4
9097.63314	4482.24852	-188.3
9097.63314	4482.24852	-188.2
9097.63314	4482.24852	-188.1
9097.63314	4482.24852	-188
9097.63314	4482.24852	-187.9
9097.63314	4482.24852	-187.8
9097.63314	4482.24852	-187.7
9097.63314	4482.24852	-187.6
9097.63314	4482.24852	-187.5
9097.63314	4482.24852	-187.4
9097.63314	4482.24852	-187.3
9097.63314	4482.24852	-187.2
9097.63314	4482.24852	-187.1
9097.63314	4482.24852	-187
9097.63314	4482.24852	-186.9
9097.63314	4482.24852	-186.8
9097.63314	4482.24852	-186.7
9097.63314	4482.24852	-186.6
9097.63314	4482.24852	-186.5
9097.63314	4482.24852	-186.4
9097.63314	4482.24852	-186.3
9097.63314	4482.24852	-186.2
9097.63314	4482.24852	-186.1
9097.63314	4482.24852	-186
9097.63314	4482.24852	-185.9
9097.63314	4482.24852	-185.8
9097.63314	4482.24852	-185.7
9097.63314	4482.24852	-185.6
9097.63314	4482.24852	-185.5
9097.63314	4482.24852	-185.4
9097.63314	4482.24852	-185.3
9097.63314	4482.24852	-185.2
9097.63314	4482.24852	-185.1
9097.63314	4482.24852	-185
9097.63314	4482.24852	-184.9
9097.63314	4482.24852	-184.8
9097.63314	4482.24852	-184.7
9097.63314	4482.24852	-184.6
9097.63314	4482.24852	-184.5
9097.63314	4482.24852	-184.4
9097.63314	4482.24852	-184.3
9097.63314	4482.24852	-184.2
9097.63314	4482.24852	-184.1
9097.63314	4482.24852	-184
9097.63314	4482.24852	-183.9
9097.63314	4482.24852	-183.8
9097.63314	4482.24852	-183.7
9097.63314	4482.24852	-183.6
9097.63314	4482.24852	-183.5
9097.63314	4482.24852	-183.4
9097.63314	4482.24852	-183.3
9097.63314	4482.24852	-183.2
9097.63314	4482.24852	-183.1
9097.63314	4482.24852	-183
9097.63314	4482.24852	-182.9
9097.63314	4482.24852	-182.8
9097.63314	4482.24852	-182.7
9097.63314	4482.24852	-182.6
9097.63314	4482.24852	-182.5
9097.63314	4482.24852	-182.4
9097.63314	4482.24852	-182.3
9097.63314	4482.24852	-182.2
9097.63314	4482.24852	-182.1
9097.63314	4482.24852	-182
9097.63314	4482.24852	-181.9
9097.63314	4482.24852	-181.8
9097.63314	4482.24852	-181.7
9097.63314	4482.24852	-181.6
9097.63314	4482.24852	-181.5
9097.63314	4482.24852	-181.4
9097.63314	4482.24852	-181.3
9097.63314	4482.24852	-181.2
9097.63314	4482.24852	-181.1
9097.63314	4482.24852	-181
9097.63314	4482.24852	-180.9
9097.63314	4482.24852	-180.8
9097.63314	4482.24852	-180.7
9097.63314	4482.24852	-180.6
9097.63314	4482.24852	-180.5
9097.63314	4482.24852	-180.4
9097.63314	4482.24852	-180.3
9097.63314	4482.24852	-180.2
9097.63314	4482.24852	-180.1
9097.63314	4482.24852	-180
9097.63314	4482.24852	-179.9
9097.63314	4482.24852	-179.8
9097.63314	4482.24852	-179.7
9097.63314	4482.24852	-179.6
9097.63314	4482.24852	-179.5
9097.63314	4482.24852	-179.4
9097.63314	4482.24852	-179.3
9097.63314	4482.24852	-179.2
9097.63314	4482.24852	-179.1
9097.63314	4482.24852	-179
9097.63314	4482.24852	-178.9
9097.63314	4482.24852	-178.8
9097.63314	4482.24852	-178.7
9097.63314	4482.24852	-178.6
9097.63314	4482.24852	-178.5
9097.63314	4482.24852	-178.4
9097.63314	4482.24852	-178.3
9097.63314	4482.24852	-178.2
9097.63314	4482.24852	-178.1
9097.63314	4482.24852	-178
9097.63314	4482.24852	-177.9
9097.63314	4482.24852	-177.8
9097.63314	4482.24852	-177.7
9097.63314	4482.24852	-177.6
9097.63314	4482.24852	-177.5
9097.63314	4482.24852	-177.4
9097.63314	4482.24852	-177.3
9097.63314	4482.24852	-177.2
9097.63314	4482.24852	-177.1
9097.63314	4482.24852	-177
9097.63314	4482.24852	-176.9
9097.63314	4482.24852	-176.8
9097.63314	4482.24852	-176.7
9097.63314	4482.24852	-176.6
9097.63314	4482.24852	-176.5
9097.63314	4482.24852	-176.4
9097.63314	4482.24852	-176.3
9097.63314	4482.24852	-176.2
9097.63314	4482.24852	-176.1
9097.63314	4482.24852	-176
9097.63314	4482.24852	-175.9
9097.63314	4482.24852	-175.8
9097.63314	4482.24852	-175.7
9097.63314	4482.24852	-175.6
9097.63314	4482.24852	-175.5
9097.63314	4482.24852	-175.4
9097.63314	4482.24852	-175.3
9097.63314	4482.24852	-175.2
9097.63314	4482.24852	-175.1
9097.63314	4482.24852	-175
9097.63314	4482.24852	-174.9
9097.63314	4482.24852	-174.8
9097.63314	4482.24852	-174.7
9097.63314	4482.24852	-174.6
9097.63314	4482.24852	-174.5
9097.63314	4482.24852	-174.4
9097.63314	4482.24852	-174.3
9097.63314	4482.24852	-174.2
9097.63314	4482.24852	-174.1
9097.63314	4482.24852	-174
9097.63314	4482.24852	-173.9
9097.63314	4482.24852	-173.8
9097.63314	4482.24852	-173.7
9097.63314	4482.24852	-173.6
9097.63314	4482.24852	-173.5
9097.63314	4482.24852	-173.4
9097.63314	4482.24852	-173.3
9097.63314	4482.24852	-173.2
9097.63314	4482.24852	-173.1
9097.63314	4482.24852	-173
9097.63314	4482.24852	-172.9
9097.63314	4482.24852	-172.8
9097.63314	4482.24852	-172.7
9097.63314	4482.24852	-172.6
9097.63314	4482.24852	-172.5
9097.63314	4482.24852	-172.4
9097.63314	4482.24852	-172.3
9097.63314	4482.24852	-172.2
9097.63314	4482.24852	-172.1
9097.63314	4482.24852	-172
9097.63314	4482.24852	-171.9
9097.63314	4482.24852	-171.8
9097.63314	4482.24852	-171.7
9097.63314	4482.24852	-171.6
9097.63314	4482.24852	-171.5
9097.63314	4482.24852	-171.4
9097.63314	4482.24852	-171.3
9097.63314	4482.24852	-171.2
9097.63314	4482.24852	-171.1
9097.63314	4482.24852	-171
9097.63314	4482.24852	-170.9
9097.63314	4482.24852	-170.8
9097.63314	4482.24852	-170.7
9097.63314	4482.24852	-170.6
9097.63314	4482.24852	-170.5
9097.63314	4482.24852	-170.4
9097.63314	4482.24852	-170.3
9097.63314	4482.24852	-170.2
9097.63314	4482.24852	-170.1
9097.63314	4482.24852	-170
9097.63314	4482.24852	-169.9
9097.63314	4482.24852	-169.8
9097.63314	4482.24852	-169.7
9097.63314	4482.24852	-169.6
9097.63314	4482.24852	-169.5
9097.63314	4482.24852	-169.4
9097.63314	4482.24852	-169.3
9097.63314	4482.24852	-169.2
9097.63314	4482.24852	-169.1
9097.63314	4482.24852	-169
9097.63314	4482.24852	-168.9
9097.63314	4482.24852	-168.8
9097.63314	4482.24852	-168.7
9097.63314	4482.24852	-168.6
9097.63314	4482.24852	-168.5
9097.63314	4482.24852	-168.4
9097.63314	4482.24852	-168.3
9097.63314	4482.24852	-168.2
9097.63314	4482.24852	-168.1
9097.63314	4482.24852	-168
9097.63314	4482.24852	-167.9
9097.63314	4482.24852	-167.8
9097.63314	4482.24852	-167.7
9097.63314	4482.24852	-167.6
9097.63314	4482.24852	-167.5
9097.63314	4482.24852	-167.4
9097.63314	4482.24852	-167.3
9097.63314	4482.24852	-167.2
9097.63314	4482.24852	-167.1
9097.63314	4482.24852	-167
9097.63314	4482.24852	-166.9
9097.63314	4482.24852	-166.8
9097.63314	4482.24852	-166.7
9097.63314	4482.24852	-166.6
9097.63314	4482.24852	-166.5
9097.63314	4482.24852	-166.4
9097.63314	4482.24852	-166.3
9097.63314	4482.24852	-166.2
9097.63314	4482.24852	-166.1
9097.63314	4482.24852	-166
9097.63314	4482.24852	-165.9
9097.63314	4482.24852	-165.8
9097.63314	4482.24852	-165.7
9097.63314	4482.24852	-165.6
9097.63314	4482.24852	-165.5
9097.63314	4482.24852	-165.4
9097.63314	4482.24852	-165.3
9097.63314	4482.24852	-165.2
9097.63314	4482.24852	-165.1
9097.63314	4482.24852	-165
9097.63314	4482.24852	-164.9
9097.63314	4482.24852	-164.8
9097.63314	4482.24852	-164.7
9097.63314	4482.24852	-164.6
9097.63314	4482.24852	-164.5
9097.63314	4482.24852	-164.4
9097.63314	4482.24852	-164.3
9097.63314	4482.24852	-164.2
9097.63314	4482.24852	-164.1
9097.63314	4482.24852	-164
9097.63314	4482.24852	-163.9
9097.63314	4482.24852	-163.8
9097.63314	4482.24852	-163.7
9097.63314	4482.24852	-163.6
9097.63314	4482.24852	-163.5
9097.63314	4482.24852	-163.4
9097.63314	4482.24852	-163.3
9097.63314	4482.24852	-163.2
9097.63314	4482.24852	-163.1
9097.63314	4482.24852	-163
9097.63314	4482.24852	-162.9
9097.63314	4482.24852	-162.8
9097.63314	4482.24852	-162.7
9097.63314	4482.24852	-162.6
9097.63314	4482.24852	-162.5
9097.63314	4482.24852	-162.4
9097.63314	4482.24852	-162.3
9097.63314	4482.24852	-162.2
9097.63314	4482.24852	-162.1
9097.63314	4482.24852	-162
9097.63314	4482.24852	-161.9
9097.63314	4482.24852	-161.8
9097.63314	4482.24852	-161.7
9097.63314	4482.24852	-161.6
9097.63314	4482.24852	-161.5
9097.63314	4482.24852	-161.4
9097.63314	4482.24852	-161.3
9097.63314	4482.24852	-161.2
9097.63314	4482.24852	-161.1
9097.63314	4482.24852	-161
9097.63314	4482.24852	-160.9
9097.63314	4482.24852	-160.8
9097.63314	4482.24852	-160.7
9097.63314	4482.24852	-160.6
9097.63314	4482.24852	-160.5
9097.63314	4482.24852	-160.4
9097.63314	4482.24852	-160.3
9097.63314	4482.24852	-160.2
9097.63314	4482.24852	-160.1
9097.63314	4482.24852	-160
9097.63314	4482.24852	-159.9
9097.63314	4482.24852	-159.8
9097.63314	4482.24852	-159.7
9097.63314	4482.24852	-159.6
9097.63314	4482.24852	-159.5
9097.63314	4482.24852	-159.4
9097.63314	4482.24852	-159.3
9097.63314	4482.24852	-159.2
9097.63314	4482.24852	-159.1
9097.63314	4482.24852	-159
9097.63314	4482.24852	-158.9
9097.63314	4482.24852	-158.8
9097.63314	4482.24852	-158.7
9097.63314	4482.24852	-158.6
9097.63314	4482.24852	-158.5
9097.63314	4482.24852	-158.4
9097.63314	4482.24852	-158.3
9097.63314	4482.24852	-158.2
9097.63314	4482.24852	-158.1
9097.63314	4482.24852	-158
9097.63314	4482.24852	-157.9
9097.63314	4482.24852	-157.8
9097.63314	4482.24852	-157.7
9097.63314	4482.24852	-157.6
9097.63314	4482.24852	-157.5
9097.63314	4482.24852	-157.4
9097.63314	4482.24852	-157.3
9097.63314	4482.24852	-157.2
9097.63314	4482.24852	-157.1
9097.63314	4482.24852	-157
9097.63314	4482.24852	-156.9
9097.63314	4482.24852	-156.8
9097.63314	4482.24852	-156.7
9097.63314	4482.24852	-156.6
9097.63314	4482.24852	-156.5
9097.63314	4482.24852	-156.4
9097.63314	4482.24852	-156.3
9097.63314	4482.24852	-156.2
9097.63314	4482.24852	-156.1
9097.63314	4482.24852	-156
9097.63314	4482.24852	-155.9
9097.63314	4482.24852	-155.8
9097.63314	4482.24852	-155.7
9097.63314	4482.24852	-155.6
9097.63314	4482.24852	-155.5
9097.63314	4482.24852	-155.4
9097.63314	4482.24852	-155.3
9097.63314	4482.24852	-155.2
9097.63314	4482.24852	-155.1
9097.63314	4482.24852	-155
9097.63314	4482.24852	-154.9
9097.63314	4482.24852	-154.8
9097.63314	4482.24852	-154.7
9097.63314	4482.24852	-154.6
9097.63314	4482.24852	-154.5
9097.63314	4482.24852	-154.4
9097.63314	4482.24852	-154.3
9097.63314	4482.24852	-154.2
9097.63314	4482.24852	-154.1
9097.63314	4482.24852	-154
9097.63314	4482.24852	-153.9
9097.63314	4482.24852	-153.8
9097.63314	4482.24852	-153.7
9097.63314	4482.24852	-153.6
9097.63314	4482.24852	-153.5
9097.63314	4482.24852	-153.4
9097.63314	4482.24852	-153.3
9097.63314	4482.24852	-153.2
9097.63314	4482.24852	-153.1
9097.63314	4482.24852	-153
9097.63314	4482.24852	-152.9
9097.63314	4482.24852	-152.8
9097.63314	4482.24852	-152.7
9097.63314	4482.24852	-152.6
9097.63314	4482.24852	-152.5
9097.63314	4482.24852	-152.4
9097.63314	4482.24852	-152.3
9097.63314	4482.24852	-152.2
9097.63314	4482.24852	-152.1
9097.63314	4482.24852	-152
9097.63314	4482.24852	-151.9
9097.63314	4482.24852	-151.8
9097.63314	4482.24852	-151.7
9097.63314	4482.24852	-151.6
9097.63314	4482.24852	-151.5
9097.63314	4482.24852	-151.4
9097.63314	4482.24852	-151.3
9097.63314	4482.24852	-151.2
9097.63314	4482.24852	-151.1
9097.63314	4482.24852	-151
9097.63314	4482.24852	-150.9
9097.63314	4482.24852	-150.8
9097.63314	4482.24852	-150.7
9097.63314	4482.24852	-150.6
9097.63314	4482.24852	-150.5
9097.63314	4482.24852	-150.4
9097.63314	4482.24852	-150.3
9097.63314	4482.24852	-150.2
9097.63314	4482.24852	-150.1
9097.63314	4482.24852	-150
9097.63314	4482.24852	-149.9
9097.63314	4482.24852	-149.8
9097.63314	4482.24852	-149.7
9097.63314	4482.24852	-149.6
9097.63314	4482.24852	-149.5
9097.63314	4482.24852	-149.4
9097.63314	4482.24852	-149.3
9097.63314	4482.24852	-149.2
9097.63314	4482.24852	-149.1
9097.63314	4482.24852	-149
9097.63314	4482.24852	-148.9
9097.63314	4482.24852	-148.8
9097.63314	4482.24852	-148.7
9097.63314	4482.24852	-148.6
9097.63314	4482.24852	-148.5
9097.63314	4482.24852	-148.4
9097.63314	4482.24852	-148.3
9097.63314	4482.24852	-148.2
9097.63314	4482.24852	-148.1
9097.63314	4482.24852	-148
9097.63314	4482.24852	-147.9
9097.63314	4482.24852	-147.8
9097.63314	4482.24852	-147.7
9097.63314	4482.24852	-147.6
9097.63314	4482.24852	-147.5
9097.63314	4482.24852	-147.4
9097.63314	4482.24852	-147.3
9097.63314	4482.24852	-147.2
9097.63314	4482.24852	-147.1
9097.63314	4482.24852	-147
9097.63314	4482.24852	-146.9
9097.63314	4482.24852	-146.8
9097.63314	4482.24852	-146.7
9097.63314	4482.24852	-146.6
9097.63314	4482.24852	-146.5
9097.63314	4482.24852	-146.4
9097.63314	4482.24852	-146.3
9097.63314	4482.24852	-146.2
9097.63314	4482.24852	-146.1
9097.63314	4482.24852	-146
9097.63314	4482.24852	-145.9
9097.63314	4482.24852	-145.8
9097.63314	4482.24852	-145.7
9097.63314	4482.24852	-145.6
9097.63314	4482.24852	-145.5
9097.63314	4482.24852	-145.4
9097.63314	4482.24852	-145.3
9097.63314	4482.24852	-145.2
9097.63314	4482.24852	-145.1
9097.63314	4482.24852	-145
9097.63314	4482.24852	-144.9
9097.63314	4482.24852	-144.8
9097.63314	4482.24852	-144.7
9097.63314	4482.24852	-144.6
9097.63314	4482.24852	-144.5
9097.63314	4482.24852	-144.4
9097.63314	4482.24852	-144.3
9097.63314	4482.24852	-144.2
9097.63314	4482.24852	-144.1
9097.63314	4482.24852	-144
9097.63314	4482.24852	-143.9
9097.63314	4482.24852	-143.8
9097.63314	4482.24852	-143.7
9097.63314	4482.24852	-143.6
9097.63314	4482.24852	-143.5
9097.63314	4482.24852	-143.4
9097.63314	4482.24852	-143.3
9097.63314	4482.24852	-143.2
9097.63314	4482.24852	-143.1
9097.63314	4482.24852	-143
9097.63314	4482.24852	-142.9
9097.63314	4482.24852	-142.8
9097.63314	4482.24852	-142.7
9097.63314	4482.24852	-142.6
9097.63314	4482.24852	-142.5
9097.63314	4482.24852	-142.4
9097.63314	4482.24852	-142.3
9097.63314	4482.24852	-142.2
9097.63314	4482.24852	-142.1
9097.63314	4482.24852	-142
9097.63314	4482.24852	-141.9
9097.63314	4482.24852	-141.8
9097.63314	4482.24852	-141.7
9097.63314	4482.24852	-141.6
9097.63314	4482.24852	-141.5
9097.63314	4482.24852	-141.4
9097.63314	4482.24852	-141.3
9097.63314	4482.24852	-141.2
9097.63314	4482.24852	-141.1
9097.63314	4482.24852	-141
9097.63314	4482.24852	-140.9
9097.63314	4482.24852	-140.8
9097.63314	4482.24852	-140.7
9097.63314	4482.24852	-140.6
9097.63314	4482.24852	-140.5
9097.63314	4482.24852	-140.4
9097.63314	4482.24852	-140.3
9097.63314	4482.24852	-140.2
9097.63314	4482.24852	-140.1
9097.63314	4482.24852	-140
9097.63314	4482.24852	-139.9
9097.63314	4482.24852	-139.8
9097.63314	4482.24852	-139.7
9097.63314	4482.24852	-139.6
9097.63314	4482.24852	-139.5
9097.63314	4482.24852	-139.4
9097.63314	4482.24852	-139.3
9097.63314	4482.24852	-139.2
9097.63314	4482.24852	-139.1
9097.63314	4482.24852	-139
9097.63314	4482.24852	-138.9
9097.63314	4482.24852	-138.8
9097.63314	4482.24852	-138.7
9097.63314	4482.24852	-138.6
9097.63314	4482.24852	-138.5
9097.63314	4482.24852	-138.4
9097.63314	4482.24852	-138.3
9097.63314	4482.24852	-138.2
9097.63314	4482.24852	-138.1
9097.63314	4482.24852	-138
9097.63314	4482.24852	-137.9
9097.63314	4482.24852	-137.8
9097.63314	4482.24852	-137.7
9097.63314	4482.24852	-137.6
9097.63314	4482.24852	-137.5
9097.63314	4482.24852	-137.4
9097.63314	4482.24852	-137.3
9097.63314	4482.24852	-137.2
9097.63314	4482.24852	-137.1
9097.63314	4482.24852	-137
9097.63314	4482.24852	-136.9
9097.63314	4482.24852	-136.8
9097.63314	4482.24852	-136.7
9097.63314	4482.24852	-136.6
9097.63314	4482.24852	-136.5
9097.63314	4482.24852	-136.4
9097.63314	4482.24852	-136.3
9097.63314	4482.24852	-136.2
9097.63314	4482.24852	-136.1
9097.63314	4482.24852	-136
9097.63314	4482.24852	-135.9
9097.63314	4482.24852	-135.8
9097.63314	4482.24852	-135.7
9097.63314	4482.24852	-135.6
9097.63314	4482.24852	-135.5
9097.63314	4482.24852	-135.4
9097.63314	4482.24852	-135.3
9097.63314	4482.24852	-135.2
9097.63314	4482.24852	-135.1
9097.63314	4482.24852	-135
9097.63314	4482.24852	-134.9
9097.63314	4482.24852	-134.8
9097.63314	4482.24852	-134.7
9097.63314	4482.24852	-134.6
9097.63314	4482.24852	-134.5
9097.63314	4482.24852	-134.4
9097.63314	4482.24852	-134.3
9097.63314	4482.24852	-134.2
9097.63314	4482.24852	-134.1
9097.63314	4482.24852	-134
9097.63314	4482.24852	-133.9
9097.63314	4482.24852	-133.8
9097.63314	4482.24852	-133.7
9097.63314	4482.24852	-133.6
9097.63314	4482.24852	-133.5
9097.63314	4482.24852	-133.4
9097.63314	4482.24852	-133.3
9097.63314	4482.24852	-133.2
9097.63314	4482.24852	-133.1
9097.63314	4482.24852	-133
9097.63314	4482.24852	-132.9
9097.63314	4482.24852	-132.8
9097.63314	4482.24852	-132.7
9097.63314	4482.24852	-132.6
9097.63314	4482.24852	-132.5
9097.63314	4482.24852	-132.4
9097.63314	4482.24852	-132.3
9097.63314	4482.24852	-132.2
9097.63314	4482.24852	-132.1
9097.63314	4482.24852	-132
9097.63314	4482.24852	-131.9
9097.63314	4482.24852	-131.8
9097.63314	4482.24852	-131.7
9097.63314	4482.24852	-131.6
9097.63314	4482.24852	-131.5
9097.63314	4482.24852	-131.4
9097.63314	4482.24852	-131.3
9097.63314	4482.24852	-131.2
9097.63314	4482.24852	-131.1
9097.63314	4482.24852	-131
9097.63314	4482.24852	-130.9
9097.63314	4482.24852	-130.8
9097.63314	4482.24852	-130.7
9097.63314	4482.24852	-130.6
9097.63314	4482.24852	-130.5
9097.63314	4482.24852	-130.4
9097.63314	4482.24852	-130.3
9097.63314	4482.24852	-130.2
9097.63314	4482.24852	-130.1
9097.63314	4482.24852	-130
9097.63314	4482.24852	-129.9
9097.63314	4482.24852	-129.8
9097.63314	4482.24852	-129.7
9097.63314	4482.24852	-129.6
9097.63314	4482.24852	-129.5
9097.63314	4482.24852	-129.4
9097.63314	4482.24852	-129.3
9097.63314	4482.24852	-129.2
9097.63314	4482.24852	-129.1
9097.63314	4482.24852	-129
9097.63314	4482.24852	-128.9
9097.63314	4482.24852	-128.8
9097.63314	4482.24852	-128.7
9097.63314	4482.24852	-128.6
9097.63314	4482.24852	-128.5
9097.63314	4482.24852	-128.4
9097.63314	4482.24852	-128.3
9097.63314	4482.24852	-128.2
9097.63314	4482.24852	-128.1
9097.63314	4482.24852	-128
9097.63314	4482.24852	-127.9
9097.63314	4482.24852	-127.8
9097.63314	4482.24852	-127.7
9097.63314	4482.24852	-127.6
9097.63314	4482.24852	-127.5
9097.63314	4482.24852	-127.4
9097.63314	4482.24852	-127.3
9097.63314	4482.24852	-127.2
9097.63314	4482.24852	-127.1
9097.63314	4482.24852	-127
9097.63314	4482.24852	-126.9
9097.63314	4482.24852	-126.8
9097.63314	4482.24852	-126.7
9097.63314	4482.24852	-126.6
9097.63314	4482.24852	-126.5
9097.63314	4482.24852	-126.4
9097.63314	4482.24852	-126.3
9097.63314	4482.24852	-126.2
9097.63314	4482.24852	-126.1
9097.63314	4482.24852	-126
9097.63314	4482.24852	-125.9
9097.63314	4482.24852	-125.8
9097.63314	4482.24852	-125.7
9097.63314	4482.24852	-125.6
9097.63314	4482.24852	-125.5
9097.63314	4482.24852	-125.4
9097.63314	4482.24852	-125.3
9097.63314	4482.24852	-125.2
9097.63314	4482.24852	-125.1
9097.63314	4482.24852	-125
9097.63314	4482.24852	-124.9
9097.63314	4482.24852	-124.8
9097.63314	4482.24852	-124.7
9097.63314	4482.24852	-124.6
9097.63314	4482.24852	-124.5
9097.63314	4482.24852	-124.4
9097.63314	4482.24852	-124.3
9097.63314	4482.24852	-124.2
9097.63314	4482.24852	-124.1
9097.63314	4482.24852	-124
9097.63314	4482.24852	-123.9
9097.63314	4482.24852	-123.8
9097.63314	4482.24852	-123.7
9097.63314	4482.24852	-123.6
9097.63314	4482.24852	-123.5
9097.63314	4482.24852	-123.4
9097.63314	4482.24852	-123.3
9097.63314	4482.24852	-123.2
9097.63314	4482.24852	-123.1
9097.63314	4482.24852	-123
9097.63314	4482.24852	-122.9
9097.63314	4482.24852	-122.8
9097.63314	4482.24852	-122.7
9097.63314	4482.24852	-122.6
9097.63314	4482.24852	-122.5
9097.63314	4482.24852	-122.4
9097.63314	4482.24852	-122.3
9097.63314	4482.24852	-122.2
9097.63314	4482.24852	-122.1
9097.63314	4482.24852	-122
9097.63314	4482.24852	-121.9
9097.63314	4482.24852	-121.8
9097.63314	4482.24852	-121.7
9097.63314	4482.24852	-121.6
9097.63314	4482.24852	-121.5
9097.63314	4482.24852	-121.4
9097.63314	4482.24852	-121.3
9097.63314	4482.24852	-121.2
9097.63314	4482.24852	-121.1
9097.63314	4482.24852	-121
9097.63314	4482.24852	-120.9
9097.63314	4482.24852	-120.8
9097.63314	4482.24852	-120.7
9097.63314	4482.24852	-120.6
9097.63314	4482.24852	-120.5
9097.63314	4482.24852	-120.4
9097.63314	4482.24852	-120.3
9097.63314	4482.24852	-120.2
9097.63314	4482.24852	-120.1
9097.63314	4482.24852	-120
9097.63314	4482.24852	-119.9
9097.63314	4482.24852	-119.8
9097.63314	4482.24852	-119.7
9097.63314	4482.24852	-119.6
9097.63314	4482.24852	-119.5
9097.63314	4482.24852	-119.4
9097.63314	4482.24852	-119.3
9097.63314	4482.24852	-119.2
9097.63314	4482.24852	-119.1
9097.63314	4482.24852	-119
9097.63314	4482.24852	-118.9
9097.63314	4482.24852	-118.8
9097.63314	4482.24852	-118.7
9097.63314	4482.24852	-118.6
9097.63314	4482.24852	-118.5
9097.63314	4482.24852	-118.4
9097.63314	4482.24852	-118.3
9097.63314	4482.24852	-118.2
9097.63314	4482.24852	-118.1
9097.63314	4482.24852	-118
9097.63314	4482.24852	-117.9
9097.63314	4482.24852	-117.8
9097.63314	4482.24852	-117.7
9097.63314	4482.24852	-117.6
9097.63314	4482.24852	-117.5
9097.63314	4482.24852	-117.4
9097.63314	4482.24852	-117.3
9097.63314	4482.24852	-117.2
9097.63314	4482.24852	-117.1
9097.63314	4482.24852	-117
9097.63314	4482.24852	-116.9
9097.63314	4482.24852	-116.8
9097.63314	4482.24852	-116.7
9097.63314	4482.24852	-116.6
9097.63314	4482.24852	-116.5
9097.63314	4482.24852	-116.4
9097.63314	4482.24852	-116.3
9097.63314	4482.24852	-116.2
9097.63314	4482.24852	-116.1
9097.63314	4482.24852	-116
9097.63314	4482.24852	-115.9
9097.63314	4482.24852	-115.8
9097.63314	4482.24852	-115.7
9097.63314	4482.24852	-115.6
9097.63314	4482.24852	-115.5
9097.63314	4482.24852	-115.4
9097.63314	4482.24852	-115.3
9097.63314	4482.24852	-115.2
9097.63314	4482.24852	-115.1
9097.63314	4482.24852	-115
9097.63314	4482.24852	-114.9
9097.63314	4482.24852	-114.8
9097.63314	4482.24852	-114.7
9097.63314	4482.24852	-114.6
9097.63314	4482.24852	-114.5
9097.63314	4482.24852	-114.4
9097.63314	4482.24852	-114.3
9097.63314	4482.24852	-114.2
9097.63314	4482.24852	-114.1
9097.63314	4482.24852	-114
9097.63314	4482.24852	-113.9
9097.63314	4482.24852	-113.8
9097.63314	4482.24852	-113.7
9097.63314	4482.24852	-113.6
9097.63314	4482.24852	-113.5
9097.63314	4482.24852	-113.4
9097.63314	4482.24852	-113.3
9097.63314	4482.24852	-113.2
9097.63314	4482.24852	-113.1
9097.63314	4482.24852	-113
9097.63314	4482.24852	-112.9
9097.63314	4482.24852	-112.8
9097.63314	4482.24852	-112.7
9097.63314	4482.24852	-112.6
9097.63314	4482.24852	-112.5
9097.63314	4482.24852	-112.4
9097.63314	4482.24852	-112.3
9097.63314	4482.24852	-112.2
9097.63314	4482.24852	-112.1
9097.63314	4482.24852	-112
9097.63314	4482.24852	-111.9
9097.63314	4482.24852	-111.8
9097.63314	4482.24852	-111.7
9097.63314	4482.24852	-111.6
9097.63314	4482.24852	-111.5
9097.63314	4482.24852	-111.4
9097.63314	4482.24852	-111.3
9097.63314	4482.24852	-111.2
9097.63314	4482.24852	-111.1
9097.63314	4482.24852	-111
9097.63314	4482.24852	-110.9
9097.63314	4482.24852	-110.8
9097.63314	4482.24852	-110.7
9097.63314	4482.24852	-110.6
9097.63314	4482.24852	-110.5
9097.63314	4482.24852	-110.4
9097.63314	4482.24852	-110.3
9097.63314	4482.24852	-110.2
9097.63314	4482.24852	-110.1
9097.63314	4482.24852	-110
9097.63314	4482.24852	-109.9
9097.63314	4482.24852	-109.8
9097.63314	4482.24852	-109.7
9097.63314	4482.24852	-109.6
9097.63314	4482.24852	-109.5
9097.63314	4482.24852	-109.4
9097.63314	4482.24852	-109.3
9097.63314	4482.24852	-109.2
9097.63314	4482.24852	-109.1
9097.63314	4482.24852	-109
9097.63314	4482.24852	-108.9
9097.63314	4482.24852	-108.8
9097.63314	4482.24852	-108.7
9097.63314	4482.24852	-108.6
9097.63314	4482.24852	-108.5
9097.63314	4482.24852	-108.4
9097.63314	4482.24852	-108.3
9097.63314	4482.24852	-108.2
9097.63314	4482.24852	-108.1
9097.63314	4482.24852	-108
9097.63314	4482.24852	-107.9
9097.63314	4482.24852	-107.8
9097.63314	4482.24852	-107.7
9097.63314	4482.24852	-107.6
9097.63314	4482.24852	-107.5
9097.63314	4482.24852	-107.4
9097.63314	4482.24852	-107.3
9097.63314	4482.24852	-107.2
9097.63314	4482.24852	-107.1
9097.63314	4482.24852	-107
9097.63314	4482.24852	-106.9
9097.63314	4482.24852	-106.8
9097.63314	4482.24852	-106.7
9097.63314	4482.24852	-106.6
9097.63314	4482.24852	-106.5
9097.63314	4482.24852	-106.4
9097.63314	4482.24852	-106.3
9097.63314	4482.24852	-106.2
9097.63314	4482.24852	-106.1
9097.63314	4482.24852	-106
9097.63314	4482.24852	-105.9
9097.63314	4482.24852	-105.8
9097.63314	4482.24852	-105.7
9097.63314	4482.24852	-105.6
9097.63314	4482.24852	-105.5
9097.63314	4482.24852	-105.4
9097.63314	4482.24852	-105.3
9097.63314	4482.24852	-105.2
9097.63314	4482.24852	-105.1
9097.63314	4482.24852	-105
9097.63314	4482.24852	-104.9
9097.63314	4482.24852	-104.8
9097.63314	4482.24852	-104.7
9097.63314	4482.24852	-104.6
9097.63314	4482.24852	-104.5
9097.63314	4482.24852	-104.4
9097.63314	4482.24852	-104.3
9097.63314	4482.24852	-104.2
9097.63314	4482.24852	-104.1
9097.63314	4482.24852	-104
9097.63314	4482.24852	-103.9
9097.63314	4482.24852	-103.8
9097.63314	4482.24852	-103.7
9097.63314	4482.24852	-103.6
9097.63314	4482.24852	-103.5
9097.63314	4482.24852	-103.4
9097.63314	4482.24852	-103.3
9097.63314	4482.24852	-103.2
9097.63314	4482.24852	-103.1
9097.63314	4482.24852	-103
9097.63314	4482.24852	-102.9
9097.63314	4482.24852	-102.8
9097.63314	4482.24852	-102.7
9097.63314	4482.24852	-102.6
9097.63314	4482.24852	-102.5
9097.63314	4482.24852	-102.4
9097.63314	4482.24852	-102.3
9097.63314	4482.24852	-102.2
9097.63314	4482.24852	-102.1
9097.63314	4482.24852	-102
9097.63314	4482.24852	-101.9
9097.63314	4482.24852	-101.8
9097.63314	4482.24852	-101.7
9097.63314	4482.24852	-101.6
9097.63314	4482.24852	-101.5
9097.63314	4482.24852	-101.4
9097.63314	4482.24852	-101.3
9097.63314	4482.24852	-101.2
9097.63314	4482.24852	-101.1
9097.63314	4482.24852	-101
9097.63314	4482.24852	-100.9
9097.63314	4482.24852	-100.8
9097.63314	4482.24852	-100.7
9097.63314	4482.24852	-100.6
9097.63314	4482.24852	-100.5
9097.63314	4482.24852	-100.4
9097.63314	4482.24852	-100.3
9097.63314	4482.24852	-100.2
9097.63314	4482.24852	-100.1
9097.63314	4482.24852	-100
9097.63314	4482.24852	-99.9
9097.63314	4482.24852	-99.8
9097.63314	4482.24852	-99.7
9097.63314	4482.24852	-99.6
9097.63314	4482.24852	-99.5
9097.63314	4482.24852	-99.4
9097.63314	4482.24852	-99.3
9097.63314	4482.24852	-99.2
9097.63314	4482.24852	-99.1
9097.63314	4482.24852	-99
9097.63314	4482.24852	-98.9
9097.63314	4482.24852	-98.8
9097.63314	4482.24852	-98.7
9097.63314	4482.24852	-98.6
9097.63314	4482.24852	-98.5
9097.63314	4482.24852	-98.4
9097.63314	4482.24852	-98.3
9097.63314	4482.24852	-98.2
9097.63314	4482.24852	-98.1
9097.63314	4482.24852	-98
9097.63314	4482.24852	-97.9
9097.63314	4482.24852	-97.8
9097.63314	4482.24852	-97.7
9097.63314	4482.24852	-97.6
9097.63314	4482.24852	-97.5
9097.63314	4482.24852	-97.4
9097.63314	4482.24852	-97.3
9097.63314	4482.24852	-97.2
9097.63314	4482.24852	-97.1
9097.63314	4482.24852	-97
9097.63314	4482.24852	-96.9
9097.63314	4482.24852	-96.8
9097.63314	4482.24852	-96.7
9097.63314	4482.24852	-96.6
9097.63314	4482.24852	-96.5
9097.63314	4482.24852	-96.4
9097.63314	4482.24852	-96.3
9097.63314	4482.24852	-96.2
9097.63314	4482.24852	-96.1
9097.63314	4482.24852	-96
9097.63314	4482.24852	-95.9
9097.63314	4482.24852	-95.8
9097.63314	4482.24852	-95.7
9097.63314	4482.24852	-95.6
9097.63314	4482.24852	-95.5
9097.63314	4482.24852	-95.4
9097.63314	4482.24852	-95.3
9097.63314	4482.24852	-95.2
9097.63314	4482.24852	-95.1
9097.63314	4482.24852	-95
9097.63314	4482.24852	-94.9
9097.63314	4482.24852	-94.8
9097.63314	4482.24852	-94.7
9097.63314	4482.24852	-94.6
9097.63314	4482.24852	-94.5
9097.63314	4482.24852	-94.4
9097.63314	4482.24852	-94.3
9097.63314	4482.24852	-94.2
9097.63314	4482.24852	-94.1
9097.63314	4482.24852	-94
9097.63314	4482.24852	-93.9
9097.63314	4482.24852	-93.8
9097.63314	4482.24852	-93.7
9097.63314	4482.24852	-93.6
9097.63314	4482.24852	-93.5
9097.63314	4482.24852	-93.4
9097.63314	4482.24852	-93.3
9097.63314	4482.24852	-93.2
9097.63314	4482.24852	-93.1
9097.63314	4482.24852	-93
9097.63314	4482.24852	-92.9
9097.63314	4482.24852	-92.8
9097.63314	4482.24852	-92.7
9097.63314	4482.24852	-92.6
9097.63314	4482.24852	-92.5
9097.63314	4482.24852	-92.4
9097.63314	4482.24852	-92.3
9097.63314	4482.24852	-92.2
9097.63314	4482.24852	-92.1
9097.63314	4482.24852	-92
9097.63314	4482.24852	-91.9
9097.63314	4482.24852	-91.8
9097.63314	4482.24852	-91.7
9097.63314	4482.24852	-91.6
9097.63314	4482.24852	-91.5
9097.63314	4482.24852	-91.4
9097.63314	4482.24852	-91.3
9097.63314	4482.24852	-91.2
9097.63314	4482.24852	-91.1
9097.63314	4482.24852	-91
9097.63314	4482.24852	-90.9
9097.63314	4482.24852	-90.8
9097.63314	4482.24852	-90.7
9097.63314	4482.24852	-90.6
9097.63314	4482.24852	-90.5
9097.63314	4482.24852	-90.4
9097.63314	4482.24852	-90.3
9097.63314	4482.24852	-90.2
9097.63314	4482.24852	-90.1
9097.63314	4482.24852	-90
9097.63314	4482.24852	-89.9
9097.63314	4482.24852	-89.8
9097.63314	4482.24852	-89.7
9097.63314	4482.24852	-89.6
9097.63314	4482.24852	-89.5
9097.63314	4482.24852	-89.4
9097.63314	4482.24852	-89.3
9097.63314	4482.24852	-89.2
9097.63314	4482.24852	-89.1
9097.63314	4482.24852	-89
9097.63314	4482.24852	-88.9
9097.63314	4482.24852	-88.8
9097.63314	4482.24852	-88.7
9097.63314	4482.24852	-88.6
9097.63314	4482.24852	-88.5
9097.63314	4482.24852	-88.4
9097.63314	4482.24852	-88.3
9097.63314	4482.24852	-88.2
9097.63314	4482.24852	-88.1
9097.63314	4482.24852	-88
9097.63314	4482.24852	-87.9
9097.63314	4482.24852	-87.8
9097.63314	4482.24852	-87.7
9097.63314	4482.24852	-87.6
9097.63314	4482.24852	-87.5
9097.63314	4482.24852	-87.4
9097.63314	4482.24852	-87.3
9097.63314	4482.24852	-87.2
9097.63314	4482.24852	-87.1
9097.63314	4482.24852	-87
9097.63314	4482.24852	-86.9
9097.63314	4482.24852	-86.8
9097.63314	4482.24852	-86.7
9097.63314	4482.24852	-86.6
9097.63314	4482.24852	-86.5
9097.63314	4482.24852	-86.4
9097.63314	4482.24852	-86.3
9097.63314	4482.24852	-86.2
9097.63314	4482.24852	-86.1
9097.63314	4482.24852	-86
9097.63314	4482.24852	-85.9
9097.63314	4482.24852	-85.8
9097.63314	4482.24852	-85.7
9097.63314	4482.24852	-85.6
9097.63314	4482.24852	-85.5
9097.63314	4482.24852	-85.4
9097.63314	4482.24852	-85.3
9097.63314	4482.24852	-85.2
9097.63314	4482.24852	-85.1
9097.63314	4482.24852	-85
9097.63314	4482.24852	-84.9
9097.63314	4482.24852	-84.8
9097.63314	4482.24852	-84.7
9097.63314	4482.24852	-84.6
9097.63314	4482.24852	-84.5
9097.63314	4482.24852	-84.4
9097.63314	4482.24852	-84.3
9097.63314	4482.24852	-84.2
9097.63314	4482.24852	-84.1
9097.63314	4482.24852	-84
9097.63314	4482.24852	-83.9
9097.63314	4482.24852	-83.8
9097.63314	4482.24852	-83.7
9097.63314	4482.24852	-83.6
9097.63314	4482.24852	-83.5
9097.63314	4482.24852	-83.4
9097.63314	4482.24852	-83.3
9097.63314	4482.24852	-83.2
9097.63314	4482.24852	-83.1
9097.63314	4482.24852	-83
9097.63314	4482.24852	-82.9
9097.63314	4482.24852	-82.8
9097.63314	4482.24852	-82.7
9097.63314	4482.24852	-82.6
9097.63314	4482.24852	-82.5
9097.63314	4482.24852	-82.4
9097.63314	4482.24852	-82.3
9097.63314	4482.24852	-82.2
9097.63314	4482.24852	-82.1
9097.63314	4482.24852	-82
9097.63314	4482.24852	-81.9
9097.63314	4482.24852	-81.8
9097.63314	4482.24852	-81.7
9097.63314	4482.24852	-81.6
9097.63314	4482.24852	-81.5
9097.63314	4482.24852	-81.4
9097.63314	4482.24852	-81.3
9097.63314	4482.24852	-81.2
9097.63314	4482.24852	-81.1
9097.63314	4482.24852	-81
9097.63314	4482.24852	-80.9
9097.63314	4482.24852	-80.8
9097.63314	4482.24852	-80.7
9097.63314	4482.24852	-80.6
9097.63314	4482.24852	-80.5
9097.63314	4482.24852	-80.4
9097.63314	4482.24852	-80.3
9097.63314	4482.24852	-80.2
9097.63314	4482.24852	-80.1
9097.63314	4482.24852	-80
9097.63314	4482.24852	-79.9
9097.63314	4482.24852	-79.8
9097.63314	4482.24852	-79.7
9097.63314	4482.24852	-79.6
9097.63314	4482.24852	-79.5
9097.63314	4482.24852	-79.4
9097.63314	4482.24852	-79.3
9097.63314	4482.24852	-79.2
9097.63314	4482.24852	-79.1
9097.63314	4482.24852	-79
9097.63314	4482.24852	-78.9
9097.63314	4482.24852	-78.8
9097.63314	4482.24852	-78.7
9097.63314	4482.24852	-78.6
9097.63314	4482.24852	-78.5
9097.63314	4482.24852	-78.4
9097.63314	4482.24852	-78.3
9097.63314	4482.24852	-78.2
9097.63314	4482.24852	-78.1
9097.63314	4482.24852	-78
9097.63314	4482.24852	-77.9
9097.63314	4482.24852	-77.8
9097.63314	4482.24852	-77.7
9097.63314	4482.24852	-77.6
9097.63314	4482.24852	-77.5
9097.63314	4482.24852	-77.4
9097.63314	4482.24852	-77.3
9097.63314	4482.24852	-77.2
9097.63314	4482.24852	-77.1
9097.63314	4482.24852	-77
9097.63314	4482.24852	-76.9
9097.63314	4482.24852	-76.8
9097.63314	4482.24852	-76.7
9097.63314	4482.24852	-76.6
9097.63314	4482.24852	-76.5
9097.63314	4482.24852	-76.4
9097.63314	4482.24852	-76.3
9097.63314	4482.24852	-76.2
9097.63314	4482.24852	-76.1
9097.63314	4482.24852	-76
9097.63314	4482.24852	-75.9
9097.63314	4482.24852	-75.8
9097.63314	4482.24852	-75.7
9097.63314	4482.24852	-75.6
9097.63314	4482.24852	-75.5
9097.63314	4482.24852	-75.4
9097.63314	4482.24852	-75.3
9097.63314	4482.24852	-75.2
9097.63314	4482.24852	-75.1
9097.63314	4482.24852	-75
9097.63314	4482.24852	-74.9
9097.63314	4482.24852	-74.8
9097.63314	4482.24852	-74.7
9097.63314	4482.24852	-74.6
9097.63314	4482.24852	-74.5
9097.63314	4482.24852	-74.4
9097.63314	4482.24852	-74.3
9097.63314	4482.24852	-74.2
9097.63314	4482.24852	-74.1
9097.63314	4482.24852	-74
9097.63314	4482.24852	-73.9
9097.63314	4482.24852	-73.8
9097.63314	4482.24852	-73.7
9097.63314	4482.24852	-73.6
9097.63314	4482.24852	-73.5
9097.63314	4482.24852	-73.4
9097.63314	4482.24852	-73.3
9097.63314	4482.24852	-73.2
9097.63314	4482.24852	-73.1
9097.63314	4482.24852	-73
9097.63314	4482.24852	-72.9
9097.63314	4482.24852	-72.8
9097.63314	4482.24852	-72.7
9097.63314	4482.24852	-72.6
9097.63314	4482.24852	-72.5
9097.63314	4482.24852	-72.4
9097.63314	4482.24852	-72.3
9097.63314	4482.24852	-72.2
9097.63314	4482.24852	-72.1
9097.63314	4482.24852	-72
9097.63314	4482.24852	-71.9
9097.63314	4482.24852	-71.8
9097.63314	4482.24852	-71.7
9097.63314	4482.24852	-71.6
9097.63314	4482.24852	-71.5
9097.63314	4482.24852	-71.4
9097.63314	4482.24852	-71.3
9097.63314	4482.24852	-71.2
9097.63314	4482.24852	-71.1
9097.63314	4482.24852	-71
9097.63314	4482.24852	-70.9
9097.63314	4482.24852	-70.8
9097.63314	4482.24852	-70.7
9097.63314	4482.24852	-70.6
9097.63314	4482.24852	-70.5
9097.63314	4482.24852	-70.4
9097.63314	4482.24852	-70.3
9097.63314	4482.24852	-70.2
9097.63314	4482.24852	-70.1
9097.63314	4482.24852	-70
9097.63314	4482.24852	-69.9
9097.63314	4482.24852	-69.8
9097.63314	4482.24852	-69.7
9097.63314	4482.24852	-69.6
9097.63314	4482.24852	-69.5
9097.63314	4482.24852	-69.4
9097.63314	4482.24852	-69.3
9097.63314	4482.24852	-69.2
9097.63314	4482.24852	-69.1
9097.63314	4482.24852	-69
9097.63314	4482.24852	-68.9
9097.63314	4482.24852	-68.8
9097.63314	4482.24852	-68.7
9097.63314	4482.24852	-68.6
9097.63314	4482.24852	-68.5
9097.63314	4482.24852	-68.4
9097.63314	4482.24852	-68.3
9097.63314	4482.24852	-68.2
9097.63314	4482.24852	-68.1
9097.63314	4482.24852	-68
9097.63314	4482.24852	-67.9
9097.63314	4482.24852	-67.8
9097.63314	4482.24852	-67.7
9097.63314	4482.24852	-67.6
9097.63314	4482.24852	-67.5
9097.63314	4482.24852	-67.4
9097.63314	4482.24852	-67.3
9097.63314	4482.24852	-67.2
9097.63314	4482.24852	-67.1
9097.63314	4482.24852	-67
9097.63314	4482.24852	-66.9
9097.63314	4482.24852	-66.8
9097.63314	4482.24852	-66.7
9097.63314	4482.24852	-66.6
9097.63314	4482.24852	-66.5
9097.63314	4482.24852	-66.4
9097.63314	4482.24852	-66.3
9097.63314	4482.24852	-66.2
9097.63314	4482.24852	-66.1
9097.63314	4482.24852	-66
9097.63314	4482.24852	-65.9
9097.63314	4482.24852	-65.8
9097.63314	4482.24852	-65.7
9097.63314	4482.24852	-65.6
9097.63314	4482.24852	-65.5
9097.63314	4482.24852	-65.4
9097.63314	4482.24852	-65.3
9097.63314	4482.24852	-65.2
9097.63314	4482.24852	-65.1
9097.63314	4482.24852	-65
9097.63314	4482.24852	-64.9
9097.63314	4482.24852	-64.8
9097.63314	4482.24852	-64.7
9097.63314	4482.24852	-64.6
9097.63314	4482.24852	-64.5
9097.63314	4482.24852	-64.4
9097.63314	4482.24852	-64.3
9097.63314	4482.24852	-64.2
9097.63314	4482.24852	-64.1
9097.63314	4482.24852	-64
9097.63314	4482.24852	-63.9
9097.63314	4482.24852	-63.8
9097.63314	4482.24852	-63.7
9097.63314	4482.24852	-63.6
9097.63314	4482.24852	-63.5
9097.63314	4482.24852	-63.4
9097.63314	4482.24852	-63.3
9097.63314	4482.24852	-63.2
9097.63314	4482.24852	-63.1
9097.63314	4482.24852	-63
9097.63314	4482.24852	-62.9
9097.63314	4482.24852	-62.8
9097.63314	4482.24852	-62.7
9097.63314	4482.24852	-62.6
9097.63314	4482.24852	-62.5
9097.63314	4482.24852	-62.4
9097.63314	4482.24852	-62.3
9097.63314	4482.24852	-62.2
9097.63314	4482.24852	-62.1
9097.63314	4482.24852	-62
9097.63314	4482.24852	-61.9
9097.63314	4482.24852	-61.8
9097.63314	4482.24852	-61.7
9097.63314	4482.24852	-61.6
9097.63314	4482.24852	-61.5
9097.63314	4482.24852	-61.4
9097.63314	4482.24852	-61.3
9097.63314	4482.24852	-61.2
9097.63314	4482.24852	-61.1
9097.63314	4482.24852	-61
9097.63314	4482.24852	-60.9
9097.63314	4482.24852	-60.8
9097.63314	4482.24852	-60.7
9097.63314	4482.24852	-60.6
9097.63314	4482.24852	-60.5
9097.63314	4482.24852	-60.4
9097.63314	4482.24852	-60.3
9097.63314	4482.24852	-60.2
9097.63314	4482.24852	-60.1
9097.63314	4482.24852	-60
9097.63314	4482.24852	-59.9
9097.63314	4482.24852	-59.8
9097.63314	4482.24852	-59.7
9097.63314	4482.24852	-59.6
9097.63314	4482.24852	-59.5
9097.63314	4482.24852	-59.4
9097.63314	4482.24852	-59.3
9097.63314	4482.24852	-59.2
9097.63314	4482.24852	-59.1
9097.63314	4482.24852	-59
9097.63314	4482.24852	-58.9
9097.63314	4482.24852	-58.8
9097.63314	4482.24852	-58.7
9097.63314	4482.24852	-58.6
9097.63314	4482.24852	-58.5
9097.63314	4482.24852	-58.4
9097.63314	4482.24852	-58.3
9097.63314	4482.24852	-58.2
9097.63314	4482.24852	-58.1
9097.63314	4482.24852	-58
9097.63314	4482.24852	-57.9
9097.63314	4482.24852	-57.8
9097.63314	4482.24852	-57.7
9097.63314	4482.24852	-57.6
9097.63314	4482.24852	-57.5
9097.63314	4482.24852	-57.4
9097.63314	4482.24852	-57.3
9097.63314	4482.24852	-57.2
9097.63314	4482.24852	-57.1
9097.63314	4482.24852	-57
9097.63314	4482.24852	-56.9
9097.63314	4482.24852	-56.8
9097.63314	4482.24852	-56.7
9097.63314	4482.24852	-56.6
9097.63314	4482.24852	-56.5
9097.63314	4482.24852	-56.4
9097.63314	4482.24852	-56.3
9097.63314	4482.24852	-56.2
9097.63314	4482.24852	-56.1
9097.63314	4482.24852	-56
9097.63314	4482.24852	-55.9
9097.63314	4482.24852	-55.8
9097.63314	4482.24852	-55.7
9097.63314	4482.24852	-55.6
9097.63314	4482.24852	-55.5
9097.63314	4482.24852	-55.4
9097.63314	4482.24852	-55.3
9097.63314	4482.24852	-55.2
9097.63314	4482.24852	-55.1
9097.63314	4482.24852	-55
9097.63314	4482.24852	-54.9
9097.63314	4482.24852	-54.8
9097.63314	4482.24852	-54.7
9097.63314	4482.24852	-54.6
9097.63314	4482.24852	-54.5
9097.63314	4482.24852	-54.4
9097.63314	4482.24852	-54.3
9097.63314	4482.24852	-54.2
9097.63314	4482.24852	-54.1
9097.63314	4482.24852	-54
9097.63314	4482.24852	-53.9
9097.63314	4482.24852	-53.8
9097.63314	4482.24852	-53.7
9097.63314	4482.24852	-53.6
9097.63314	4482.24852	-53.5
9097.63314	4482.24852	-53.4
9097.63314	4482.24852	-53.3
9097.63314	4482.24852	-53.2
9097.63314	4482.24852	-53.1
9097.63314	4482.24852	-53
9097.63314	4482.24852	-52.9
9097.63314	4482.24852	-52.8
9097.63314	4482.24852	-52.7
9097.63314	4482.24852	-52.6
9097.63314	4482.24852	-52.5
9097.63314	4482.24852	-52.4
9097.63314	4482.24852	-52.3
9097.63314	4482.24852	-52.2
9097.63314	4482.24852	-52.1
9097.63314	4482.24852	-52
9097.63314	4482.24852	-51.9
9097.63314	4482.24852	-51.8
9097.63314	4482.24852	-51.7
9097.63314	4482.24852	-51.6
9097.63314	4482.24852	-51.5
9097.63314	4482.24852	-51.4
9097.63314	4482.24852	-51.3
9097.63314	4482.24852	-51.2
9097.63314	4482.24852	-51.1
9097.63314	4482.24852	-51
9097.63314	4482.24852	-50.9
9097.63314	4482.24852	-50.8
9097.63314	4482.24852	-50.7
9097.63314	4482.24852	-50.6
9097.63314	4482.24852	-50.5
9097.63314	4482.24852	-50.4
9097.63314	4482.24852	-50.3
9097.63314	4482.24852	-50.2
9097.63314	4482.24852	-50.1
9097.63314	4482.24852	-50
9097.63314	4482.24852	-49.9
9097.63314	4482.24852	-49.8
9097.63314	4482.24852	-49.7
9097.63314	4482.24852	-49.6
9097.63314	4482.24852	-49.5
9097.63314	4482.24852	-49.4
9097.63314	4482.24852	-49.3
9097.63314	4482.24852	-49.2
9097.63314	4482.24852	-49.1
9097.63314	4482.24852	-49
9097.63314	4482.24852	-48.9
9097.63314	4482.24852	-48.8
9097.63314	4482.24852	-48.7
9097.63314	4482.24852	-48.6
9097.63314	4482.24852	-48.5
9097.63314	4482.24852	-48.4
9097.63314	4482.24852	-48.3
9097.63314	4482.24852	-48.2
9097.63314	4482.24852	-48.1
9097.63314	4482.24852	-48
9097.63314	4482.24852	-47.9
9097.63314	4482.24852	-47.8
9097.63314	4482.24852	-47.7
9097.63314	4482.24852	-47.6
9097.63314	4482.24852	-47.5
9097.63314	4482.24852	-47.4
9097.63314	4482.24852	-47.3
9097.63314	4482.24852	-47.2
9097.63314	4482.24852	-47.1
9097.63314	4482.24852	-47
9097.63314	4482.24852	-46.9
9097.63314	4482.24852	-46.8
9097.63314	4482.24852	-46.7
9097.63314	4482.24852	-46.6
9097.63314	4482.24852	-46.5
9097.63314	4482.24852	-46.4
9097.63314	4482.24852	-46.3
9097.63314	4482.24852	-46.2
9097.63314	4482.24852	-46.1
9097.63314	4482.24852	-46
9097.63314	4482.24852	-45.9
9097.63314	4482.24852	-45.8
9097.63314	4482.24852	-45.7
9097.63314	4482.24852	-45.6
9097.63314	4482.24852	-45.5
9097.63314	4482.24852	-45.4
9097.63314	4482.24852	-45.3
9097.63314	4482.24852	-45.2
9097.63314	4482.24852	-45.1
9097.63314	4482.24852	-45
9097.63314	4482.24852	-44.9
9097.63314	4482.24852	-44.8
9097.63314	4482.24852	-44.7
9097.63314	4482.24852	-44.6
9097.63314	4482.24852	-44.5
9097.63314	4482.24852	-44.4
9097.63314	4482.24852	-44.3
9097.63314	4482.24852	-44.2
9097.63314	4482.24852	-44.1
9097.63314	4482.24852	-44
9097.63314	4482.24852	-43.9
9097.63314	4482.24852	-43.8
9097.63314	4482.24852	-43.7
9097.63314	4482.24852	-43.6
9097.63314	4482.24852	-43.5
9097.63314	4482.24852	-43.4
9097.63314	4482.24852	-43.3
9097.63314	4482.24852	-43.2
9097.63314	4482.24852	-43.1
9097.63314	4482.24852	-43
9097.63314	4482.24852	-42.9
9097.63314	4482.24852	-42.8
9097.63314	4482.24852	-42.7
9097.63314	4482.24852	-42.6
9097.63314	4482.24852	-42.5
9097.63314	4482.24852	-42.4
9097.63314	4482.24852	-42.3
9097.63314	4482.24852	-42.2
9097.63314	4482.24852	-42.1
9097.63314	4482.24852	-42
9097.63314	4482.24852	-41.9
9097.63314	4482.24852	-41.8
9097.63314	4482.24852	-41.7
9097.63314	4482.24852	-41.6
9097.63314	4482.24852	-41.5
9097.63314	4482.24852	-41.4
9097.63314	4482.24852	-41.3
9097.63314	4482.24852	-41.2
9097.63314	4482.24852	-41.1
9097.63314	4482.24852	-41
9097.63314	4482.24852	-40.9
9097.63314	4482.24852	-40.8
9097.63314	4482.24852	-40.7
9097.63314	4482.24852	-40.6
9097.63314	4482.24852	-40.5
9097.63314	4482.24852	-40.4
9097.63314	4482.24852	-40.3
9097.63314	4482.24852	-40.2
9097.63314	4482.24852	-40.1
9097.63314	4482.24852	-40
9097.63314	4482.24852	-39.9
9097.63314	4482.24852	-39.8
9097.63314	4482.24852	-39.7
9097.63314	4482.24852	-39.6
9097.63314	4482.24852	-39.5
9097.63314	4482.24852	-39.4
9097.63314	4482.24852	-39.3
9097.63314	4482.24852	-39.2
9097.63314	4482.24852	-39.1
9097.63314	4482.24852	-39
9097.63314	4482.24852	-38.9
9097.63314	4482.24852	-38.8
9097.63314	4482.24852	-38.7
9097.63314	4482.24852	-38.6
9097.63314	4482.24852	-38.5
9097.63314	4482.24852	-38.4
9097.63314	4482.24852	-38.3
9097.63314	4482.24852	-38.2
9097.63314	4482.24852	-38.1
9097.63314	4482.24852	-38
9097.63314	4482.24852	-37.9
9097.63314	4482.24852	-37.8
9097.63314	4482.24852	-37.7
9097.63314	4482.24852	-37.6
9097.63314	4482.24852	-37.5
9097.63314	4482.24852	-37.4
9097.63314	4482.24852	-37.3
9097.63314	4482.24852	-37.2
9097.63314	4482.24852	-37.1
9097.63314	4482.24852	-37
9097.63314	4482.24852	-36.9
9097.63314	4482.24852	-36.8
9097.63314	4482.24852	-36.7
9097.63314	4482.24852	-36.6
9097.63314	4482.24852	-36.5
9097.63314	4482.24852	-36.4
9097.63314	4482.24852	-36.3
9097.63314	4482.24852	-36.2
9097.63314	4482.24852	-36.1
9097.63314	4482.24852	-36
9097.63314	4482.24852	-35.9
9097.63314	4482.24852	-35.8
9097.63314	4482.24852	-35.7
9097.63314	4482.24852	-35.6
9097.63314	4482.24852	-35.5
9097.63314	4482.24852	-35.4
9097.63314	4482.24852	-35.3
9097.63314	4482.24852	-35.2
9097.63314	4482.24852	-35.1
9097.63314	4482.24852	-35
9097.63314	4482.24852	-34.9
9097.63314	4482.24852	-34.8
9097.63314	4482.24852	-34.7
9097.63314	4482.24852	-34.6
9097.63314	4482.24852	-34.5
9097.63314	4482.24852	-34.4
9097.63314	4482.24852	-34.3
9097.63314	4482.24852	-34.2
9097.63314	4482.24852	-34.1
9097.63314	4482.24852	-34
9097.63314	4482.24852	-33.9
9097.63314	4482.24852	-33.8
9097.63314	4482.24852	-33.7
9097.63314	4482.24852	-33.6
9097.63314	4482.24852	-33.5
9097.63314	4482.24852	-33.4
9097.63314	4482.24852	-33.3
9097.63314	4482.24852	-33.2
9097.63314	4482.24852	-33.1
9097.63314	4482.24852	-33
9097.63314	4482.24852	-32.9
9097.63314	4482.24852	-32.8
9097.63314	4482.24852	-32.7
9097.63314	4482.24852	-32.6
9097.63314	4482.24852	-32.5
9097.63314	4482.24852	-32.4
9097.63314	4482.24852	-32.3
9097.63314	4482.24852	-32.2
9097.63314	4482.24852	-32.1
9097.63314	4482.24852	-32
9097.63314	4482.24852	-31.9
9097.63314	4482.24852	-31.8
9097.63314	4482.24852	-31.7
9097.63314	4482.24852	-31.6
9097.63314	4482.24852	-31.5
9097.63314	4482.24852	-31.4
9097.63314	4482.24852	-31.3
9097.63314	4482.24852	-31.2
9097.63314	4482.24852	-31.1
9097.63314	4482.24852	-31
9097.63314	4482.24852	-30.9
9097.63314	4482.24852	-30.8
9097.63314	4482.24852	-30.7
9097.63314	4482.24852	-30.6
9097.63314	4482.24852	-30.5
9097.63314	4482.24852	-30.4
9097.63314	4482.24852	-30.3
9097.63314	4482.24852	-30.2
9097.63314	4482.24852	-30.1
9097.63314	4482.24852	-30
9097.63314	4482.24852	-29.9
9097.63314	4482.24852	-29.8
9097.63314	4482.24852	-29.7
9097.63314	4482.24852	-29.6
9097.63314	4482.24852	-29.5
9097.63314	4482.24852	-29.4
9097.63314	4482.24852	-29.3
9097.63314	4482.24852	-29.2
9097.63314	4482.24852	-29.1
9097.63314	4482.24852	-29
9097.63314	4482.24852	-28.9
9097.63314	4482.24852	-28.8
9097.63314	4482.24852	-28.7
9097.63314	4482.24852	-28.6
9097.63314	4482.24852	-28.5
9097.63314	4482.24852	-28.4
9097.63314	4482.24852	-28.3
9097.63314	4482.24852	-28.2
9097.63314	4482.24852	-28.1
9097.63314	4482.24852	-28
9097.63314	4482.24852	-27.9
9097.63314	4482.24852	-27.8
9097.63314	4482.24852	-27.7
9097.63314	4482.24852	-27.6
9097.63314	4482.24852	-27.5
9097.63314	4482.24852	-27.4
9097.63314	4482.24852	-27.3
9097.63314	4482.24852	-27.2
9097.63314	4482.24852	-27.1
9097.63314	4482.24852	-27
9097.63314	4482.24852	-26.9
9097.63314	4482.24852	-26.8
9097.63314	4482.24852	-26.7
9097.63314	4482.24852	-26.6
9097.63314	4482.24852	-26.5
9097.63314	4482.24852	-26.4
9097.63314	4482.24852	-26.3
9097.63314	4482.24852	-26.2
9097.63314	4482.24852	-26.1
9097.63314	4482.24852	-26
9097.63314	4482.24852	-25.9
9097.63314	4482.24852	-25.8
9097.63314	4482.24852	-25.7
9097.63314	4482.24852	-25.6
9097.63314	4482.24852	-25.5
9097.63314	4482.24852	-25.4
9097.63314	4482.24852	-25.3
9097.63314	4482.24852	-25.2
9097.63314	4482.24852	-25.1
9097.63314	4482.24852	-25
9097.63314	4482.24852	-24.9
9097.63314	4482.24852	-24.8
9097.63314	4482.24852	-24.7
9097.63314	4482.24852	-24.6
9097.63314	4482.24852	-24.5
9097.63314	4482.24852	-24.4
9097.63314	4482.24852	-24.3
9097.63314	4482.24852	-24.2
9097.63314	4482.24852	-24.1
9097.63314	4482.24852	-24
9097.63314	4482.24852	-23.9
9097.63314	4482.24852	-23.8
9097.63314	4482.24852	-23.7
9097.63314	4482.24852	-23.6
9097.63314	4482.24852	-23.5
9097.63314	4482.24852	-23.4
9097.63314	4482.24852	-23.3
9097.63314	4482.24852	-23.2
9097.63314	4482.24852	-23.1
9097.63314	4482.24852	-23
9097.63314	4482.24852	-22.9
9097.63314	4482.24852	-22.8
9097.63314	4482.24852	-22.7
9097.63314	4482.24852	-22.6
9097.63314	4482.24852	-22.5
9097.63314	4482.24852	-22.4
9097.63314	4482.24852	-22.3
9097.63314	4482.24852	-22.2
9097.63314	4482.24852	-22.1
9097.63314	4482.24852	-22
9097.63314	4482.24852	-21.9
9097.63314	4482.24852	-21.8
9097.63314	4482.24852	-21.7
9097.63314	4482.24852	-21.6
9097.63314	4482.24852	-21.5
9097.63314	4482.24852	-21.4
9097.63314	4482.24852	-21.3
9097.63314	4482.24852	-21.2
9097.63314	4482.24852	-21.1
9097.63314	4482.24852	-21
9097.63314	4482.24852	-20.9
9097.63314	4482.24852	-20.8
9097.63314	4482.24852	-20.7
9097.63314	4482.24852	-20.6
9097.63314	4482.24852	-20.5
9097.63314	4482.24852	-20.4
9097.63314	4482.24852	-20.3
9097.63314	4482.24852	-20.2
9097.63314	4482.24852	-20.1
9097.63314	4482.24852	-20
9097.63314	4482.24852	-19.9
9097.63314	4482.24852	-19.8
9097.63314	4482.24852	-19.7
9097.63314	4482.24852	-19.6
9097.63314	4482.24852	-19.5
9097.63314	4482.24852	-19.4
9097.63314	4482.24852	-19.3
9097.63314	4482.24852	-19.2
9097.63314	4482.24852	-19.1
9097.63314	4482.24852	-19
9097.63314	4482.24852	-18.9
9097.63314	4482.24852	-18.8
9097.63314	4482.24852	-18.7
9097.63314	4482.24852	-18.6
9097.63314	4482.24852	-18.5
9097.63314	4482.24852	-18.4
9097.63314	4482.24852	-18.3
9097.63314	4482.24852	-18.2
9097.63314	4482.24852	-18.1
9097.63314	4482.24852	-18
9097.63314	4482.24852	-17.9
9097.63314	4482.24852	-17.8
9097.63314	4482.24852	-17.7
9097.63314	4482.24852	-17.6
9097.63314	4482.24852	-17.5
9097.63314	4482.24852	-17.4
9097.63314	4482.24852	-17.3
9097.63314	4482.24852	-17.2
9097.63314	4482.24852	-17.1
9097.63314	4482.24852	-17
9097.63314	4482.24852	-16.9
9097.63314	4482.24852	-16.8
9097.63314	4482.24852	-16.7
9097.63314	4482.24852	-16.6
9097.63314	4482.24852	-16.5
9097.63314	4482.24852	-16.4
9097.63314	4482.24852	-16.3
9097.63314	4482.24852	-16.2
9097.63314	4482.24852	-16.1
9097.63314	4482.24852	-16
9097.63314	4482.24852	-15.9
9097.63314	4482.24852	-15.8
9097.63314	4482.24852	-15.7
9097.63314	4482.24852	-15.6
9097.63314	4482.24852	-15.5
9097.63314	4482.24852	-15.4
9097.63314	4482.24852	-15.3
9097.63314	4482.24852	-15.2
9097.63314	4482.24852	-15.1
9097.63314	4482.24852	-15
9097.63314	4482.24852	-14.9
9097.63314	4482.24852	-14.8
9097.63314	4482.24852	-14.7
9097.63314	4482.24852	-14.6
9097.63314	4482.24852	-14.5
9097.63314	4482.24852	-14.4
9097.63314	4482.24852	-14.3
9097.63314	4482.24852	-14.2
9097.63314	4482.24852	-14.1
9097.63314	4482.24852	-14
9097.63314	4482.24852	-13.9
9097.63314	4482.24852	-13.8
9097.63314	4482.24852	-13.7
9097.63314	4482.24852	-13.6
9097.63314	4482.24852	-13.5
9097.63314	4482.24852	-13.4
9097.63314	4482.24852	-13.3
9097.63314	4482.24852	-13.2
9097.63314	4482.24852	-13.1
9097.63314	4482.24852	-13
9097.63314	4482.24852	-12.9
9097.63314	4482.24852	-12.8
9097.63314	4482.24852	-12.7
9097.63314	4482.24852	-12.6
9097.63314	4482.24852	-12.5
9097.63314	4482.24852	-12.4
9097.63314	4482.24852	-12.3
9097.63314	4482.24852	-12.2
9097.63314	4482.24852	-12.1
9097.63314	4482.24852	-12
9097.63314	4482.24852	-11.9
9097.63314	4482.24852	-11.8
9097.63314	4482.24852	-11.7
9097.63314	4482.24852	-11.6
9097.63314	4482.24852	-11.5
9097.63314	4482.24852	-11.4
9097.63314	4482.24852	-11.3
9097.63314	4482.24852	-11.2
9097.63314	4482.24852	-11.1
9097.63314	4482.24852	-11
9097.63314	4482.24852	-10.9
9097.63314	4482.24852	-10.8
9097.63314	4482.24852	-10.7
9097.63314	4482.24852	-10.6
9097.63314	4482.24852	-10.5
9097.63314	4482.24852	-10.4
9097.63314	4482.24852	-10.3
9097.63314	4482.24852	-10.2
9097.63314	4482.24852	-10.1
9097.63314	4482.24852	-10
9097.63314	4482.24852	-9.9
9097.63314	4482.24852	-9.8
9097.63314	4482.24852	-9.7
9097.63314	4482.24852	-9.6
9097.63314	4482.24852	-9.5
9097.63314	4482.24852	-9.4
9097.63314	4482.24852	-9.3
9097.63314	4482.24852	-9.2
9097.63314	4482.24852	-9.1
9097.63314	4482.24852	-9
9097.63314	4482.24852	-8.9
9097.63314	4482.24852	-8.8
9097.63314	4482.24852	-8.7
9097.63314	4482.24852	-8.6
9097.63314	4482.24852	-8.5
9097.63314	4482.24852	-8.4
9097.63314	4482.24852	-8.3
9097.63314	4482.24852	-8.2
9097.63314	4482.24852	-8.1
9097.63314	4482.24852	-8
9097.63314	4482.24852	-7.9
9097.63314	4482.24852	-7.8
9097.63314	4482.24852	-7.7
9097.63314	4482.24852	-7.6
9097.63314	4482.24852	-7.5
9097.63314	4482.24852	-7.4
9097.63314	4482.24852	-7.3
9097.63314	4482.24852	-7.2
9097.63314	4482.24852	-7.1
9097.63314	4482.24852	-7
9097.63314	4482.24852	-6.9
9097.63314	4482.24852	-6.8
9097.63314	4482.24852	-6.7
9097.63314	4482.24852	-6.6
9097.63314	4482.24852	-6.5
9097.63314	4482.24852	-6.4
9097.63314	4482.24852	-6.3
9097.63314	4482.24852	-6.2
9097.63314	4482.24852	-6.1
9097.63314	4482.24852	-6
9097.63314	4482.24852	-5.9
9097.63314	4482.24852	-5.8
9097.63314	4482.24852	-5.7
9097.63314	4482.24852	-5.6
9097.63314	4482.24852	-5.5
9097.63314	4482.24852	-5.4
9097.63314	4482.24852	-5.3
9097.63314	4482.24852	-5.2
9097.63314	4482.24852	-5.1
9097.63314	4482.24852	-5
9097.63314	4482.24852	-4.9
9097.63314	4482.24852	-4.8
9097.63314	4482.24852	-4.7
9097.63314	4482.24852	-4.6
9097.63314	4482.24852	-4.5
9097.63314	4482.24852	-4.4
9097.63314	4482.24852	-4.3
9097.63314	4482.24852	-4.2
9097.63314	4482.24852	-4.1
9097.63314	4482.24852	-4
9097.63314	4482.24852	-3.9
9097.63314	4482.24852	-3.8
9097.63314	4482.24852	-3.7
9097.63314	4482.24852	-3.6
9097.63314	4482.24852	-3.5
9097.63314	4482.24852	-3.4
9097.63314	4482.24852	-3.3
9097.63314	4482.24852	-3.2
9097.63314	4482.24852	-3.1
9097.63314	4482.24852	-3
9097.63314	4482.24852	-2.9
9097.63314	4482.24852	-2.8
9097.63314	4482.24852	-2.7
9097.63314	4482.24852	-2.6
9097.63314	4482.24852	-2.5
9097.63314	4482.24852	-2.4
9097.63314	4482.24852	-2.3
9097.63314	4482.24852	-2.2
9097.63314	4482.24852	-2.1
9097.63314	4482.24852	-2
9097.63314	4482.24852	-1.9
9097.63314	4482.24852	-1.8
9097.63314	4482.24852	-1.7
9097.63314	4482.24852	-1.6
9097.63314	4482.24852	-1.5
9097.63314	4482.24852	-1.4
9097.63314	4482.24852	-1.3
9097.63314	4482.24852	-1.2
9097.63314	4482.24852	-1.1
9097.63314	4482.24852	-1
9097.63314	4482.24852	-0.9
9097.63314	4482.24852	-0.8
9097.63314	4482.24852	-0.7
9097.63314	4482.24852	-0.6
9097.63314	4482.24852	-0.5
9097.63314	4482.24852	-0.4
9097.63314	4482.24852	-0.3
9097.63314	4482.24852	-0.2
9097.63314	4482.24852	-0.1
9097.63314	4482.24852	0
9097.63314	4482.24852	0.1
9097.63314	4482.24852	0.2
9097.63314	4482.24852	0.3
9097.63314	4482.24852	0.4
9097.63314	4482.24852	0.5
9097.63314	4482.24852	0.6
9097.63314	4482.24852	0.7
9097.63314	4482.24852	0.8
9097.63314	4482.24852	0.9
9097.63314	4482.24852	1
9097.63314	4482.24852	1.1
9097.63314	4482.24852	1.2
9097.63314	4482.24852	1.3
9097.63314	4482.24852	1.4
9097.63314	4482.24852	1.5
9097.63314	4482.24852	1.6
9097.63314	4482.24852	1.7
9097.63314	4482.24852	1.8
9097.63314	4482.24852	1.9
9097.63314	4482.24852	2
9097.63314	4482.24852	2.1
9097.63314	4482.24852	2.2
9097.63314	4482.24852	2.3
9097.63314	4482.24852	2.4
9097.63314	4482.24852	2.5
9097.63314	4482.24852	2.6
9097.63314	4482.24852	2.7
9097.63314	4482.24852	2.8
9097.63314	4482.24852	2.9
9097.63314	4482.24852	3
9097.63314	4482.24852	3.1
9097.63314	4482.24852	3.2
9097.63314	4482.24852	3.3
9097.63314	4482.24852	3.4
9097.63314	4482.24852	3.5
9097.63314	4482.24852	3.6
9097.63314	4482.24852	3.7
9097.63314	4482.24852	3.8
9097.63314	4482.24852	3.9
9097.63314	4482.24852	4
9097.63314	4482.24852	4.1
9097.63314	4482.24852	4.2
9097.63314	4482.24852	4.3
9097.63314	4482.24852	4.4
9097.63314	4482.24852	4.5
9097.63314	4482.24852	4.6
9097.63314	4482.24852	4.7
9097.63314	4482.24852	4.8
9097.63314	4482.24852	4.9
9097.63314	4482.24852	5
9097.63314	4482.24852	5.1
9097.63314	4482.24852	5.2
9097.63314	4482.24852	5.3
9097.63314	4482.24852	5.4
9097.63314	4482.24852	5.5
9097.63314	4482.24852	5.6
9097.63314	4482.24852	5.7
9097.63314	4482.24852	5.8
9097.63314	4482.24852	5.9
9097.63314	4482.24852	6
9097.63314	4482.24852	6.1
9097.63314	4482.24852	6.2
9097.63314	4482.24852	6.3
9097.63314	4482.24852	6.4
9097.63314	4482.24852	6.5
9097.63314	4482.24852	6.6
9097.63314	4482.24852	6.7
9097.63314	4482.24852	6.8
9097.63314	4482.24852	6.9
9097.63314	4482.24852	7
9097.63314	4482.24852	7.1
9097.63314	4482.24852	7.2
9097.63314	4482.24852	7.3
9097.63314	4482.24852	7.4
9097.63314	4482.24852	7.5
9097.63314	4482.24852	7.6
9097.63314	4482.24852	7.7
9097.63314	4482.24852	7.8
9097.63314	4482.24852	7.9
9097.63314	4482.24852	8
9097.63314	4482.24852	8.1
9097.63314	4482.24852	8.2
9097.63314	4482.24852	8.3
9097.63314	4482.24852	8.4
9097.63314	4482.24852	8.5
9097.63314	4482.24852	8.6
9097.63314	4482.24852	8.7
9097.63314	4482.24852	8.8
9097.63314	4482.24852	8.9
9097.63314	4482.24852	9
9097.63314	4482.24852	9.1
9097.63314	4482.24852	9.2
9097.63314	4482.24852	9.3
9097.63314	4482.24852	9.4
9097.63314	4482.24852	9.5
9097.63314	4482.24852	9.6
9097.63314	4482.24852	9.7
9097.63314	4482.24852	9.8
9097.63314	4482.24852	9.9
9097.63314	4482.24852	10
9097.63314	4482.24852	10.1
9097.63314	4482.24852	10.2
9097.63314	4482.24852	10.3
9097.63314	4482.24852	10.4
9097.63314	4482.24852	10.5
9097.63314	4482.24852	10.6
9097.63314	4482.24852	10.7
9097.63314	4482.24852	10.8
9097.63314	4482.24852	10.9
9097.63314	4482.24852	11
9097.63314	4482.24852	11.1
9097.63314	4482.24852	11.2
9097.63314	4482.24852	11.3
9097.63314	4482.24852	11.4
9097.63314	4482.24852	11.5
9097.63314	4482.24852	11.6
9097.63314	4482.24852	11.7
9097.63314	4482.24852	11.8
9097.63314	4482.24852	11.9
9097.63314	4482.24852	12
9097.63314	4482.24852	12.1
9097.63314	4482.24852	12.2
9097.63314	4482.24852	12.3
9097.63314	4482.24852	12.4
9097.63314	4482.24852	12.5
9097.63314	4482.24852	12.6
9097.63314	4482.24852	12.7
9097.63314	4482.24852	12.8
9097.63314	4482.24852	12.9
9097.63314	4482.24852	13
9097.63314	4482.24852	13.1
9097.63314	4482.24852	13.2
9097.63314	4482.24852	13.3
9097.63314	4482.24852	13.4
9097.63314	4482.24852	13.5
9097.63314	4482.24852	13.6
9097.63314	4482.24852	13.7
9097.63314	4482.24852	13.8
9097.63314	4482.24852	13.9
9097.63314	4482.24852	14
9097.63314	4482.24852	14.1
9097.63314	4482.24852	14.2
9097.63314	4482.24852	14.3
9097.63314	4482.24852	14.4
9097.63314	4482.24852	14.5
9097.63314	4482.24852	14.6
9097.63314	4482.24852	14.7
9097.63314	4482.24852	14.8
9097.63314	4482.24852	14.9
9097.63314	4482.24852	15
9097.63314	4482.24852	15.1
9097.63314	4482.24852	15.2
9097.63314	4482.24852	15.3
9097.63314	4482.24852	15.4
9097.63314	4482.24852	15.5
9097.63314	4482.24852	15.6
9097.63314	4482.24852	15.7
9097.63314	4482.24852	15.8
9097.63314	4482.24852	15.9
9097.63314	4482.24852	16
9097.63314	4482.24852	16.1
9097.63314	4482.24852	16.2
9097.63314	4482.24852	16.3
9097.63314	4482.24852	16.4
9097.63314	4482.24852	16.5
9097.63314	4482.24852	16.6
9097.63314	4482.24852	16.7
9097.63314	4482.24852	16.8
9097.63314	4482.24852	16.9
9097.63314	4482.24852	17
9097.63314	4482.24852	17.1
9097.63314	4482.24852	17.2
9097.63314	4482.24852	17.3
9097.63314	4482.24852	17.4
9097.63314	4482.24852	17.5
9097.63314	4482.24852	17.6
9097.63314	4482.24852	17.7
9097.63314	4482.24852	17.8
9097.63314	4482.24852	17.9
9097.63314	4482.24852	18
9097.63314	4482.24852	18.1
9097.63314	4482.24852	18.2
9097.63314	4482.24852	18.3
9097.63314	4482.24852	18.4
9097.63314	4482.24852	18.5
9097.63314	4482.24852	18.6
9097.63314	4482.24852	18.7
9097.63314	4482.24852	18.8
9097.63314	4482.24852	18.9
9097.63314	4482.24852	19
9097.63314	4482.24852	19.1
9097.63314	4482.24852	19.2
9097.63314	4482.24852	19.3
9097.63314	4482.24852	19.4
9097.63314	4482.24852	19.5
9097.63314	4482.24852	19.6
9097.63314	4482.24852	19.7
9097.63314	4482.24852	19.8
9097.63314	4482.24852	19.9
9097.63314	4482.24852	20
9097.63314	4482.24852	20.1
9097.63314	4482.24852	20.2
9097.63314	4482.24852	20.3
9097.63314	4482.24852	20.4
9097.63314	4482.24852	20.5
9097.63314	4482.24852	20.6
9097.63314	4482.24852	20.7
9097.63314	4482.24852	20.8
9097.63314	4482.24852	20.9
9097.63314	4482.24852	21
9097.63314	4482.24852	21.1
9097.63314	4482.24852	21.2
9097.63314	4482.24852	21.3
9097.63314	4482.24852	21.4
9097.63314	4482.24852	21.5
9097.63314	4482.24852	21.6
9097.63314	4482.24852	21.7
9097.63314	4482.24852	21.8
9097.63314	4482.24852	21.9
9097.63314	4482.24852	22
9097.63314	4482.24852	22.1
9097.63314	4482.24852	22.2
9097.63314	4482.24852	22.3
9097.63314	4482.24852	22.4
9097.63314	4482.24852	22.5
9097.63314	4482.24852	22.6
9097.63314	4482.24852	22.7
9097.63314	4482.24852	22.8
9097.63314	4482.24852	22.9
9097.63314	4482.24852	23
9097.63314	4482.24852	23.1
9097.63314	4482.24852	23.2
9097.63314	4482.24852	23.3
9097.63314	4482.24852	23.4
9097.63314	4482.24852	23.5
9097.63314	4482.24852	23.6
9097.63314	4482.24852	23.7
9097.63314	4482.24852	23.8
9097.63314	4482.24852	23.9
9097.63314	4482.24852	24
9097.63314	4482.24852	24.1
9097.63314	4482.24852	24.2
9097.63314	4482.24852	24.3
9097.63314	4482.24852	24.4
9097.63314	4482.24852	24.5
9097.63314	4482.24852	24.6
9097.63314	4482.24852	24.7
9097.63314	4482.24852	24.8
9097.63314	4482.24852	24.9
9097.63314	4482.24852	25
9097.63314	4482.24852	25.1
9097.63314	4482.24852	25.2
9097.63314	4482.24852	25.3
9097.63314	4482.24852	25.4
9097.63314	4482.24852	25.5
9097.63314	4482.24852	25.6
9097.63314	4482.24852	25.7
9097.63314	4482.24852	25.8
9097.63314	4482.24852	25.9
9097.63314	4482.24852	26
9097.63314	4482.24852	26.1
9097.63314	4482.24852	26.2
9097.63314	4482.24852	26.3
9097.63314	4482.24852	26.4
9097.63314	4482.24852	26.5
9097.63314	4482.24852	26.6
9097.63314	4482.24852	26.7
9097.63314	4482.24852	26.8
9097.63314	4482.24852	26.9
9097.63314	4482.24852	27
9097.63314	4482.24852	27.1
9097.63314	4482.24852	27.2
9097.63314	4482.24852	27.3
9097.63314	4482.24852	27.4
9097.63314	4482.24852	27.5
9097.63314	4482.24852	27.6
9097.63314	4482.24852	27.7
9097.63314	4482.24852	27.8
9097.63314	4482.24852	27.9
9097.63314	4482.24852	28
9097.63314	4482.24852	28.1
9097.63314	4482.24852	28.2
9097.63314	4482.24852	28.3
9097.63314	4482.24852	28.4
9097.63314	4482.24852	28.5
9097.63314	4482.24852	28.6
9097.63314	4482.24852	28.7
9097.63314	4482.24852	28.8
9097.63314	4482.24852	28.9
9097.63314	4482.24852	29
9097.63314	4482.24852	29.1
9097.63314	4482.24852	29.2
9097.63314	4482.24852	29.3
9097.63314	4482.24852	29.4
9097.63314	4482.24852	29.5
9097.63314	4482.24852	29.6
9097.63314	4482.24852	29.7
9097.63314	4482.24852	29.8
9097.63314	4482.24852	29.9
9097.63314	4482.24852	30
9097.63314	4482.24852	30.1
9097.63314	4482.24852	30.2
9097.63314	4482.24852	30.3
9097.63314	4482.24852	30.4
9097.63314	4482.24852	30.5
9097.63314	4482.24852	30.6
9097.63314	4482.24852	30.7
9097.63314	4482.24852	30.8
9097.63314	4482.24852	30.9
9097.63314	4482.24852	31
9097.63314	4482.24852	31.1
9097.63314	4482.24852	31.2
9097.63314	4482.24852	31.3
9097.63314	4482.24852	31.4
9097.63314	4482.24852	31.5
9097.63314	4482.24852	31.6
9097.63314	4482.24852	31.7
9097.63314	4482.24852	31.8
9097.63314	4482.24852	31.9
9097.63314	4482.24852	32
9097.63314	4482.24852	32.1
9097.63314	4482.24852	32.2
9097.63314	4482.24852	32.3
9097.63314	4482.24852	32.4
9097.63314	4482.24852	32.5
9097.63314	4482.24852	32.6
9097.63314	4482.24852	32.7
9097.63314	4482.24852	32.8
9097.63314	4482.24852	32.9
9097.63314	4482.24852	33
9097.63314	4482.24852	33.1
9097.63314	4482.24852	33.2
9097.63314	4482.24852	33.3
9097.63314	4482.24852	33.4
9097.63314	4482.24852	33.5
9097.63314	4482.24852	33.6
9097.63314	4482.24852	33.7
9097.63314	4482.24852	33.8
9097.63314	4482.24852	33.9
9097.63314	4482.24852	34
9097.63314	4482.24852	34.1
9097.63314	4482.24852	34.2
9097.63314	4482.24852	34.3
9097.63314	4482.24852	34.4
9097.63314	4482.24852	34.5
9097.63314	4482.24852	34.6
9097.63314	4482.24852	34.7
9097.63314	4482.24852	34.8
9097.63314	4482.24852	34.9
9097.63314	4482.24852	35
9097.63314	4482.24852	35.1
9097.63314	4482.24852	35.2
9097.63314	4482.24852	35.3
9097.63314	4482.24852	35.4
9097.63314	4482.24852	35.5
9097.63314	4482.24852	35.6
9097.63314	4482.24852	35.7
9097.63314	4482.24852	35.8
9097.63314	4482.24852	35.9
9097.63314	4482.24852	36
9097.63314	4482.24852	36.1
9097.63314	4482.24852	36.2
9097.63314	4482.24852	36.3
9097.63314	4482.24852	36.4
9097.63314	4482.24852	36.5
9097.63314	4482.24852	36.6
9097.63314	4482.24852	36.7
9097.63314	4482.24852	36.8
9097.63314	4482.24852	36.9
9097.63314	4482.24852	37
9097.63314	4482.24852	37.1
9097.63314	4482.24852	37.2
9097.63314	4482.24852	37.3
9097.63314	4482.24852	37.4
9097.63314	4482.24852	37.5
9097.63314	4482.24852	37.6
9097.63314	4482.24852	37.7
9097.63314	4482.24852	37.8
9097.63314	4482.24852	37.9
9097.63314	4482.24852	38
9097.63314	4482.24852	38.1
9097.63314	4482.24852	38.2
9097.63314	4482.24852	38.3
9097.63314	4482.24852	38.4
9097.63314	4482.24852	38.5
9097.63314	4482.24852	38.6
9097.63314	4482.24852	38.7
9097.63314	4482.24852	38.8
9097.63314	4482.24852	38.9
9097.63314	4482.24852	39
9097.63314	4482.24852	39.1
9097.63314	4482.24852	39.2
9097.63314	4482.24852	39.3
9097.63314	4482.24852	39.4
9097.63314	4482.24852	39.5
9097.63314	4482.24852	39.6
9097.63314	4482.24852	39.7
9097.63314	4482.24852	39.8
9097.63314	4482.24852	39.9
9097.63314	4482.24852	40
9097.63314	4482.24852	40.1
9097.63314	4482.24852	40.2
9097.63314	4482.24852	40.3
9097.63314	4482.24852	40.4
9097.63314	4482.24852	40.5
9097.63314	4482.24852	40.6
9097.63314	4482.24852	40.7
9097.63314	4482.24852	40.8
9097.63314	4482.24852	40.9
9097.63314	4482.24852	41
9097.63314	4482.24852	41.1
9097.63314	4482.24852	41.2
9097.63314	4482.24852	41.3
9097.63314	4482.24852	41.4
9097.63314	4482.24852	41.5
9097.63314	4482.24852	41.6
9097.63314	4482.24852	41.7
9097.63314	4482.24852	41.8
9097.63314	4482.24852	41.9
9097.63314	4482.24852	42
9097.63314	4482.24852	42.1
9097.63314	4482.24852	42.2
9097.63314	4482.24852	42.3
9097.63314	4482.24852	42.4
9097.63314	4482.24852	42.5
9097.63314	4482.24852	42.6
9097.63314	4482.24852	42.7
9097.63314	4482.24852	42.8
9097.63314	4482.24852	42.9
9097.63314	4482.24852	43
9097.63314	4482.24852	43.1
9097.63314	4482.24852	43.2
9097.63314	4482.24852	43.3
9097.63314	4482.24852	43.4
9097.63314	4482.24852	43.5
9097.63314	4482.24852	43.6
9097.63314	4482.24852	43.7
9095.769051	4482.24852	43.8
9053.209937	4482.24852	43.9
9010.650823	4482.24852	44
8968.091709	4482.24852	44.1
8925.532596	4482.24852	44.2
8882.973482	4482.24852	44.3
8840.414368	4482.24852	44.4
8797.855254	4482.24852	44.5
8755.296141	4482.179937	44.6
8712.737027	4482.087818	44.7
8670.177913	4481.995698	44.8
8627.618799	4481.903579	44.9
8585.059686	4481.811459	45
8542.500572	4481.71934	45.1
8499.941458	4481.62722	45.2
8457.382344	4481.535101	45.3
8414.82323	4481.442981	45.4
8372.264117	4481.350862	45.5
8329.705003	4481.258743	45.6
8287.145889	4481.166623	45.7
8244.586775	4481.074504	45.8
8202.027662	4480.982384	45.9
8159.468548	4480.890265	46
8116.909434	4480.798145	46.1
8074.35032	4480.706026	46.2
8031.791206	4480.613906	46.3
7989.232093	4480.521787	46.4
7946.672979	4480.429668	46.5
7904.113865	4480.337548	46.6
7861.554751	4480.245429	46.7
7818.995638	4480.153309	46.8
7776.436524	4480.06119	46.9
7733.87741	4479.96907	47
7691.318296	4479.876951	47.1
7648.759182	4479.784831	47.2
7606.200069	4479.692712	47.3
7563.640955	4479.600593	47.4
7525.297411	4479.508473	47.5
7490.439375	4479.416354	47.6
7455.581338	4479.324234	47.7
7420.723302	4479.232115	47.8
7385.865266	4479.139995	47.9
7351.007229	4479.047876	48
7316.149193	4478.955756	48.1
7281.291157	4478.863637	48.2
7246.433121	4478.771518	48.3
7211.575084	4478.679398	48.4
7176.717048	4478.587279	48.5
7141.859012	4478.495159	48.6
7107.000975	4478.40304	48.7
7072.142939	4478.31092	48.8
7037.284903	4478.218801	48.9
7002.426867	4478.126681	49
6967.56883	4478.034562	49.1
6932.710794	4477.942443	49.2
6897.852758	4477.850323	49.3
6862.994721	4477.758204	49.4
6828.136685	4477.666084	49.5
6793.278649	4477.573965	49.6
6758.420612	4477.481845	49.7
6723.562576	4477.389726	49.8
6688.70454	4477.297606	49.9
6653.846504	4477.205487	50
6618.988467	4477.113368	50.1
6584.130431	4477.021248	50.2
6549.272395	4476.929129	50.3
6514.414358	4476.837009	50.4
6479.556322	4476.74489	50.5
6444.698286	4476.65277	50.6
6409.84025	4476.560651	50.7
6374.982213	4476.468531	50.8
6340.124177	4476.376412	50.9
6305.266141	4476.284292	51
6270.169919	4476.192173	51.1
6230.650715	4476.100054	51.2
6191.131511	4476.007934	51.3
6151.612307	4475.915815	51.4
6112.093103	4475.823695	51.5
6072.573899	4475.731576	51.6
6033.054695	4475.639456	51.7
5993.535491	4475.547337	51.8
5954.016287	4475.455217	51.9
5914.497083	4475.363098	52
5874.977879	4475.270979	52.1
5835.458675	4475.178859	52.2
5795.939471	4475.08674	52.3
5756.420267	4474.99462	52.4
5716.901063	4474.902501	52.5
5677.381859	4474.810381	52.6
5637.862655	4474.718262	52.7
5598.343451	4474.626142	52.8
5558.824247	4474.534023	52.9
5519.305043	4474.441904	53
5479.785839	4474.349784	53.1
5440.266635	4474.257665	53.2
5400.747432	4474.165545	53.3
5361.228228	4474.073426	53.4
5321.709024	4473.981306	53.5
5282.18982	4473.889187	53.6
5242.670616	4473.797067	53.7
5203.151412	4473.704948	53.8
5163.632208	4473.612829	53.9
5124.113004	4473.520709	54
5092.814807	4473.42859	54.1
5062.922076	4473.33647	54.2
5033.029344	4473.244351	54.3
5003.136613	4473.152231	54.4
4973.243881	4473.060112	54.5
4943.35115	4472.967992	54.6
4913.458419	4472.875873	54.7
4883.565687	4472.783754	54.8
4853.672956	4472.691634	54.9
4823.780224	4472.599515	55
4793.887493	4472.507395	55.1
4763.994761	4472.415276	55.2
4734.10203	4472.323156	55.3
4704.209298	4472.231037	55.4
4674.316567	4472.138917	55.5
4644.423835	4472.046798	55.6
4614.531104	4471.954679	55.7
4584.638372	4471.862559	55.8
4554.745641	4471.77044	55.9
4524.852909	4471.67832	56
4494.960178	4471.586201	56.1
4465.067446	4471.494081	56.2
4435.174715	4471.401962	56.3
4405.281984	4471.309842	56.4
4375.389252	4471.217723	56.5
4345.496521	4471.125603	56.6
4315.603789	4471.033484	56.7
4285.711058	4470.941365	56.8
4255.818326	4470.849245	56.9
4237.407962	4470.757126	57
4224.994857	4470.665006	57.1
4212.581752	4470.572887	57.2
4200.168648	4470.480767	57.3
4187.755543	4470.388648	57.4
4175.342439	4470.296528	57.5
4162.929334	4470.204409	57.6
4150.51623	4470.11229	57.7
4138.103125	4470.02017	57.8
4125.69002	4469.928051	57.9
4113.276916	4469.835931	58
4100.863811	4469.743812	58.1
4088.450707	4469.651692	58.2
4076.037602	4469.559573	58.3
4063.624498	4469.467453	58.4
4051.211393	4469.375334	58.5
4038.798288	4469.283215	58.6
4026.385184	4469.191095	58.7
4013.972079	4469.098976	58.8
4001.558975	4469.006856	58.9
3989.14587	4468.914737	59
3976.732765	4468.822617	59.1
3964.319661	4468.730498	59.2
3951.906556	4468.638378	59.3
3939.493452	4468.546259	59.4
3927.080347	4468.45414	59.5
3914.667243	4468.36202	59.6
3902.254138	4468.269901	59.7
3889.841033	4468.177781	59.8
3877.427929	4468.085662	59.9
3865.014824	4467.993542	60
3852.60172	4467.901423	60.1
3840.188615	4467.809303	60.2
3827.775511	4467.717184	60.3
3815.362406	4467.625065	60.4
3802.949301	4467.532945	60.5
3790.536197	4467.45562	60.6
3778.123092	4467.45562	60.7
3765.709988	4467.45562	60.8
3753.296883	4467.45562	60.9
3740.883779	4467.45562	61
3728.470674	4467.45562	61.1
3716.057569	4467.45562	61.2
3703.644465	4467.45562	61.3
3691.23136	4467.45562	61.4
3678.818256	4467.45562	61.5
3666.405151	4467.45562	61.6
3653.992046	4467.45562	61.7
3641.578942	4467.45562	61.8
3629.165837	4467.45562	61.9
3616.752733	4467.45562	62
3604.339628	4467.45562	62.1
3591.926524	4467.45562	62.2
3579.513419	4467.45562	62.3
3567.100314	4467.45562	62.4
3554.68721	4467.45562	62.5
3542.274105	4467.45562	62.6
3529.861001	4467.45562	62.7
3516.023207	4467.45562	62.8
3498.188912	4467.45562	62.9
3480.354617	4467.45562	63
3462.520322	4467.45562	63.1
3444.686027	4467.45562	63.2
3426.851731	4467.45562	63.3
3409.017436	4467.45562	63.4
3391.183141	4467.45562	63.5
3373.348846	4467.45562	63.6
3355.514551	4467.45562	63.7
3337.680256	4467.45562	63.8
3319.84596	4467.45562	63.9
3302.011665	4467.45562	64
3284.17737	4467.45562	64.1
3266.343075	4467.45562	64.2
3248.50878	4467.45562	64.3
3230.674485	4467.45562	64.4
3212.840189	4467.45562	64.5
3195.005894	4467.45562	64.6
3177.171599	4467.45562	64.7
3159.337304	4467.45562	64.8
3141.503009	4467.45562	64.9
3123.668714	4467.45562	65
3105.834418	4467.45562	65.1
3088.000123	4467.45562	65.2
3070.165828	4467.45562	65.3
3052.331533	4467.45562	65.4
3034.497238	4467.45562	65.5
3016.662943	4467.45562	65.6
2998.828647	4467.45562	65.7
2980.994352	4467.45562	65.8
2963.160057	4467.45562	65.9
2945.325762	4467.45562	66
2927.491467	4467.45562	66.1
2909.657172	4467.45562	66.2
2891.822877	4467.45562	66.3
2873.988581	4467.45562	66.4
2862.056456	4467.45562	66.5
2851.923322	4467.45562	66.6
2841.790187	4467.45562	66.7
2831.657053	4467.45562	66.8
2821.523919	4467.45562	66.9
2811.390785	4467.45562	67
2801.257651	4467.45562	67.1
2791.124516	4467.45562	67.2
2780.991382	4467.45562	67.3
2770.858248	4467.45562	67.4
2760.725114	4467.45562	67.5
2750.591979	4467.45562	67.6
2740.458845	4467.45562	67.7
2730.325711	4467.45562	67.8
2720.192577	4467.45562	67.9
2710.059443	4467.45562	68
2699.926308	4467.45562	68.1
2689.793174	4467.45562	68.2
2679.66004	4467.45562	68.3
2669.526906	4467.45562	68.4
2659.393771	4467.45562	68.5
2649.260637	4467.45562	68.6
2639.127503	4467.45562	68.7
2628.994369	4467.45562	68.8
2618.861234	4467.45562	68.9
2608.7281	4467.45562	69
2598.594966	4467.45562	69.1
2588.461832	4467.45562	69.2
2578.328698	4467.45562	69.3
2568.195563	4467.45562	69.4
2558.062429	4467.45562	69.5
2547.929295	4467.45562	69.6
2537.796161	4467.45562	69.7
2527.663026	4467.45562	69.8
2517.529892	4467.45562	69.9
2507.396758	4467.45562	70
2497.263624	4467.45562	70.1
2487.13049	4467.45562	70.2
2476.997355	4467.45562	70.3
2466.864221	4467.45562	70.4
2456.731087	4467.45562	70.5
2446.597953	4467.45562	70.6
2436.464818	4467.45562	70.7
2426.331684	4467.45562	70.8
2416.19855	4467.45562	70.9
2406.065416	4467.45562	71
2395.932282	4467.45562	71.1
2385.799147	4467.45562	71.2
2375.666013	4467.45562	71.3
2365.532879	4467.45562	71.4
2355.399745	4467.45562	71.5
2344.994423	4467.45562	71.6
2334.455947	4467.45562	71.7
2323.917471	4467.45562	71.8
2313.378995	4467.45562	71.9
2302.840518	4467.45562	72
2292.302042	4467.45562	72.1
2281.763566	4467.45562	72.2
2271.22509	4467.45562	72.3
2260.686613	4467.45562	72.4
2250.148137	4467.45562	72.5
2239.609661	4467.45562	72.6
2229.071185	4467.45562	72.7
2218.532708	4467.45562	72.8
2207.994232	4467.45562	72.9
2197.455756	4467.45562	73
2186.91728	4467.45562	73.1
2176.378804	4467.45562	73.2
2165.840327	4467.45562	73.3
2155.301851	4467.45562	73.4
2144.763375	4467.45562	73.5
2134.224899	4467.45562	73.6
2123.686422	4467.45562	73.7
2113.147946	4467.45562	73.8
2102.60947	4467.45562	73.9
2092.070994	4467.45562	74
2081.532517	4467.45562	74.1
2070.994041	4467.45562	74.2
2060.455565	4467.45562	74.3
2049.917089	4467.45562	74.4
2039.378613	4467.45562	74.5
2028.840136	4467.45562	74.6
2018.30166	4467.45562	74.7
2007.763184	4467.45562	74.8
1997.224708	4467.45562	74.9
1986.686231	4467.45562	75
1976.147755	4467.45562	75.1
1966.346042	4467.45562	75.2
1960.012837	4467.45562	75.3
1953.679631	4467.45562	75.4
1947.346425	4467.45562	75.5
1941.01322	4467.45562	75.6
1934.680014	4467.45562	75.7
1928.346808	4467.45562	75.8
1922.013602	4467.45562	75.9
1915.680397	4467.45562	76
1909.347191	4467.45562	76.1
1903.013985	4467.45562	76.2
1896.68078	4467.45562	76.3
1890.347574	4467.45562	76.4
1884.014368	4467.45562	76.5
1877.681163	4467.45562	76.6
1871.347957	4467.45562	76.7
1865.014751	4467.45562	76.8
1858.681546	4467.45562	76.9
1852.34834	4467.45562	77
1846.015134	4467.45562	77.1
1839.681928	4467.45562	77.2
1833.348723	4467.45562	77.3
1827.015517	4467.45562	77.4
1820.682311	4467.45562	77.5
1814.349106	4467.45562	77.6
1808.0159	4467.45562	77.7
1801.682694	4467.45562	77.8
1795.349489	4467.45562	77.9
1789.016283	4467.45562	78
1782.683077	4467.45562	78.1
1776.349872	4467.45562	78.2
1770.016666	4467.45562	78.3
1763.68346	4467.45562	78.4
1757.350254	4467.45562	78.5
1751.017049	4467.45562	78.6
1744.683843	4467.45562	78.7
1738.350637	4467.45562	78.8
1732.017432	4467.45562	78.9
1725.684226	4467.45562	79
1719.35102	4467.45562	79.1
1713.017815	4467.45562	79.2
1706.684609	4467.45562	79.3
1700.351403	4467.45562	79.4
1694.018197	4467.45562	79.5
1687.684992	4467.45562	79.6
1681.351786	4467.45562	79.7
1675.01858	4467.45562	79.8
1668.685375	4467.45562	79.9
1662.352169	4467.45562	80
1656.018963	4467.45562	80.1
1649.685758	4467.45562	80.2
1643.352552	4467.45562	80.3
1637.019346	4467.45562	80.4
1630.686141	4467.45562	80.5
1624.352935	4467.45562	80.6
1618.019729	4467.45562	80.7
1611.686523	4467.45562	80.8
1605.353318	4467.45562	80.9
1599.020112	4467.45562	81
1592.88475	4467.45562	81.1
1586.804865	4467.45562	81.2
1580.724981	4467.45562	81.3
1574.645096	4467.45562	81.4
1568.565211	4467.45562	81.5
1562.485326	4467.45562	81.6
1556.405442	4467.45562	81.7
1550.325557	4467.45562	81.8
1544.245672	4467.45562	81.9
1538.165787	4467.45562	82
1532.085903	4467.45562	82.1
1526.006018	4467.45562	82.2
1519.926133	4467.45562	82.3
1513.846248	4467.45562	82.4
1507.766364	4467.45562	82.5
1501.686479	4467.45562	82.6
1495.606594	4467.45562	82.7
1489.526709	4467.45562	82.8
1483.446825	4467.45562	82.9
1477.36694	4467.45562	83
1471.287055	4467.45562	83.1
1465.207171	4467.45562	83.2
1459.127286	4467.45562	83.3
1453.047401	4467.45562	83.4
1446.967516	4467.45562	83.5
1440.887632	4467.45562	83.6
1434.807747	4467.45562	83.7
1428.727862	4467.45562	83.8
1422.647977	4467.45562	83.9
1416.568093	4467.45562	84
1410.488208	4467.45562	84.1
1404.408323	4467.45562	84.2
1398.328438	4467.45562	84.3
1392.248554	4467.45562	84.4
1386.168669	4467.45562	84.5
1380.088784	4467.45562	84.6
1374.008899	4467.45562	84.7
1367.929015	4467.45562	84.8
1361.84913	4467.45562	84.9
1355.769245	4467.45562	85
1349.689361	4467.45562	85.1
1343.609476	4467.45562	85.2
1337.529591	4467.45562	85.3
1331.449706	4467.45562	85.4
1327.081573	4467.45562	85.5
1322.738801	4467.45562	85.6
1318.39603	4467.45562	85.7
1314.053258	4467.45562	85.8
1309.710487	4467.45562	85.9
1305.367715	4467.45562	86
1301.024943	4467.45562	86.1
1296.682172	4467.45562	86.2
1292.3394	4467.45562	86.3
1287.996629	4467.45562	86.4
1283.653857	4467.45562	86.5
1279.311085	4467.45562	86.6
1274.968314	4467.45562	86.7
1270.625542	4467.45562	86.8
1266.282771	4467.45562	86.9
1261.939999	4467.45562	87
1257.597227	4467.45562	87.1
1253.254456	4467.45562	87.2
1248.911684	4467.45562	87.3
1244.568913	4467.45562	87.4
1240.226141	4467.45562	87.5
1235.88337	4467.45562	87.6
1231.540598	4467.45562	87.7
1227.197826	4467.45562	87.8
1222.855055	4467.45562	87.9
1218.512283	4467.45562	88
1214.169512	4467.45562	88.1
1209.82674	4467.45562	88.2
1205.483968	4467.45562	88.3
1201.141197	4467.45562	88.4
1196.798425	4467.45562	88.5
1192.455654	4467.45562	88.6
1188.112882	4467.45562	88.7
1183.77011	4467.45562	88.8
1179.427339	4467.45562	88.9
1175.084567	4467.45562	89
1170.741796	4467.45562	89.1
1166.399024	4467.45562	89.2
1162.056253	4467.45562	89.3
1157.713481	4467.45562	89.4
1153.370709	4467.45562	89.5
1149.027938	4467.45562	89.6
1144.685166	4467.45562	89.7
1140.342395	4467.45562	89.8
1135.999623	4467.45562	89.9
1131.656851	4467.45562	90
1127.31408	4467.45562	90.1
1122.971308	4467.45562	90.2
1118.628537	4467.45562	90.3
1114.285765	4467.45562	90.4
1109.942993	4467.45562	90.5
1106.115847	4467.45562	90.6
1102.352104	4467.45562	90.7
1098.588361	4467.45562	90.8
1094.824618	4467.45562	90.9
1091.060874	4467.45562	91
1087.297131	4467.45562	91.1
1083.533388	4467.45562	91.2
1079.769645	4467.45562	91.3
1076.005902	4467.45562	91.4
1072.242159	4467.45562	91.5
1068.478416	4467.45562	91.6
1064.714673	4467.45562	91.7
1060.95093	4467.45562	91.8
1057.187187	4467.45562	91.9
1053.423444	4467.45562	92
1049.659701	4467.45562	92.1
1045.895957	4467.45562	92.2
1042.132214	4467.45562	92.3
1038.368471	4467.45562	92.4
1034.604728	4467.45562	92.5
1030.840985	4467.45562	92.6
1027.077242	4467.45562	92.7
1023.313499	4467.45562	92.8
1019.549756	4467.45562	92.9
1015.786013	4467.45562	93
1012.02227	4467.45562	93.1
1008.258527	4467.45562	93.2
1004.494784	4467.45562	93.3
1000.731041	4467.45562	93.4
996.9672974	4467.45562	93.5
993.2035543	4467.45562	93.6
989.4398113	4467.45562	93.7
985.6760682	4467.45562	93.8
981.9123251	4467.45562	93.9
978.148582	4467.45562	94
974.3848389	4467.45562	94.1
970.6210959	4467.45562	94.2
966.8573528	4467.45562	94.3
963.0936097	4467.45562	94.4
959.3298666	4467.45562	94.5
955.5661235	4467.45562	94.6
951.8023804	4467.45562	94.7
948.0386374	4467.45562	94.8
944.2748943	4467.45562	94.9
940.5111512	4467.45562	95
936.7474081	4467.45562	95.1
932.983665	4467.45562	95.2
929.219922	4467.45562	95.3
925.4561789	4467.45562	95.4
921.6924358	4467.45562	95.5
917.9286927	4467.45562	95.6
914.6256998	4467.45562	95.7
911.4410067	4467.45562	95.8
908.2563137	4467.45562	95.9
905.0716207	4467.45562	96
901.8869277	4467.45562	96.1
898.7022346	4467.45562	96.2
895.5175416	4467.45562	96.3
892.3328486	4467.45562	96.4
889.1481556	4467.45562	96.5
885.9634626	4467.45562	96.6
882.7787695	4467.45562	96.7
879.5940765	4467.45562	96.8
876.4093835	4467.45562	96.9
873.2246905	4467.45562	97
870.0399974	4467.45562	97.1
866.8553044	4467.45562	97.2
863.6706114	4467.45562	97.3
860.4859184	4467.45562	97.4
857.3012254	4467.45562	97.5
854.1165323	4467.45562	97.6
850.9318393	4467.45562	97.7
847.7471463	4467.45562	97.8
844.5624533	4467.45562	97.9
841.3777602	4467.45562	98
838.1930672	4467.45562	98.1
835.0083742	4467.45562	98.2
831.8236812	4467.45562	98.3
828.6389881	4467.45562	98.4
825.4542951	4467.45562	98.5
822.2696021	4467.45562	98.6
819.0849091	4467.45562	98.7
815.9002161	4467.45562	98.8
812.715523	4467.45562	98.9
809.53083	4467.45562	99
806.346137	4467.45562	99.1
803.161444	4467.45562	99.2
799.9767509	4467.45562	99.3
796.7920579	4467.45562	99.4
793.6073649	4467.45562	99.5
790.4226719	4467.45562	99.6
787.2379788	4467.45562	99.7
784.0532858	4467.45562	99.8
780.8685928	4467.45562	99.9
777.6838998	4467.45562	100
774.4992068	4467.45562	100.1
771.3145137	4467.45562	100.2
768.1298207	4467.45562	100.3
764.9451277	4467.45562	100.4
761.7604347	4467.45562	100.5
758.5757416	4467.45562	100.6
755.3910486	4467.45562	100.7
752.4852887	4467.45562	100.8
749.6986734	4467.45562	100.9
746.9120582	4467.45562	101
744.1254429	4467.45562	101.1
741.3388277	4467.45562	101.2
738.5522124	4467.45562	101.3
735.7655971	4467.45562	101.4
732.9789819	4467.45562	101.5
730.1923666	4467.45562	101.6
727.4057514	4467.45562	101.7
724.6191361	4467.45562	101.8
721.8325209	4467.45562	101.9
719.0459056	4467.45562	102
716.2592903	4467.45562	102.1
713.4726751	4467.45562	102.2
710.6860598	4467.45562	102.3
707.8994446	4467.45562	102.4
705.1128293	4467.45562	102.5
702.3262141	4467.45562	102.6
699.5395988	4467.45562	102.7
696.7529835	4467.45562	102.8
693.9663683	4467.45562	102.9
691.179753	4467.45562	103
688.3931378	4467.45562	103.1
685.6065225	4467.45562	103.2
682.8199073	4467.45562	103.3
680.033292	4467.45562	103.4
677.2466767	4467.45562	103.5
674.4600615	4467.45562	103.6
671.6734462	4467.45562	103.7
668.886831	4467.45562	103.8
666.1002157	4467.45562	103.9
663.3136005	4467.45562	104
660.5269852	4467.45562	104.1
657.7403699	4467.45562	104.2
654.9537547	4467.45562	104.3
652.1671394	4467.45562	104.4
649.3805242	4467.45562	104.5
646.5939089	4467.45562	104.6
643.8072937	4467.45562	104.7
641.0206784	4467.45562	104.8
638.2340631	4467.45562	104.9
635.4474479	4467.45562	105
632.6608326	4467.45562	105.1
629.8742174	4467.45562	105.2
627.0876021	4467.45562	105.3
624.3009869	4467.45562	105.4
621.5143716	4467.45562	105.5
618.7277563	4467.45562	105.6
615.9411411	4467.45562	105.7
613.1545258	4467.45562	105.8
610.3679106	4467.40224	105.9
607.5812953	4467.314126	106
604.79468	4467.226012	106.1
602.0080648	4467.137898	106.2
599.2214495	4467.049783	106.3
596.4348343	4466.961669	106.4
593.648219	4466.873555	106.5
590.7839379	4466.785441	106.6
587.7440094	4466.697327	106.7
584.704081	4466.609212	106.8
581.6641525	4466.521098	106.9
578.624224	4466.432984	107
575.5842955	4466.34487	107.1
572.544367	4466.256755	107.2
569.5044385	4466.168641	107.3
566.46451	4466.080527	107.4
563.4245815	4465.992413	107.5
560.3846531	4465.904298	107.6
557.3447246	4465.816184	107.7
554.3047961	4465.72807	107.8
551.2648676	4465.639956	107.9
548.2249391	4465.551841	108
546.1893982	4465.463727	108.1
544.5680962	4465.375613	108.2
542.9467942	4465.287499	108.3
541.3254922	4465.199384	108.4
539.7041902	4465.11127	108.5
538.0828882	4465.023156	108.6
536.4615862	4464.935042	108.7
534.8402842	4464.846928	108.8
533.2189822	4464.758813	108.9
531.5976802	4464.670699	109
529.9763783	4464.582585	109.1
528.3550763	4464.494471	109.2
526.7337743	4464.406356	109.3
525.1124723	4464.318242	109.4
523.4911703	4464.230128	109.5
521.8698683	4464.142014	109.6
520.2485663	4464.053899	109.7
518.6272643	4463.965785	109.8
517.0059623	4463.877671	109.9
515.3846603	4463.789557	110
513.7633583	4463.701442	110.1
512.1420563	4463.613328	110.2
510.5207543	4463.525214	110.3
508.8994523	4463.4371	110.4
507.2781504	4463.348986	110.5
505.6568484	4463.260871	110.6
504.0355464	4463.172757	110.7
502.4142444	4463.084643	110.8
500.7929424	4462.996529	110.9
499.1716404	4462.908414	111
497.5503384	4462.8203	111.1
495.9290364	4462.732186	111.2
494.3077344	4462.644072	111.3
492.6864324	4462.555957	111.4
491.0651304	4462.467843	111.5
489.4438284	4462.379729	111.6
487.8225264	4462.291615	111.7
486.2012244	4462.2035	111.8
484.5799224	4462.115386	111.9
482.9586205	4462.027272	112
481.3373185	4461.939158	112.1
479.7160165	4461.851043	112.2
478.0947145	4461.762929	112.3
476.4734125	4461.674815	112.4
474.8521105	4461.586701	112.5
473.2308085	4461.498587	112.6
471.6095065	4461.410472	112.7
469.9882045	4461.322358	112.8
468.3669025	4461.234244	112.9
466.7456005	4461.14613	113
465.1242985	4461.058015	113.1
463.5029965	4460.969901	113.2
461.8816945	4460.881787	113.3
460.2603925	4460.793673	113.4
458.6390906	4460.705558	113.5
457.0177886	4460.617444	113.6
455.3964866	4460.52933	113.7
453.7751846	4460.441216	113.8
452.1538826	4460.353101	113.9
450.5325806	4460.264987	114
448.9112786	4460.176873	114.1
447.2899766	4460.088759	114.2
445.6686746	4460.000645	114.3
444.0473726	4459.91253	114.4
442.4260706	4459.824416	114.5
440.8047686	4459.736302	114.6
439.1834666	4459.648188	114.7
437.5621646	4459.560073	114.8
435.9408627	4459.471959	114.9
434.3195607	4459.383845	115
432.6982587	4459.295731	115.1
431.0769567	4459.207616	115.2
429.4556547	4459.119502	115.3
427.9586087	4459.031388	115.4
426.5110184	4458.943274	115.5
425.0634281	4458.855159	115.6
423.6158379	4458.767045	115.7
422.1682476	4458.678931	115.8
420.7206573	4458.590817	115.9
419.2730671	4458.502703	116
417.8254768	4458.414588	116.1
416.3778865	4458.326474	116.2
414.9302963	4458.23836	116.3
413.482706	4458.150246	116.4
412.0351157	4458.062131	116.5
410.5875255	4457.974017	116.6
409.1399352	4457.885903	116.7
407.6923449	4457.797789	116.8
406.2447547	4457.709674	116.9
404.7971644	4457.62156	117
403.3495741	4457.533446	117.1
401.9019839	4457.445332	117.2
400.4543936	4457.357217	117.3
399.0068033	4457.269103	117.4
397.559213	4457.180989	117.5
396.1116228	4457.092875	117.6
394.6640325	4457.00476	117.7
393.2164422	4456.916646	117.8
391.768852	4456.828532	117.9
390.3212617	4456.740418	118
388.8736714	4456.652304	118.1
387.4260812	4456.564189	118.2
385.9784909	4456.476075	118.3
384.5309006	4456.387961	118.4
383.0833104	4456.299847	118.5
381.6357201	4456.211732	118.6
380.1881298	4456.123618	118.7
378.7405396	4456.035504	118.8
377.2929493	4455.94739	118.9
375.845359	4455.859275	119
374.3977688	4455.771161	119.1
372.9501785	4455.683047	119.2
371.5025882	4455.594933	119.3
370.0549979	4455.506818	119.4
368.6074077	4455.418704	119.5
367.1598174	4455.33059	119.6
365.7122271	4455.242476	119.7
364.2646369	4455.154362	119.8
362.8170466	4455.066247	119.9
361.3694563	4454.978133	120
359.9218661	4454.890019	120.1
358.4742758	4454.801905	120.2
357.0266855	4454.71379	120.3
355.5790953	4454.625676	120.4
354.2437644	4454.537562	120.5
352.9771211	4454.449448	120.6
351.7104777	4454.361333	120.7
350.4438343	4454.273219	120.8
349.1771909	4454.185105	120.9
347.9105476	4454.096991	121
346.6439042	4454.008876	121.1
345.3772608	4453.920762	121.2
344.1106174	4453.832648	121.3
342.8439741	4453.744534	121.4
341.5773307	4453.656419	121.5
340.3106873	4453.568305	121.6
339.0440439	4453.480191	121.7
337.7774006	4453.392077	121.8
336.5107572	4453.303963	121.9
335.2441138	4453.215848	122
333.9774704	4453.127734	122.1
332.710827	4453.03962	122.2
331.4441837	4452.951506	122.3
330.1775403	4452.863391	122.4
328.9108969	4452.775277	122.5
327.6442535	4452.687163	122.6
326.3776102	4428.743509	122.7
325.1109668	4395.641915	122.8
323.8443234	4362.540322	122.9
322.57768	4329.438729	123
321.3110367	4296.337135	123.1
320.0443933	4263.235542	123.2
318.7777499	4230.133949	123.3
317.5111065	4197.032355	123.4
316.2444631	4163.930762	123.5
314.9778198	4130.829169	123.6
313.7111764	4097.727576	123.7
312.444533	4064.625982	123.8
311.1778896	4031.524389	123.9
309.9112463	3998.422796	124
308.6446029	3965.321202	124.1
307.3779595	3932.219609	124.2
306.1113161	3899.118016	124.3
304.8446728	3866.016422	124.4
303.5780294	3832.914829	124.5
302.311386	3799.813236	124.6
301.0447426	3766.711642	124.7
299.7780993	3733.610049	124.8
298.5114559	3700.508456	124.9
297.2448125	3667.406863	125
295.9781691	3634.305269	125.1
294.7115257	3601.203676	125.2
293.4448824	3568.102083	125.3
292.178239	3535.000489	125.4
290.9115956	3501.898896	125.5
289.6449522	3468.797303	125.6
288.3783089	3435.695709	125.7
287.1116655	3402.594116	125.8
285.8450221	3369.492523	125.9
284.5783787	3336.390929	126
283.3117354	3303.289336	126.1
282.045092	3270.187743	126.2
280.9504336	3237.086149	126.3
280.4437772	3203.984556	126.4
279.9371207	3170.882963	126.5
279.4304642	3137.78137	126.6
278.9238077	3104.679776	126.7
278.4171512	3071.578183	126.8
277.9104947	3038.47659	126.9
277.4038383	3005.374996	127
276.8971818	2986.050432	127.1
276.3905253	2967.810791	127.2
275.8838688	2949.571149	127.3
275.3772123	2931.331508	127.4
274.8705558	2913.091866	127.5
274.3638994	2894.852225	127.6
273.8572429	2876.612583	127.7
273.3505864	2858.372942	127.8
272.8439299	2840.1333	127.9
272.3372734	2821.893659	128
271.8306169	2803.654017	128.1
271.3239605	2785.414375	128.2
270.817304	2767.174734	128.3
270.3106475	2748.935092	128.4
269.803991	2730.695451	128.5
269.2973345	2712.455809	128.6
268.790678	2694.216168	128.7
268.2840216	2675.976526	128.8
267.7773651	2657.736885	128.9
267.2707086	2639.497243	129
266.7640521	2621.257602	129.1
266.2573956	2603.01796	129.2
265.7507391	2584.778319	129.3
265.2440827	2566.538677	129.4
264.7374262	2548.299036	129.5
264.2307697	2530.059394	129.6
263.7241132	2511.819753	129.7
263.2174567	2493.580111	129.8
262.7108002	2475.340469	129.9
262.2041438	2457.100828	130
261.6974873	2438.861186	130.1
261.1908308	2420.621545	130.2
260.6841743	2402.381903	130.3
260.1775178	2384.142262	130.4
259.6708614	2365.90262	130.5
259.1642049	2347.662979	130.6
258.6575484	2329.423337	130.7
258.1508919	2311.183696	130.8
257.6442354	2292.944054	130.9
257.1375789	2274.704413	131
256.6309225	2256.464771	131.1
256.124266	2238.22513	131.2
255.6176095	2219.985488	131.3
255.110953	2201.745847	131.4
254.6042965	2183.506205	131.5
254.09764	2165.266563	131.6
253.5909836	2147.026922	131.7
253.0843271	2128.78728	131.8
252.5776706	2110.547639	131.9
252.0710141	2092.307997	132
251.5643576	2074.068356	132.1
250.2747498	2058.077181	132.2
248.8271592	2042.539698	132.3
247.3795685	2027.002215	132.4
245.9319778	2011.464732	132.5
244.4843872	1995.92725	132.6
243.0367965	1980.389767	132.7
241.5892059	1964.852284	132.8
240.1416152	1949.314801	132.9
238.6940245	1933.777319	133
237.2464339	1918.239836	133.1
235.7988432	1902.702353	133.2
234.3512526	1887.16487	133.3
232.9036619	1871.627387	133.4
231.4560712	1856.089905	133.5
230.0084806	1840.552422	133.6
228.5608899	1825.014939	133.7
227.1132993	1809.477456	133.8
225.6657086	1793.939974	133.9
224.2181179	1778.402491	134
222.7705273	1762.865008	134.1
221.3229366	1747.327525	134.2
219.875346	1731.790043	134.3
218.4277553	1716.25256	134.4
216.9801646	1700.715077	134.5
215.532574	1685.177594	134.6
214.0849833	1669.640112	134.7
212.6373927	1654.102629	134.8
211.189802	1638.565146	134.9
209.7422113	1623.027663	135
208.2946207	1607.490181	135.1
206.84703	1591.952698	135.2
205.3994394	1576.415215	135.3
203.9518487	1560.877732	135.4
202.504258	1545.340249	135.5
201.0566674	1529.802767	135.6
199.6090767	1514.265284	135.7
198.1614861	1498.727801	135.8
196.7138954	1483.190318	135.9
195.2663047	1467.652836	136
193.8187141	1452.115353	136.1
192.3711234	1436.57787	136.2
190.9235328	1421.040387	136.3
189.4759421	1405.502905	136.4
188.0283514	1390.236652	136.5
186.5807608	1382.130145	136.6
185.1331701	1374.023638	136.7
183.6855795	1365.917131	136.8
182.2379888	1357.810623	136.9
180.7903981	1349.704116	137
179.3428075	1341.597609	137.1
177.8952168	1333.491101	137.2
176.4204959	1325.384594	137.3
174.9361034	1317.278087	137.4
173.4517109	1309.171579	137.5
171.9673184	1301.065072	137.6
170.4829259	1292.958565	137.7
168.9985334	1284.852058	137.8
167.5141409	1276.74555	137.9
166.0297484	1268.639043	138
164.5453559	1260.532536	138.1
163.0609634	1252.426028	138.2
161.5765709	1244.319521	138.3
160.0921784	1236.213014	138.4
158.6077859	1228.106506	138.5
157.1233934	1219.999999	138.6
155.6390009	1211.893492	138.7
154.1546084	1203.786985	138.8
152.6702159	1195.680477	138.9
151.1858234	1187.57397	139
149.7014309	1179.467463	139.1
148.2170384	1171.360955	139.2
146.7326459	1163.254448	139.3
145.2482534	1155.147941	139.4
143.7638609	1147.041433	139.5
142.2794684	1138.934926	139.6
140.7950759	1130.828419	139.7
139.3106835	1122.721911	139.8
137.826291	1114.615404	139.9
136.3418985	1106.508897	140
134.857506	1098.40239	140.1
133.3731135	1090.295882	140.2
131.888721	1082.189375	140.3
130.4043285	1074.082868	140.4
128.919936	1065.97636	140.5
127.4355435	1057.869853	140.6
125.951151	1049.763346	140.7
124.4667585	1041.656838	140.8
122.982366	1033.550331	140.9
121.4979735	1025.443824	141
120.013581	1017.337317	141.1
118.5291885	1009.230809	141.2
117.044796	1001.124302	141.3
115.5604035	993.0177946	141.4
114.076011	984.9112873	141.5
112.5916185	976.80478	141.6
111.107226	964.8817348	141.7
109.6228335	952.7219799	141.8
108.138441	940.562225	141.9
106.6540485	928.4024701	142
105.169656	916.2427152	142.1
103.6852635	904.0829602	142.2
102.200871	891.9232053	142.3
100.7164786	879.7634504	142.4
99.23208606	867.6036955	142.5
97.74769356	855.4439406	142.6
96.26330107	843.2841857	142.7
94.77890857	831.1244308	142.8
93.29451607	818.9646759	142.9
91.81012358	806.804921	143
90.32573108	794.6451661	143.1
88.84133858	782.4854112	143.2
87.35694609	770.3256563	143.3
85.87255359	758.1659014	143.4
84.3881611	746.0061465	143.5
82.9037686	733.8463915	143.6
81.4193761	721.6866366	143.7
80	709.5268817	143.8
80	697.3671268	143.9
80	685.2073719	144
80	673.047617	144.1
80	660.8878621	144.2
80	648.7281072	144.3
80	636.5683523	144.4
80	624.4085974	144.5
80	619.0385416	144.6
80	615.9985975	144.7
80	612.9586534	144.8
80	609.9187093	144.9
80	606.8787652	145
80	603.8388211	145.1
80	600.798877	145.2
80	597.7589329	145.3
80	594.7189888	145.4
80	591.6790447	145.5
80	588.6391006	145.6
80	585.5991565	145.7
80	582.5592124	145.8
80	579.5192683	145.9
80	576.4793242	146
80	573.4393801	146.1
80	570.399436	146.2
80	567.3594918	146.3
80	564.3195477	146.4
80	561.2796036	146.5
80	558.2396595	146.6
80	555.1997154	146.7
80	552.1597713	146.8
80	549.1198272	146.9
80	546.0798831	147
80	543.039939	147.1
80	539.9999949	147.2
80	536.9600508	147.3
80	533.9201067	147.4
80	530.8801626	147.5
80	527.8402185	147.6
80	524.8002744	147.7
80	521.7603303	147.8
80	518.7203862	147.9
80	515.6804421	148
80	512.640498	148.1
80	509.6005539	148.2
80	506.5606098	148.3
80	503.5206657	148.4
80	500.4807216	148.5
80	497.4407775	148.6
80	494.4008334	148.7
80	491.3608892	148.8
80	488.3209451	148.9
80	485.281001	149
80	482.2410569	149.1
80	479.2011128	149.2
80	476.1611687	149.3
80	473.1212246	149.4
80	470.0812805	149.5
80	467.0413364	149.6
80	464.0013923	149.7
80	460.9614482	149.8
80	457.9215041	149.9
80	454.88156	150
80	451.8416159	150.1
80	448.8016718	150.2
80	445.7617277	150.3
80	442.7725085	150.4
80	439.8773274	150.5
80	436.9821463	150.6
80	434.0869652	150.7
80	431.191784	150.8
80	428.2966029	150.9
80	425.4014218	151
80	422.5062407	151.1
80	419.6110595	151.2
80	416.7158784	151.3
80	413.8206973	151.4
80	410.9255162	151.5
80	408.030335	151.6
80	405.1351539	151.7
80	402.2399728	151.8
80	399.3447917	151.9
80	396.4496106	152
80	393.5544294	152.1
80	390.6592483	152.2
80	387.7640672	152.3
80	384.8688861	152.4
80	381.9737049	152.5
80	379.0785238	152.6
80	376.1833427	152.7
80	373.2881616	152.8
80	370.3929804	152.9
80	367.4977993	153
80	364.6026182	153.1
80	361.7074371	153.2
80	358.8122559	153.3
80	355.9170748	153.4
80	353.0218937	153.5
80	350.1267126	153.6
80	347.2315315	153.7
80	344.3363503	153.8
80	341.4411692	153.9
80	338.5459881	154
80	335.650807	154.1
80	332.7556258	154.2
80	329.8604447	154.3
80	326.9652636	154.4
80	324.0700825	154.5
80	321.1749013	154.6
80	318.2797202	154.7
80	315.3845391	154.8
80	312.489358	154.9
80	309.5941768	155
80	306.6989957	155.1
80	303.8038146	155.2
80	300.9086335	155.3
80	298.0134523	155.4
80	295.4881306	155.5
80	294.0405399	155.6
80	292.5929493	155.7
80	291.1453586	155.8
80	289.6977679	155.9
80	288.2501773	156
80	286.8025866	156.1
80	285.354996	156.2
80	283.9074053	156.3
80	282.4598146	156.4
80	281.012224	156.5
80	279.5646333	156.6
80	278.1170427	156.7
80	276.669452	156.8
80	275.2218614	156.9
80	273.7742707	157
80	272.32668	157.1
80	270.8790894	157.2
80	269.4314987	157.3
80	267.9839081	157.4
80	266.5363174	157.5
80	265.0887267	157.6
80	263.6411361	157.7
80	262.1935454	157.8
80	260.7459548	157.9
80	259.2983641	158
80	257.8507734	158.1
80	256.4031828	158.2
80	254.9555921	158.3
80	253.5080015	158.4
80	252.0604108	158.5
80	250.6128201	158.6
80	249.1652295	158.7
80	247.7176388	158.8
80	246.2700482	158.9
80	244.8224575	159
80	243.3748668	159.1
80	241.9272762	159.2
80	240.4796855	159.3
80	239.0320949	159.4
80	237.5845042	159.5
80	236.1369135	159.6
80	234.6893229	159.7
80	233.2417322	159.8
80	231.7941416	159.9
80	230.3465509	160
80	228.8989602	160.1
80	227.4513696	160.2
80	226.0037789	160.3
80	224.5561883	160.4
80	223.1085976	160.5
80	221.812121	160.6
80	221.3054645	160.7
80	220.798808	160.8
80	220.2921515	160.9
80	219.785495	161
80	219.2788386	161.1
80	218.7721821	161.2
80	218.2655256	161.3
80	217.7588691	161.4
80	217.2522126	161.5
80	216.7455561	161.6
80	216.2388997	161.7
80	215.7322432	161.8
80	215.2255867	161.9
80	214.7189302	162
80	214.2122737	162.1
80	213.7056172	162.2
80	213.1989608	162.3
80	212.6923043	162.4
80	212.1856478	162.5
80	211.6789913	162.6
80	211.1723348	162.7
80	210.6656783	162.8
80	210.1590219	162.9
80	209.6523654	163
80	209.1457089	163.1
80	208.6390524	163.2
80	208.1323959	163.3
80	207.6257394	163.4
80	207.119083	163.5
80	206.6124265	163.6
80	206.10577	163.7
80	205.5991135	163.8
80	205.092457	163.9
80	204.5858005	164
80	204.0791441	164.1
80	203.5724876	164.2
80	203.0658311	164.3
80	202.5591746	164.4
80	202.0525181	164.5
80	201.5458616	164.6
80	201.0392052	164.7
80	200.5325487	164.8
80	200.0258922	164.9
80	199.5192357	165
80	199.0125792	165.1
80	198.5059228	165.2
80	197.9992663	165.3
80	197.4926098	165.4
80	196.9859533	165.5
80	196.4792968	165.6
80	195.9726403	165.7
80	195.4659839	165.8
80	194.9593274	165.9
80	194.4526709	166
80	193.9460144	166.1
80	193.4393579	166.2
80	192.9327014	166.3
80	192.426045	166.4
80	190.5650118	166.5
80	188.2911624	166.6
80	186.017313	166.7
80	183.7434636	166.8
80	181.4696141	166.9
80	179.1957647	167
80	176.9219153	167.1
80	174.6480659	167.2
80	172.3742165	167.3
80	170.1003671	167.4
80	167.8265176	167.5
80	165.5526682	167.6
80	163.2788188	167.7
80	161.0049694	167.8
80	158.73112	167.9
80	156.4572706	168
80	154.1834211	168.1
80	151.9095717	168.2
80	149.6357223	168.3
80	147.3618729	168.4
80	145.0880235	168.5
80	142.8141741	168.6
80	140.5403246	168.7
80	138.2664752	168.8
80	135.9926258	168.9
80	133.7187764	169
80	131.444927	169.1
80	129.1710775	169.2
80	126.8972281	169.3
80	124.6233787	169.4
80	122.3495293	169.5
80	120.0756799	169.6
80	117.8018305	169.7
80	115.527981	169.8
80	113.2541316	169.9
80	110.9802822	170
80	108.7064328	170.1
80	106.4325834	170.2
80	104.158734	170.3
80	101.8848845	170.4
80	99.61103513	170.5
80	97.33718571	170.6
80	95.0633363	170.7
80	92.78948688	170.8
80	90.51563746	170.9
80	88.24178804	171
80	85.96793863	171.1
80	83.69408921	171.2
80	81.42023979	171.3
80	79.14639038	171.4
80	76.87254096	171.5
80	74.59869154	171.6
80	72.32484213	171.7
80	70.05099271	171.8
80	67.77714329	171.9
80	65.50329388	172
80	63.22944446	172.1
80	60.95559504	172.2
80	58.68174562	172.3
80	56.40789621	172.4
80	54.13404679	172.5
80	51.86019737	172.6
80	49.58634796	172.7
80	47.31249854	172.8
80	45.03864912	172.9
80	42.76479971	173
80	40.49095029	173.1
80	38.21710087	173.2
80	35.94325145	173.3
80	33.66940204	173.4
80	31.39555262	173.5
80	29.1217032	173.6
80	26.84785379	173.7
80	24.57400437	173.8
80	22.30015495	173.9
80	20.02630554	174
80	17.75245612	174.1
80	15.4786067	174.2
80	13.20475729	174.3
80	10.93090787	174.4
80	9.734521103	174.5
80	9.731404355	174.6
80	9.728287607	174.7
80	9.725170859	174.8
80	9.722054112	174.9
80	9.718937364	175
80	9.715820616	175.1
80	9.712703868	175.2
80	9.70958712	175.3
80	9.706470372	175.4
80	9.703353624	175.5
80	9.700236876	175.6
80	9.697120128	175.7
80	9.69400338	175.8
80	9.690886633	175.9
80	9.687769885	176
80	9.684653137	176.1
80	9.681536389	176.2
80	9.678419641	176.3
80	9.675302893	176.4
80	9.672186145	176.5
80	9.669069397	176.6
80	9.665952649	176.7
80	9.662835902	176.8
80	9.659719154	176.9
80	9.656602406	177
80	9.653485658	177.1
80	9.65036891	177.2
80	9.647252162	177.3
80	9.644135414	177.4
80	9.641018666	177.5
80	9.637901918	177.6
80	9.63478517	177.7
80	9.631668423	177.8
80	9.628551675	177.9
80	9.625434927	178
80	9.622318179	178.1
80	9.619201431	178.2
80	9.616084683	178.3
80	9.612967935	178.4
80	9.609851187	178.5
80	9.606734439	178.6
80	9.603617691	178.7
80	9.600500944	178.8
80	9.597384196	178.9
80	9.594267448	179
80	9.5911507	179.1
80	9.588033952	179.2
80	9.584917204	179.3
80	9.581800456	179.4
80	9.578683708	179.5
80	9.57556696	179.6
80	9.572450213	179.7
80	9.569333465	179.8
80	9.566216717	179.9
80	9.563099969	180
80	9.559983221	180.1
80	9.556866473	180.2
80	9.553749725	180.3
80	9.550632977	180.4
80	9.547516229	180.5
80	9.544399481	180.6
80	9.541282734	180.7
80	9.538165986	180.8
80	9.535049238	180.9
80	9.53193249	181
80	9.528815742	181.1
80	9.525698994	181.2
80	9.522582246	181.3
80	9.519465498	181.4
80	9.51634875	181.5
80	9.513232002	181.6
80	9.510115255	181.7
80	9.506998507	181.8
80	9.503881759	181.9
80	9.500765011	182
80	9.497648263	182.1
80	9.494531515	182.2
80	9.491414767	182.3
80	9.488298019	182.4
80	9.485181271	182.5
80	9.482064524	182.6
80	9.478947776	182.7
80	9.475831028	182.8
80	9.47271428	182.9
80	9.469597532	183
80	9.466480784	183.1
80	9.463364036	183.2
80	9.459329713	183.3
80	9.455174045	183.4
80	9.451018376	183.5
80	9.446862708	183.6
80	9.442707039	183.7
80	9.43855137	183.8
80	9.434395702	183.9
80	9.430240033	184
80	9.426084365	184.1
80	9.421928696	184.2
80	9.417773027	184.3
80	9.413617359	184.4
80	9.40946169	184.5
80	9.405306022	184.6
80	9.401150353	184.7
80	9.396994684	184.8
80	9.392839016	184.9
80	9.388683347	185
80	9.384527679	185.1
80	9.38037201	185.2
80	9.376216341	185.3
80	9.372060673	185.4
80	9.367905004	185.5
80	9.363749336	185.6
80	9.359593667	185.7
80	9.355437998	185.8
80	9.35128233	185.9
80	9.347126661	186
80	9.342970993	186.1
80	9.338815324	186.2
80	9.334659655	186.3
80	9.330503987	186.4
80	9.326348318	186.5
80	9.322192649	186.6
80	9.318036981	186.7
80	9.313881312	186.8
80	9.309725644	186.9
80	9.305569975	187
80	9.301414306	187.1
80	9.297258638	187.2
80	9.293102969	187.3
80	9.288947301	187.4
80	9.284791632	187.5
80	9.280635963	187.6
80	9.276480295	187.7
80	9.272324626	187.8
80	9.268168958	187.9
80	9.264013289	188
80	9.25985762	188.1
80	9.255701952	188.2
80	9.251546283	188.3
80	9.247390615	188.4
80	9.243234946	188.5
80	9.239079277	188.6
80	9.234923609	188.7
80	9.23076794	188.8
80	9.226612272	188.9
80	9.222456603	189
80	9.218300934	189.1
80	9.214145266	189.2
80	9.209989597	189.3
80	9.205833929	189.4
80	9.20167826	189.5
80	9.197522591	189.6
80	9.193366923	189.7
80	9.189211254	189.8
80	9.185055585	189.9
80	9.180899917	190
80	9.176744248	190.1
80	9.17258858	190.2
80	9.168432911	190.3
80	9.164277242	190.4
80	9.160121574	190.5
80	9.155965905	190.6
80	9.151810237	190.7
80	9.147654568	190.8
80	9.143498899	190.9
80	9.139343231	191
80	9.135187562	191.1
80	9.131031894	191.2
80	9.126876225	191.3
80	9.122720556	191.4
80	9.118564888	191.5
80	9.114409219	191.6
80	9.110253551	191.7
80	9.106097882	191.8
80	9.101942213	191.9
80	9.097786545	192
80	9.093630876	192.1
80	9.089475208	192.2
80	9.085319539	192.3
80	9.08116387	192.4
80	9.077008202	192.5
80	9.072852533	192.6
80	9.068696865	192.7
80	9.064541196	192.8
80	9.060385527	192.9
80	9.056229859	193
80	9.05207419	193.1
80	9.047918521	193.2
80	9.043762853	193.3
80	9.039607184	193.4
80	9.035451516	193.5
80	9.031295847	193.6
80	9.027140178	193.7
80	9.02298451	193.8
80	9.018828841	193.9
80	9.014673173	194
80	9.010517504	194.1
80	9.006361835	194.2
80	9.002206167	194.3
80	8.998050498	194.4
80	8.99389483	194.5
80	8.989739161	194.6
80	8.985583492	194.7
80	8.981427824	194.8
80	8.977272155	194.9
80	8.973116487	195
80	8.968960818	195.1
80	8.964805149	195.2
80	8.960649481	195.3
80	8.956493812	195.4
80	8.952338144	195.5
80	8.948182475	195.6
80	8.944026806	195.7
80	8.939871138	195.8
80	8.935715469	195.9
80	8.931559801	196
80	8.927404132	196.1
80	8.923248463	196.2
80	8.919092795	196.3
80	8.915571859	196.4
80	8.912694861	196.5
80	8.909817864	196.6
80	8.906940867	196.7
80	8.904063869	196.8
80	8.901186872	196.9
80	8.898309875	197
80	8.895432877	197.1
80	8.89255588	197.2
80	8.889678883	197.3
80	8.886801886	197.4
80	8.883924888	197.5
80	8.881047891	197.6
80	8.878170894	197.7
80	8.875293896	197.8
80	8.872416899	197.9
80	8.869539902	198
80	8.866662904	198.1
80	8.863785907	198.2
80	8.86090891	198.3
80	8.858031913	198.4
80	8.855154915	198.5
80	8.852277918	198.6
80	8.849400921	198.7
80	8.846523923	198.8
80	8.843646926	198.9
80	8.840769929	199
80	8.837892931	199.1
80	8.835015934	199.2
80	8.832138937	199.3
80	8.82926194	199.4
80	8.826384942	199.5
80	8.823507945	199.6
80	8.820630948	199.7
80	8.81775395	199.8
80	8.814876953	199.9
80	8.811999956	200
80	8.809122958	200.1
80	8.806245961	200.2
80	8.803368964	200.3
80	8.800491967	200.4
80	8.797614969	200.5
80	8.794737972	200.6
80	8.791860975	200.7
80	8.788983977	200.8
80	8.78610698	200.9
80	8.783229983	201
80	8.780352985	201.1
80	8.777475988	201.2
80	8.774598991	201.3
80	8.771721994	201.4
80	8.768844996	201.5
80	8.765967999	201.6
80	8.763091002	201.7
80	8.760214004	201.8
80	8.757337007	201.9
80	8.75446001	202
80	8.751583012	202.1
80	8.748706015	202.2
80	8.745829018	202.3
80	8.742952021	202.4
80	8.740075023	202.5
80	8.737198026	202.6
80	8.734321029	202.7
80	8.731444031	202.8
80	8.728567034	202.9
80	8.725690037	203
80	8.722813039	203.1
80	8.719936042	203.2
80	8.717059045	203.3
80	8.714182048	203.4
80	8.71130505	203.5
80	8.708428053	203.6
80	8.705551056	203.7
80	8.702674058	203.8
80	8.699797061	203.9
80	8.696920064	204
80	8.694043066	204.1
80	8.691166069	204.2
80	8.688289072	204.3
80	8.685412075	204.4
80	8.682535077	204.5
80	8.67965808	204.6
80	8.676781083	204.7
80	8.673904085	204.8
80	8.671027088	204.9
80	8.668150091	205
80	8.665273093	205.1
80	8.662396096	205.2
80	8.659519099	205.3
80	8.656642102	205.4
80	8.653765104	205.5
80	8.650888107	205.6
80	8.64801111	205.7
80	8.645134112	205.8
80	8.641734247	205.9
80	8.637994147	206
80	8.634254047	206.1
80	8.630513947	206.2
80	8.626773847	206.3
80	8.623033747	206.4
80	8.619293647	206.5
80	8.615553547	206.6
80	8.611813447	206.7
80	8.608073347	206.8
80	8.604333247	206.9
80	8.600593147	207
80	8.596853047	207.1
80	8.593112947	207.2
80	8.589372847	207.3
80	8.585632747	207.4
80	8.581892647	207.5
80	8.578152547	207.6
80	8.574412447	207.7
80	8.570672347	207.8
80	8.566932247	207.9
80	8.563192147	208
80	8.559452047	208.1
80	8.555711947	208.2
80	8.551971846	208.3
80	8.548231746	208.4
80	8.544491646	208.5
80	8.540751546	208.6
80	8.537011446	208.7
80	8.533271346	208.8
80	8.529531246	208.9
80	8.525791146	209
80	8.522051046	209.1
80	8.518310946	209.2
80	8.514570846	209.3
80	8.510830746	209.4
80	8.507090646	209.5
80	8.503350546	209.6
80	8.499610446	209.7
80	8.495870346	209.8
80	8.492130246	209.9
80	8.488390146	210
80	8.484650046	210.1
80	8.480909946	210.2
80	8.477169846	210.3
80	8.473429746	210.4
80	8.469689646	210.5
80	8.465949546	210.6
80	8.462209446	210.7
80	8.458469346	210.8
80	8.454729246	210.9
80	8.450989145	211
80	8.447249045	211.1
80	8.443508945	211.2
80	8.439768845	211.3
80	8.436028745	211.4
80	8.432288645	211.5
80	8.428548545	211.6
80	8.424808445	211.7
80	8.421068345	211.8
80	8.417328245	211.9
80	8.413588145	212
80	8.409848045	212.1
80	8.406107945	212.2
80	8.402367845	212.3
80	8.398627745	212.4
80	8.394887645	212.5
80	8.391147545	212.6
80	8.387407445	212.7
80	8.383667345	212.8
80	8.379927245	212.9
80	8.376187145	213
80	8.372447045	213.1
80	8.368915402	213.2
80	8.365515309	213.3
80	8.362115215	213.4
80	8.358715121	213.5
80	8.355315027	213.6
80	8.351914933	213.7
80	8.348514839	213.8
80	8.345114745	213.9
80	8.341714651	214
80	8.338314557	214.1
80	8.334914463	214.2
80	8.331514369	214.3
80	8.328114276	214.4
80	8.324714182	214.5
80	8.321314088	214.6
80	8.317913994	214.7
80	8.3145139	214.8
80	8.311113806	214.9
80	8.307713712	215
80	8.304313618	215.1
80	8.300913524	215.2
80	8.29751343	215.3
80	8.294113336	215.4
80	8.290713243	215.5
80	8.287313149	215.6
80	8.283913055	215.7
80	8.280512961	215.8
80	8.277112867	215.9
80	8.273712773	216
80	8.270312679	216.1
80	8.266912585	216.2
80	8.263512491	216.3
80	8.260112397	216.4
80	8.256712303	216.5
80	8.25331221	216.6
80	8.249912116	216.7
80	8.246512022	216.8
80	8.243111928	216.9
80	8.239711834	217
80	8.23631174	217.1
80	8.232911646	217.2
80	8.229511552	217.3
80	8.226111458	217.4
80	8.222711364	217.5
80	8.219311271	217.6
80	8.215911177	217.7
80	8.212511083	217.8
80	8.209110989	217.9
80	8.205710895	218
80	8.202310801	218.1
80	8.198910707	218.2
80	8.195510613	218.3
80	8.192110519	218.4
80	8.188710425	218.5
80	8.185310331	218.6
80	8.181910238	218.7
80	8.178510144	218.8
80	8.17511005	218.9
80	8.171709956	219
80	8.168309862	219.1
80	8.164909768	219.2
80	8.161509674	219.3
80	8.15810958	219.4
80	8.154709486	219.5
80	8.151309392	219.6
80	8.147909298	219.7
80	8.144509205	219.8
80	8.141109111	219.9
80	8.137709017	220
80	8.134308923	220.1
80	8.130908829	220.2
80	8.127508735	220.3
80	8.124108641	220.4
80	8.120708547	220.5
80	8.117308453	220.6
80	8.113908359	220.7
80	8.110508265	220.8
80	8.107108172	220.9
80	8.103708078	221
80	8.100307984	221.1
80	8.09679868	221.2
80	8.09305858	221.3
80	8.08931848	221.4
80	8.08557838	221.5
80	8.08183828	221.6
80	8.07809818	221.7
80	8.07435808	221.8
80	8.07061798	221.9
80	8.06687788	222
80	8.06313778	222.1
80	8.059397679	222.2
80	8.055657579	222.3
80	8.051917479	222.4
80	8.048177379	222.5
80	8.044437279	222.6
80	8.040697179	222.7
80	8.036957079	222.8
80	8.033216979	222.9
80	8.029476879	223
80	8.025736779	223.1
80	8.021996679	223.2
80	8.018256579	223.3
80	8.014516479	223.4
80	8.010776379	223.5
80	8.007036279	223.6
80	8.003296179	223.7
80	7.999556079	223.8
80	7.995815979	223.9
80	7.992075879	224
80	7.988335779	224.1
80	7.984595679	224.2
80	7.980855579	224.3
80	7.977115479	224.4
80	7.973375379	224.5
80	7.969635279	224.6
80	7.965895179	224.7
80	7.962155079	224.8
80	7.958414978	224.9
80	7.954674878	225
80	7.950934778	225.1
80	7.947194678	225.2
80	7.943454578	225.3
80	7.939714478	225.4
80	7.935974378	225.5
80	7.932234278	225.6
80	7.928494178	225.7
80	7.924754078	225.8
80	7.921013978	225.9
80	7.917273878	226
80	7.913533778	226.1
80	7.909793678	226.2
80	7.906053578	226.3
80	7.902313478	226.4
80	7.898573378	226.5
80	7.894833278	226.6
80	7.891093178	226.7
80	7.887353078	226.8
80	7.883612978	226.9
80	7.879872878	227
80	7.876132778	227.1
80	7.872392678	227.2
80	7.868652578	227.3
80	7.864912478	227.4
80	7.861172378	227.5
80	7.857432277	227.6
80	7.853692177	227.7
80	7.849952077	227.8
80	7.846211977	227.9
80	7.842471877	228
80	7.838731777	228.1
80	7.834991677	228.2
80	7.831251577	228.3
80	7.827511477	228.4
80	7.823976148	228.5
80	7.8208594	228.6
80	7.817742653	228.7
80	7.814625905	228.8
80	7.811509157	228.9
80	7.808392409	229
80	7.805275661	229.1
80	7.802158913	229.2
80	7.799042165	229.3
80	7.795925417	229.4
80	7.792808669	229.5
80	7.789691921	229.6
80	7.786575174	229.7
80	7.783458426	229.8
80	7.780341678	229.9
80	7.77722493	230
80	7.774108182	230.1
80	7.770991434	230.2
80	7.767874686	230.3
80	7.764757938	230.4
80	7.76164119	230.5
80	7.758524442	230.6
80	7.755407695	230.7
80	7.752290947	230.8
80	7.749174199	230.9
80	7.746057451	231
80	7.742940703	231.1
80	7.739823955	231.2
80	7.736707207	231.3
80	7.733590459	231.4
80	7.730473711	231.5
80	7.727356964	231.6
80	7.724240216	231.7
80	7.721123468	231.8
80	7.71800672	231.9
80	7.714889972	232
80	7.711773224	232.1
80	7.708656476	232.2
80	7.705539728	232.3
80	7.70242298	232.4
80	7.699306232	232.5
80	7.696189485	232.6
80	7.693072737	232.7
80	7.689955989	232.8
80	7.686839241	232.9
80	7.683722493	233
80	7.680605745	233.1
80	7.677488997	233.2
80	7.674372249	233.3
80	7.671255501	233.4
80	7.668138754	233.5
80	7.665022006	233.6
80	7.661905258	233.7
80	7.65878851	233.8
80	7.655671762	233.9
80	7.652555014	234
80	7.649438266	234.1
80	7.646321518	234.2
80	7.64320477	234.3
80	7.640088022	234.4
80	7.636971275	234.5
80	7.633854527	234.6
80	7.630737779	234.7
80	7.627621031	234.8
80	7.624504283	234.9
80	7.621387535	235
80	7.618270787	235.1
80	7.615154039	235.2
80	7.612037291	235.3
80	7.608920543	235.4
80	7.605803796	235.5
80	7.602687048	235.6
80	7.5995703	235.7
80	7.596453552	235.8
80	7.593336804	235.9
80	7.590220056	236
80	7.587103308	236.1
80	7.58398656	236.2
80	7.580869812	236.3
80	7.577753065	236.4
80	7.574636317	236.5
80	7.571519569	236.6
80	7.568402821	236.7
80	7.565286073	236.8
80	7.562169325	236.9
80	7.559052577	237
80	7.555935829	237.1
80	7.552819081	237.2
80	7.548553494	237.3
80	7.543878364	237.4
80	7.539203235	237.5
80	7.534528105	237.6
80	7.529852975	237.7
80	7.525177845	237.8
80	7.520502715	237.9
80	7.515827585	238
80	7.511152455	238.1
80	7.506477326	238.2
80	7.501802196	238.3
80	7.497127066	238.4
80	7.492451936	238.5
80	7.487776806	238.6
80	7.483101676	238.7
80	7.478426547	238.8
80	7.473751417	238.9
80	7.469076287	239
80	7.464401157	239.1
80	7.459726027	239.2
80	7.455050897	239.3
80	7.450375767	239.4
80	7.445700638	239.5
80	7.441025508	239.6
80	7.436350378	239.7
80	7.431675248	239.8
80	7.427000118	239.9
80	7.422324988	240
80	7.417649858	240.1
80	7.412974729	240.2
80	7.408299599	240.3
80	7.403624469	240.4
80	7.398949339	240.5
80	7.394274209	240.6
80	7.389599079	240.7
80	7.38492395	240.8
80	7.38024882	240.9
80	7.37557369	241
80	7.37089856	241.1
80	7.36622343	241.2
80	7.3615483	241.3
80	7.35687317	241.4
80	7.352198041	241.5
80	7.347522911	241.6
80	7.342847781	241.7
80	7.338172651	241.8
80	7.333497521	241.9
80	7.328822391	242
80	7.324147261	242.1
80	7.319472132	242.2
80	7.314797002	242.3
80	7.310121872	242.4
80	7.305446742	242.5
80	7.300771612	242.6
80	7.296096482	242.7
80	7.291421352	242.8
80	7.286746223	242.9
80	7.282071093	243
80	7.277395966	243.1
80	7.272720844	243.2
80	7.268045722	243.3
80	7.2633706	243.4
80	7.258695478	243.5
80	7.254020356	243.6
80	7.249345235	243.7
80	7.244670113	243.8
80	7.239994991	243.9
80	7.235319869	244
80	7.230644747	244.1
80	7.225969625	244.2
80	7.221294504	244.3
80	7.216619382	244.4
80	7.21194426	244.5
80	7.207269138	244.6
80	7.202594016	244.7
80	7.197918894	244.8
80	7.193243772	244.9
80	7.188568651	245
80	7.183893529	245.1
80	7.179218407	245.2
80	7.174543285	245.3
80	7.169868163	245.4
80	7.165193041	245.5
80	7.16051792	245.6
80	7.155842798	245.7
80	7.151167676	245.8
80	7.146492554	245.9
80	7.141817432	246
80	7.13714231	246.1
80	7.132467189	246.2
80	7.127792067	246.3
80	7.123116945	246.4
80	7.118441823	246.5
80	7.113766701	246.6
80	7.109091579	246.7
80	7.104416457	246.8
80	7.099741336	246.9
80	7.095066214	247
80	7.090391092	247.1
80	7.08571597	247.2
80	7.081040848	247.3
80	7.076365726	247.4
80	7.071690605	247.5
80	7.067015483	247.6
80	7.062340361	247.7
80	7.057665239	247.8
80	7.052990117	247.9
80	7.048314995	248
80	7.043639873	248.1
80	7.038964752	248.2
80	7.03428963	248.3
80	7.029614508	248.4
80	7.024939386	248.5
80	7.020264264	248.6
80	7.015589142	248.7
80	7.010914021	248.8
80	7.006238899	248.9
80	7.002056686	249
80	6.997901017	249.1
80	6.993745349	249.2
80	6.98958968	249.3
80	6.985434012	249.4
80	6.981278343	249.5
80	6.977122674	249.6
80	6.972967006	249.7
80	6.968811337	249.8
80	6.964655669	249.9
80	6.9605	250
80	6.956344331	250.1
80	6.952188663	250.2
80	6.948032994	250.3
80	6.943877326	250.4
80	6.939721657	250.5
80	6.935565988	250.6
80	6.93141032	250.7
80	6.927254651	250.8
80	6.923098983	250.9
80	6.918943314	251
80	6.914787645	251.1
80	6.910631977	251.2
80	6.906476308	251.3
80	6.90232064	251.4
80	6.898164971	251.5
80	6.894009302	251.6
80	6.889853634	251.7
80	6.885697965	251.8
80	6.881542296	251.9
80	6.877386628	252
80	6.873230959	252.1
80	6.869075291	252.2
80	6.864919622	252.3
80	6.860763953	252.4
80	6.856608285	252.5
80	6.852452616	252.6
80	6.848296948	252.7
80	6.844141279	252.8
80	6.83998561	252.9
80	6.835829942	253
80	6.831674273	253.1
80	6.827518605	253.2
80	6.823362936	253.3
80	6.819207267	253.4
80	6.815051599	253.5
80	6.81089593	253.6
80	6.806740262	253.7
80	6.802584593	253.8
80	6.798428924	253.9
80	6.794273256	254
80	6.790117587	254.1
80	6.785961919	254.2
80	6.78180625	254.3
80	6.777650581	254.4
80	6.773494913	254.5
80	6.769339244	254.6
80	6.765183576	254.7
80	6.761027907	254.8
80	6.756872238	254.9
80	6.75271657	255
80	6.748560901	255.1
80	6.744405232	255.2
80	6.740249564	255.3
80	6.736093895	255.4
80	6.732044404	255.5
80	6.728304304	255.6
80	6.724564204	255.7
80	6.720824104	255.8
80	6.717084004	255.9
80	6.713343904	256
80	6.709603804	256.1
80	6.705863704	256.2
80	6.702123604	256.3
80	6.698383504	256.4
80	6.694643404	256.5
80	6.690903304	256.6
80	6.687163204	256.7
80	6.683423104	256.8
80	6.679683004	256.9
80	6.675942904	257
80	6.672202804	257.1
80	6.668462704	257.2
80	6.664722604	257.3
80	6.660982504	257.4
80	6.657242404	257.5
80	6.653502304	257.6
80	6.649762204	257.7
80	6.646022104	257.8
80	6.642282004	257.9
80	6.638541904	258
80	6.634801803	258.1
80	6.631061703	258.2
80	6.627321603	258.3
80	6.623581503	258.4
80	6.619841403	258.5
80	6.616101303	258.6
80	6.612361203	258.7
80	6.608621103	258.8
80	6.604881003	258.9
80	6.601140903	259
80	6.597400803	259.1
80	6.593660703	259.2
80	6.589920603	259.3
80	6.586180503	259.4
80	6.582440403	259.5
80	6.578700303	259.6
80	6.574960203	259.7
80	6.571220103	259.8
80	6.567480003	259.9
80	6.563739903	260
80	6.559999803	260.1
80	6.556259703	260.2
80	6.552519603	260.3
80	6.548779503	260.4
80	6.545039403	260.5
80	6.541299303	260.6
80	6.537559202	260.7
80	6.533819102	260.8
80	6.530079002	260.9
80	6.526338902	261
80	6.522598802	261.1
80	6.518858702	261.2
80	6.515118602	261.3
80	6.511378502	261.4
80	6.507638402	261.5
80	6.503898302	261.6
80	6.500158202	261.7
80	6.496418102	261.8
80	6.492678002	261.9
80	6.488937902	262
80	6.485197802	262.1
80	6.481457702	262.2
80	6.477717602	262.3
80	6.473977502	262.4
80	6.470237402	262.5
80	6.466497302	262.6
80	6.462757202	262.7
80	6.45859586	262.8
80	6.453252861	262.9
80	6.447909862	263
80	6.442566863	263.1
80	6.437223864	263.2
80	6.431880865	263.3
80	6.426537866	263.4
80	6.421194867	263.5
80	6.415851868	263.6
80	6.410508869	263.7
80	6.40516587	263.8
80	6.399822871	263.9
80	6.394479872	264
80	6.389136873	264.1
80	6.383793874	264.2
80	6.378450875	264.3
80	6.373107876	264.4
80	6.367764877	264.5
80	6.362421878	264.6
80	6.357078879	264.7
80	6.35173588	264.8
80	6.346392881	264.9
80	6.341049882	265
80	6.335706883	265.1
80	6.330363884	265.2
80	6.325020885	265.3
80	6.319677886	265.4
80	6.314334887	265.5
80	6.308991888	265.6
80	6.303648889	265.7
80	6.29830589	265.8
80	6.292962891	265.9
80	6.287619892	266
80	6.282276893	266.1
80	6.276933894	266.2
80	6.271590895	266.3
80	6.266247896	266.4
80	6.260904897	266.5
80	6.255561898	266.6
80	6.250218899	266.7
80	6.2448759	266.8
80	6.239532901	266.9
80	6.234189902	267
80	6.228846903	267.1
80	6.223503904	267.2
80	6.218160905	267.3
80	6.212817906	267.4
80	6.207474906	267.5
80	6.202131907	267.6
80	6.196788908	267.7
80	6.191445909	267.8
80	6.186215047	267.9
80	6.181539925	268
80	6.176864803	268.1
80	6.172189682	268.2
80	6.16751456	268.3
80	6.162839438	268.4
80	6.158164316	268.5
80	6.153489194	268.6
80	6.148814072	268.7
80	6.14413895	268.8
80	6.139463829	268.9
80	6.134788707	269
80	6.130113585	269.1
80	6.125438463	269.2
80	6.120763341	269.3
80	6.116088219	269.4
80	6.111413098	269.5
80	6.106737976	269.6
80	6.102062854	269.7
80	6.097387732	269.8
80	6.09271261	269.9
80	6.088037488	270
80	6.083362366	270.1
80	6.078687245	270.2
80	6.074012123	270.3
80	6.069337001	270.4
80	6.064661879	270.5
80	6.059986757	270.6
80	6.055311635	270.7
80	6.050636514	270.8
80	6.045961392	270.9
80	6.04128627	271
80	6.036611148	271.1
80	6.031936026	271.2
80	6.027260904	271.3
80	6.022585782	271.4
80	6.017910661	271.5
80	6.013235539	271.6
80	6.008560417	271.7
80	6.003885295	271.8
80	5.999210173	271.9
80	5.994535051	272
80	5.98985993	272.1
80	5.985184808	272.2
80	5.980509686	272.3
80	5.975834564	272.4
80	5.971159442	272.5
80	5.96648432	272.6
80	5.961809199	272.7
80	5.957134077	272.8
80	5.952458955	272.9
80	5.947783833	273
80	5.943108711	273.1
80	5.938433589	273.2
80	5.933758467	273.3
80	5.929083346	273.4
80	5.924408224	273.5
80	5.919733102	273.6
80	5.91505798	273.7
80	5.910784759	273.8
80	5.906629091	273.9
80	5.902473422	274
80	5.898317753	274.1
80	5.894162085	274.2
80	5.890006416	274.3
80	5.885850748	274.4
80	5.881695079	274.5
80	5.87753941	274.6
80	5.873383742	274.7
80	5.869228073	274.8
80	5.865072405	274.9
80	5.860916736	275
80	5.856761067	275.1
80	5.852605399	275.2
80	5.84844973	275.3
80	5.844294062	275.4
80	5.840138393	275.5
80	5.835982724	275.6
80	5.831827056	275.7
80	5.827671387	275.8
80	5.823515718	275.9
80	5.81936005	276
80	5.815204381	276.1
80	5.811048713	276.2
80	5.806893044	276.3
80	5.802737375	276.4
80	5.798581707	276.5
80	5.794426038	276.6
80	5.79027037	276.7
80	5.786114701	276.8
80	5.781959032	276.9
80	5.777803364	277
80	5.773647695	277.1
80	5.769492027	277.2
80	5.765336358	277.3
80	5.761180689	277.4
80	5.757025021	277.5
80	5.752869352	277.6
80	5.748713684	277.7
80	5.744558015	277.8
80	5.740402346	277.9
80	5.736246678	278
80	5.732091009	278.1
80	5.727935341	278.2
80	5.723779672	278.3
80	5.719624003	278.4
80	5.715468335	278.5
80	5.711312666	278.6
80	5.707156998	278.7
80	5.703001329	278.8
80	5.69884566	278.9
80	5.694689992	279
80	5.690534323	279.1
80	5.686378654	279.2
80	5.682222986	279.3
80	5.678067317	279.4
80	5.673911649	279.5
80	5.66975598	279.6
80	5.665600311	279.7
80	5.661444643	279.8
80	5.657288974	279.9
80	5.653133306	280
80	5.648977637	280.1
80	5.644821968	280.2
80	5.64069967	280.3
80	5.63695957	280.4
80	5.63321947	280.5
80	5.62947937	280.6
80	5.62573927	280.7
80	5.62199917	280.8
80	5.61825907	280.9
80	5.61451897	281
80	5.61077887	281.1
80	5.60703877	281.2
80	5.60329867	281.3
80	5.59955857	281.4
80	5.59581847	281.5
80	5.592078369	281.6
80	5.588338269	281.7
80	5.584598169	281.8
80	5.580858069	281.9
80	5.577117969	282
80	5.573377869	282.1
80	5.569637769	282.2
80	5.565897669	282.3
80	5.562157569	282.4
80	5.558417469	282.5
80	5.554677369	282.6
80	5.550937269	282.7
80	5.547197169	282.8
80	5.543457069	282.9
80	5.539716969	283
80	5.535976869	283.1
80	5.532236769	283.2
80	5.528496669	283.3
80	5.524756569	283.4
80	5.521016469	283.5
80	5.517276369	283.6
80	5.513536269	283.7
80	5.509796169	283.8
80	5.506056069	283.9
80	5.502315969	284
80	5.498575869	284.1
80	5.494835769	284.2
80	5.491095668	284.3
80	5.487355568	284.4
80	5.483615468	284.5
80	5.479875368	284.6
80	5.476135268	284.7
80	5.472395168	284.8
80	5.468655068	284.9
80	5.464914968	285
80	5.461174868	285.1
80	5.457434768	285.2
80	5.453694668	285.3
80	5.449954568	285.4
80	5.446214468	285.5
80	5.442474368	285.6
80	5.438734268	285.7
80	5.434994168	285.8
80	5.431254068	285.9
80	5.427513968	286
80	5.423773868	286.1
80	5.420033768	286.2
80	5.416293668	286.3
80	5.412553568	286.4
80	5.408813468	286.5
80	5.405073368	286.6
80	5.401333268	286.7
80	5.397593168	286.8
80	5.393853067	286.9
80	5.390112967	287
80	5.386372867	287.1
80	5.382632767	287.2
80	5.378892667	287.3
80	5.375152567	287.4
80	5.371412467	287.5
80	5.367453945	287.6
80	5.361220442	287.7
80	5.354986939	287.8
80	5.348753436	287.9
80	5.342519934	288
80	5.336286431	288.1
80	5.330052928	288.2
80	5.323819425	288.3
80	5.317585922	288.4
80	5.311352419	288.5
80	5.305118916	288.6
80	5.298885413	288.7
80	5.29265191	288.8
80	5.286418407	288.9
80	5.280184904	289
80	5.273951402	289.1
80	5.267717899	289.2
80	5.261484396	289.3
80	5.255250893	289.4
80	5.24901739	289.5
80	5.242783887	289.6
80	5.236550384	289.7
80	5.230316881	289.8
80	5.224083378	289.9
80	5.217849875	290
80	5.211616372	290.1
80	5.20538287	290.2
80	5.199149367	290.3
80	5.192915864	290.4
80	5.186682361	290.5
80	5.180448858	290.6
80	5.174215355	290.7
80	5.167981852	290.8
80	5.161748349	290.9
80	5.155514846	291
80	5.149281343	291.1
80	5.14304784	291.2
80	5.136814338	291.3
80	5.130580835	291.4
80	5.124347332	291.5
80	5.118113829	291.6
80	5.111880326	291.7
80	5.105646823	291.8
80	5.09941332	291.9
80	5.093907891	292
80	5.090167791	292.1
80	5.086427691	292.2
80	5.082687591	292.3
80	5.078947491	292.4
80	5.075207391	292.5
80	5.071467291	292.6
80	5.067727191	292.7
80	5.06398709	292.8
80	5.06024699	292.9
80	5.05650689	293
80	5.05276679	293.1
80	5.04902669	293.2
80	5.04528659	293.3
80	5.04154649	293.4
80	5.03780639	293.5
80	5.03406629	293.6
80	5.03032619	293.7
80	5.02658609	293.8
80	5.02284599	293.9
80	5.01910589	294
80	5.01536579	294.1
80	5.01162569	294.2
80	5.00788559	294.3
80	5.00414549	294.4
80	5.00040539	294.5
80	4.99666529	294.6
80	4.99292519	294.7
80	4.98918509	294.8
80	4.98544499	294.9
80	4.98170489	295
80	4.97796479	295.1
80	4.97422469	295.2
80	4.97048459	295.3
80	4.96674449	295.4
80	4.963004389	295.5
80	4.959264289	295.6
80	4.955524189	295.7
80	4.951784089	295.8
80	4.948043989	295.9
80	4.944303889	296
80	4.940563789	296.1
80	4.936823689	296.2
80	4.933083589	296.3
80	4.929343489	296.4
80	4.925603389	296.5
80	4.921863289	296.6
80	4.918123189	296.7
80	4.914383089	296.8
80	4.910642989	296.9
80	4.906902889	297
80	4.903162789	297.1
80	4.899422689	297.2
80	4.895682589	297.3
80	4.891942489	297.4
80	4.888202389	297.5
80	4.884462289	297.6
80	4.880722189	297.7
80	4.876982089	297.8
80	4.873241989	297.9
80	4.869501889	298
80	4.865761789	298.1
80	4.862021688	298.2
80	4.858281588	298.3
80	4.854541488	298.4
80	4.850801388	298.5
80	4.847061288	298.6
80	4.843321188	298.7
80	4.839581088	298.8
80	4.835840988	298.9
80	4.832100888	299
80	4.828360788	299.1
80	4.824620688	299.2
80	4.82075621	299.3
80	4.816600548	299.4
80	4.812444886	299.5
80	4.808289223	299.6
80	4.804133561	299.7
80	4.799977899	299.8
80	4.795822237	299.9
80	4.791666574	300
80	4.787510912	300.1
80	4.78335525	300.2
80	4.779199587	300.3
80	4.775043925	300.4
80	4.770888263	300.5
80	4.766732601	300.6
80	4.762576938	300.7
80	4.758421276	300.8
80	4.754265614	300.9
80	4.750109952	301
80	4.745954289	301.1
80	4.741798627	301.2
80	4.737642965	301.3
80	4.733487302	301.4
80	4.72933164	301.5
80	4.725175978	301.6
80	4.721020316	301.7
80	4.716864653	301.8
80	4.712708991	301.9
80	4.708553329	302
80	4.704397666	302.1
80	4.700242004	302.2
80	4.696086342	302.3
80	4.69193068	302.4
80	4.687775017	302.5
80	4.683619355	302.6
80	4.679463693	302.7
80	4.67530803	302.8
80	4.671152368	302.9
80	4.666996706	303
80	4.662841044	303.1
80	4.658685381	303.2
80	4.654529719	303.3
80	4.650374057	303.4
80	4.646218395	303.5
80	4.642062732	303.6
80	4.63790707	303.7
80	4.633751408	303.8
80	4.629595745	303.9
80	4.625440083	304
80	4.621284421	304.1
80	4.617128759	304.2
80	4.612973096	304.3
80	4.608817434	304.4
80	4.604661772	304.5
80	4.600506109	304.6
80	4.596350447	304.7
80	4.592194785	304.8
80	4.588039123	304.9
80	4.58388346	305
80	4.579727798	305.1
80	4.575572136	305.2
80	4.571416473	305.3
80	4.567260811	305.4
80	4.563105149	305.5
80	4.558949487	305.6
80	4.554793824	305.7
80	4.550638162	305.8
80	4.546167806	305.9
80	4.541492676	306
80	4.536817547	306.1
80	4.532142417	306.2
80	4.527467287	306.3
80	4.522792157	306.4
80	4.518117027	306.5
80	4.513441897	306.6
80	4.508766768	306.7
80	4.504091638	306.8
80	4.499416508	306.9
80	4.494741378	307
80	4.490066248	307.1
80	4.485391118	307.2
80	4.480715988	307.3
80	4.476040859	307.4
80	4.471365729	307.5
80	4.466690599	307.6
80	4.462015469	307.7
80	4.457340339	307.8
80	4.452665209	307.9
80	4.447990079	308
80	4.44331495	308.1
80	4.43863982	308.2
80	4.43396469	308.3
80	4.42928956	308.4
80	4.42461443	308.5
80	4.4199393	308.6
80	4.415264171	308.7
80	4.410589041	308.8
80	4.405913911	308.9
80	4.401238781	309
80	4.396563651	309.1
80	4.391888521	309.2
80	4.387213391	309.3
80	4.382538262	309.4
80	4.377863132	309.5
80	4.373188002	309.6
80	4.368512872	309.7
80	4.363837742	309.8
80	4.359162612	309.9
80	4.354487482	310
80	4.349812353	310.1
80	4.345137223	310.2
80	4.340462093	310.3
80	4.335786963	310.4
80	4.331111833	310.5
80	4.326436703	310.6
80	4.321761574	310.7
80	4.317086444	310.8
80	4.312411314	310.9
80	4.307736184	311
80	4.303061054	311.1
80	4.298385924	311.2
80	4.293710794	311.3
80	4.289035665	311.4
80	4.284360535	311.5
80	4.279685405	311.6
80	4.275120246	311.7
80	4.270964584	311.8
80	4.266808922	311.9
80	4.262653259	312
80	4.258497597	312.1
80	4.254341935	312.2
80	4.250186273	312.3
80	4.24603061	312.4
80	4.241874948	312.5
80	4.237719286	312.6
80	4.233563623	312.7
80	4.229407961	312.8
80	4.225252299	312.9
80	4.221096637	313
80	4.216940974	313.1
80	4.212785312	313.2
80	4.20862965	313.3
80	4.204473988	313.4
80	4.200318325	313.5
80	4.196162663	313.6
80	4.192007001	313.7
80	4.187851338	313.8
80	4.183695676	313.9
80	4.179540014	314
80	4.175384352	314.1
80	4.171228689	314.2
80	4.167073027	314.3
80	4.162917365	314.4
80	4.158761702	314.5
80	4.15460604	314.6
80	4.150450378	314.7
80	4.146294716	314.8
80	4.142139053	314.9
80	4.137983391	315
80	4.133827729	315.1
80	4.129672066	315.2
80	4.125516404	315.3
80	4.121360742	315.4
80	4.11720508	315.5
80	4.113049417	315.6
80	4.108893755	315.7
80	4.104738093	315.8
80	4.100582431	315.9
80	4.096426768	316
80	4.092271106	316.1
80	4.088115444	316.2
80	4.083959781	316.3
80	4.079804119	316.4
80	4.075648457	316.5
80	4.071492795	316.6
80	4.067337132	316.7
80	4.06318147	316.8
80	4.059025808	316.9
80	4.054870145	317
80	4.050714483	317.1
80	4.046558821	317.2
80	4.042403159	317.3
80	4.038247496	317.4
80	4.034091834	317.5
80	4.029936172	317.6
80	4.025780509	317.7
80	4.021624847	317.8
80	4.017469185	317.9
80	4.013313523	318
80	4.00915786	318.1
80	4.005002198	318.2
80	4.001238071	318.3
80	3.997837977	318.4
80	3.994437884	318.5
80	3.99103779	318.6
80	3.987637696	318.7
80	3.984237602	318.8
80	3.980837508	318.9
80	3.977437414	319
80	3.97403732	319.1
80	3.970637226	319.2
80	3.967237132	319.3
80	3.963837038	319.4
80	3.960436944	319.5
80	3.957036851	319.6
80	3.953636757	319.7
80	3.950236663	319.8
80	3.946836569	319.9
80	3.943436475	320
80	3.940036381	320.1
80	3.936636287	320.2
80	3.933236193	320.3
80	3.929836099	320.4
80	3.926436005	320.5
80	3.923035911	320.6
80	3.919635818	320.7
80	3.916235724	320.8
80	3.91283563	320.9
80	3.909435536	321
80	3.906035442	321.1
80	3.902635348	321.2
80	3.899235254	321.3
80	3.89583516	321.4
80	3.892435066	321.5
80	3.889034972	321.6
80	3.885634878	321.7
80	3.882234785	321.8
80	3.878834691	321.9
80	3.875434597	322
80	3.872034503	322.1
80	3.868634409	322.2
80	3.865234315	322.3
80	3.861834221	322.4
80	3.858434127	322.5
80	3.855034033	322.6
80	3.851633939	322.7
80	3.848233846	322.8
80	3.844833752	322.9
80	3.841433658	323
80	3.838033564	323.1
80	3.83463347	323.2
80	3.831233376	323.3
80	3.827833282	323.4
80	3.824433188	323.5
80	3.821033094	323.6
80	3.817633	323.7
80	3.814232906	323.8
80	3.810832813	323.9
80	3.807432719	324
80	3.804032625	324.1
80	3.800632531	324.2
80	3.797232437	324.3
80	3.793832343	324.4
80	3.790432249	324.5
80	3.787032155	324.6
80	3.783632061	324.7
80	3.780231967	324.8
80	3.776831873	324.9
80	3.77343178	325
80	3.770031686	325.1
80	3.766631592	325.2
80	3.763231498	325.3
80	3.759831404	325.4
80	3.75643131	325.5
80	3.753031216	325.6
80	3.749631122	325.7
80	3.746231028	325.8
80	3.742830934	325.9
80	3.73943084	326
80	3.736030747	326.1
80	3.732630653	326.2
80	3.72894202	326.3
80	3.724266898	326.4
80	3.719591776	326.5
80	3.714916654	326.6
80	3.710241533	326.7
80	3.705566411	326.8
80	3.700891289	326.9
80	3.696216167	327
80	3.691541045	327.1
80	3.686865923	327.2
80	3.682190801	327.3
80	3.67751568	327.4
80	3.672840558	327.5
80	3.668165436	327.6
80	3.663490314	327.7
80	3.658815192	327.8
80	3.65414007	327.9
80	3.649464949	328
80	3.644789827	328.1
80	3.640114705	328.2
80	3.635439583	328.3
80	3.630764461	328.4
80	3.626089339	328.5
80	3.621414218	328.6
80	3.616739096	328.7
80	3.612063974	328.8
80	3.607388852	328.9
80	3.60271373	329
80	3.598038608	329.1
80	3.593363486	329.2
80	3.588688365	329.3
80	3.584013243	329.4
80	3.579338121	329.5
80	3.574662999	329.6
80	3.569987877	329.7
80	3.565312755	329.8
80	3.560637634	329.9
80	3.555962512	330
80	3.55128739	330.1
80	3.546612268	330.2
80	3.541937146	330.3
80	3.537262024	330.4
80	3.532586902	330.5
80	3.527911781	330.6
80	3.523236659	330.7
80	3.518561537	330.8
80	3.513886415	330.9
80	3.509211293	331
80	3.504536171	331.1
80	3.49986105	331.2
80	3.495185928	331.3
80	3.490510806	331.4
80	3.485835684	331.5
80	3.481160562	331.6
80	3.47648544	331.7
80	3.471810318	331.8
80	3.467135197	331.9
80	3.462460075	332
80	3.457784953	332.1
80	3.453542068	332.2
80	3.4493864	332.3
80	3.445230731	332.4
80	3.441075062	332.5
80	3.436919394	332.6
80	3.432763725	332.7
80	3.428608057	332.8
80	3.424452388	332.9
80	3.420296719	333
80	3.416141051	333.1
80	3.411985382	333.2
80	3.407829713	333.3
80	3.403674045	333.4
80	3.399518376	333.5
80	3.395362708	333.6
80	3.391207039	333.7
80	3.38705137	333.8
80	3.382895702	333.9
80	3.378740033	334
80	3.374584365	334.1
80	3.370428696	334.2
80	3.366273027	334.3
80	3.362117359	334.4
80	3.35796169	334.5
80	3.353806022	334.6
80	3.349650353	334.7
80	3.345494684	334.8
80	3.341339016	334.9
80	3.337183347	335
80	3.333027679	335.1
80	3.32887201	335.2
80	3.324716341	335.3
80	3.320560673	335.4
80	3.316405004	335.5
80	3.312249336	335.6
80	3.308093667	335.7
80	3.303937998	335.8
80	3.29978233	335.9
80	3.295626661	336
80	3.291470993	336.1
80	3.287315324	336.2
80	3.283159655	336.3
80	3.279003987	336.4
80	3.274848318	336.5
80	3.270692649	336.6
80	3.266536981	336.7
80	3.262381312	336.8
80	3.258225644	336.9
80	3.254069975	337
80	3.249914306	337.1
80	3.245758638	337.2
80	3.241602969	337.3
80	3.237447301	337.4
80	3.233291632	337.5
80	3.229135963	337.6
80	3.224980295	337.7
80	3.220824626	337.8
80	3.216668958	337.9
80	3.212513289	338
80	3.20835762	338.1
80	3.204201952	338.2
80	3.200046283	338.3
80	3.195890615	338.4
80	3.191734946	338.5
80	3.187579277	338.6
80	3.183528408	338.7
80	3.180128318	338.8
80	3.176728228	338.9
80	3.173328139	339
80	3.169928049	339.1
80	3.166527959	339.2
80	3.16312787	339.3
80	3.15972778	339.4
80	3.15632769	339.5
80	3.152927601	339.6
80	3.149527511	339.7
80	3.146127421	339.8
80	3.142727331	339.9
80	3.139327242	340
80	3.135927152	340.1
80	3.132527062	340.2
80	3.129126973	340.3
80	3.125726883	340.4
80	3.122326793	340.5
80	3.118926704	340.6
80	3.115526614	340.7
80	3.112126524	340.8
80	3.108726435	340.9
80	3.105326345	341
80	3.101926255	341.1
80	3.098526166	341.2
80	3.095126076	341.3
80	3.091725986	341.4
80	3.088325897	341.5
80	3.084925807	341.6
80	3.081525717	341.7
80	3.078125628	341.8
80	3.074725538	341.9
80	3.071325448	342
80	3.067925359	342.1
80	3.064525269	342.2
80	3.061125179	342.3
80	3.05772509	342.4
80	3.054325	342.5
80	3.05092491	342.6
80	3.047524821	342.7
80	3.044124731	342.8
80	3.040724641	342.9
80	3.037324552	343
80	3.033924462	343.1
80	3.030524372	343.2
80	3.027124283	343.3
80	3.023724193	343.4
80	3.020324103	343.5
80	3.016924014	343.6
80	3.013523924	343.7
80	3.010123834	343.8
80	3.006723745	343.9
80	3.003323655	344
80	2.999923565	344.1
80	2.996523476	344.2
80	2.993123386	344.3
80	2.989723296	344.4
80	2.986323207	344.5
80	2.982923117	344.6
80	2.979523027	344.7
80	2.976122938	344.8
80	2.972722848	344.9
80	2.969322758	345
80	2.965922669	345.1
80	2.962522579	345.2
80	2.959122489	345.3
80	2.955722399	345.4
80	2.95232231	345.5
80	2.94892222	345.6
80	2.94552213	345.7
80	2.942122041	345.8
80	2.938721951	345.9
80	2.935321861	346
80	2.931921772	346.1
80	2.928521682	346.2
80	2.925121592	346.3
80	2.921721503	346.4
80	2.918321413	346.5
80	2.914921323	346.6
80	2.911521234	346.7
80	2.907481395	346.8
80	2.903325727	346.9
80	2.899170058	347
80	2.89501439	347.1
80	2.890858721	347.2
80	2.886703052	347.3
80	2.882547384	347.4
80	2.878391715	347.5
80	2.874236047	347.6
80	2.870080378	347.7
80	2.865924709	347.8
80	2.861769041	347.9
80	2.857613372	348
80	2.853457704	348.1
80	2.849302035	348.2
80	2.845146366	348.3
80	2.840990698	348.4
80	2.836835029	348.5
80	2.83267936	348.6
80	2.828523692	348.7
80	2.824368023	348.8
80	2.820212355	348.9
80	2.816056686	349
80	2.811901017	349.1
80	2.807745349	349.2
80	2.80358968	349.3
80	2.799434012	349.4
80	2.795278343	349.5
80	2.791122674	349.6
80	2.786967006	349.7
80	2.782811337	349.8
80	2.778655669	349.9
80	2.7745	350
80	2.770344331	350.1
80	2.766188663	350.2
80	2.762032994	350.3
80	2.757877326	350.4
80	2.753721657	350.5
80	2.749565988	350.6
80	2.74541032	350.7
80	2.741254651	350.8
80	2.737098983	350.9
80	2.732943314	351
80	2.728787645	351.1
80	2.724631977	351.2
80	2.720476308	351.3
80	2.71632064	351.4
80	2.712164971	351.5
80	2.708009302	351.6
80	2.703853634	351.7
80	2.699697965	351.8
80	2.695542296	351.9
80	2.691386628	352
80	2.687230959	352.1
80	2.683075291	352.2
80	2.678919622	352.3
80	2.674763953	352.4
80	2.670608285	352.5
80	2.666452616	352.6
80	2.662296948	352.7
80	2.658141279	352.8
80	2.65398561	352.9
80	2.649829942	353
80	2.645674273	353.1
80	2.641518605	353.2
80	2.637426643	353.3
80	2.633686543	353.4
80	2.629946443	353.5
80	2.626206343	353.6
80	2.622466243	353.7
80	2.618726142	353.8
80	2.614986042	353.9
80	2.611245942	354
80	2.607505842	354.1
80	2.603765742	354.2
80	2.600025642	354.3
80	2.596285542	354.4
80	2.592545442	354.5
80	2.588805342	354.6
80	2.585065242	354.7
80	2.581325142	354.8
80	2.577585042	354.9
80	2.573844942	355
80	2.570104842	355.1
80	2.566364742	355.2
80	2.562624642	355.3
80	2.558884542	355.4
80	2.555144442	355.5
80	2.551404342	355.6
80	2.547664242	355.7
80	2.543924142	355.8
80	2.540184042	355.9
80	2.536443942	356
80	2.532703842	356.1
80	2.528963742	356.2
80	2.525223642	356.3
80	2.521483542	356.4
80	2.517743441	356.5
80	2.514003341	356.6
80	2.510263241	356.7
80	2.506523141	356.8
80	2.502783041	356.9
80	2.499042941	357
80	2.495302841	357.1
80	2.491562741	357.2
80	2.487822641	357.3
80	2.484082541	357.4
80	2.480342441	357.5
80	2.476602341	357.6
80	2.472862241	357.7
80	2.469122141	357.8
80	2.465382041	357.9
80	2.461641941	358
80	2.457901841	358.1
80	2.454161741	358.2
80	2.450421641	358.3
80	2.446681541	358.4
80	2.442941441	358.5
80	2.439201341	358.6
80	2.435461241	358.7
80	2.431721141	358.8
80	2.427981041	358.9
80	2.424240941	359
80	2.42050084	359.1
80	2.41676074	359.2
80	2.41302064	359.3
80	2.40928054	359.4
80	2.40554044	359.5
80	2.40180034	359.6
80	2.39806024	359.7
80	2.39432014	359.8
80	2.39058004	359.9
80	2.38683994	360
80	2.38309984	360.1
80	2.37935974	360.2
80	2.37561964	360.3
80	2.37187954	360.4
80	2.36813944	360.5
80	2.364453946	360.6
80	2.361053856	360.7
80	2.357653766	360.8
80	2.354253677	360.9
80	2.350853587	361
80	2.347453497	361.1
80	2.344053408	361.2
80	2.340653318	361.3
80	2.337253228	361.4
80	2.333853139	361.5
80	2.330453049	361.6
80	2.327052959	361.7
80	2.32365287	361.8
80	2.32025278	361.9
80	2.31685269	362
80	2.313452601	362.1
80	2.310052511	362.2
80	2.306652421	362.3
80	2.303252331	362.4
80	2.299852242	362.5
80	2.296452152	362.6
80	2.293052062	362.7
80	2.289651973	362.8
80	2.286251883	362.9
80	2.282851793	363
80	2.279451704	363.1
80	2.276051614	363.2
80	2.272651524	363.3
80	2.269251435	363.4
80	2.265851345	363.5
80	2.262451255	363.6
80	2.259051166	363.7
80	2.255651076	363.8
80	2.252250986	363.9
80	2.248850897	364
80	2.245450807	364.1
80	2.242050717	364.2
80	2.238650628	364.3
80	2.235250538	364.4
80	2.231850448	364.5
80	2.228450359	364.6
80	2.225050269	364.7
80	2.221650179	364.8
80	2.21825009	364.9
80	2.21485	365
80	2.21144991	365.1
80	2.208049821	365.2
80	2.204649731	365.3
80	2.201249641	365.4
80	2.197849552	365.5
80	2.194449462	365.6
80	2.191049372	365.7
80	2.187649283	365.8
80	2.184249193	365.9
80	2.180849103	366
80	2.177449014	366.1
80	2.174048924	366.2
80	2.170648834	366.3
80	2.167248745	366.4
80	2.163848655	366.5
80	2.160448565	366.6
80	2.157048476	366.7
80	2.153648386	366.8
80	2.150248296	366.9
80	2.146848207	367
80	2.143448117	367.1
80	2.140048027	367.2
80	2.136647938	367.3
80	2.133247848	367.4
80	2.129847758	367.5
80	2.126447669	367.6
80	2.123047579	367.7
80	2.119647489	367.8
80	2.116247399	367.9
80	2.11284731	368
80	2.10944722	368.1
80	2.10604713	368.2
80	2.102647041	368.3
80	2.099246951	368.4
80	2.095846861	368.5
80	2.092446772	368.6
80	2.088751349	368.7
80	2.085011249	368.8
80	2.081271149	368.9
80	2.077531049	369
80	2.073790949	369.1
80	2.070050849	369.2
80	2.066310749	369.3
80	2.062570649	369.4
80	2.058830549	369.5
80	2.055090449	369.6
80	2.051350349	369.7
80	2.047610249	369.8
80	2.043870149	369.9
80	2.040130049	370
80	2.036389949	370.1
80	2.032649849	370.2
80	2.028909749	370.3
80	2.025169648	370.4
80	2.021429548	370.5
80	2.017689448	370.6
80	2.013949348	370.7
80	2.010209248	370.8
80	2.006469148	370.9
80	2.002729048	371
80	1.998988948	371.1
80	1.995248848	371.2
80	1.991508748	371.3
80	1.987768648	371.4
80	1.984028548	371.5
80	1.980288448	371.6
80	1.976548348	371.7
80	1.972808248	371.8
80	1.969068148	371.9
80	1.965328048	372
80	1.961587948	372.1
80	1.957847848	372.2
80	1.954107748	372.3
80	1.950367648	372.4
80	1.946627548	372.5
80	1.942887448	372.6
80	1.939147348	372.7
80	1.935407248	372.8
80	1.931667148	372.9
80	1.927927047	373
80	1.924186947	373.1
80	1.920446847	373.2
80	1.916706747	373.3
80	1.912966647	373.4
80	1.909226547	373.5
80	1.905486447	373.6
80	1.901746347	373.7
80	1.898006247	373.8
80	1.894266147	373.9
80	1.890526047	374
80	1.886785947	374.1
80	1.883045847	374.2
80	1.879305747	374.3
80	1.875565647	374.4
80	1.871825547	374.5
80	1.868085447	374.6
80	1.864345347	374.7
80	1.860605247	374.8
80	1.856865147	374.9
80	1.853125047	375
80	1.849384947	375.1
80	1.845644847	375.2
80	1.841904747	375.3
80	1.838164647	375.4
80	1.834424547	375.5
80	1.830684447	375.6
80	1.826944346	375.7
80	1.823204246	375.8
80	1.819464146	375.9
80	1.814905054	376
80	1.810229924	376.1
80	1.805554794	376.2
80	1.800879664	376.3
80	1.796204534	376.4
80	1.791529405	376.5
80	1.786854275	376.6
80	1.782179145	376.7
80	1.777504015	376.8
80	1.772828885	376.9
80	1.768153755	377
80	1.763478625	377.1
80	1.758803496	377.2
80	1.754128366	377.3
80	1.749453236	377.4
80	1.744778106	377.5
80	1.740102976	377.6
80	1.735427846	377.7
80	1.730752716	377.8
80	1.726077587	377.9
80	1.721402457	378
80	1.716727327	378.1
80	1.712052197	378.2
80	1.707377067	378.3
80	1.702701937	378.4
80	1.698026808	378.5
80	1.693351678	378.6
80	1.688676548	378.7
80	1.684001418	378.8
80	1.679326288	378.9
80	1.674651158	379
80	1.669976028	379.1
80	1.665300899	379.2
80	1.660625769	379.3
80	1.655950639	379.4
80	1.651275509	379.5
80	1.646600379	379.6
80	1.641925249	379.7
80	1.637250119	379.8
80	1.63257499	379.9
80	1.62789986	380
80	1.62322473	380.1
80	1.6185496	380.2
80	1.61387447	380.3
80	1.60919934	380.4
80	1.60452421	380.5
80	1.599849081	380.6
80	1.595173951	380.7
80	1.590498821	380.8
80	1.585823691	380.9
80	1.581148561	381
80	1.576473431	381.1
80	1.571798302	381.2
80	1.567123172	381.3
80	1.562448042	381.4
80	1.557772912	381.5
80	1.553097782	381.6
80	1.548422652	381.7
80	1.544498351	381.8
80	1.541381603	381.9
80	1.538264855	382
80	1.535148107	382.1
80	1.532031359	382.2
80	1.528914611	382.3
80	1.525797863	382.4
80	1.522681116	382.5
80	1.519564368	382.6
80	1.51644762	382.7
80	1.513330872	382.8
80	1.510214124	382.9
80	1.507097376	383
80	1.503980628	383.1
80	1.50086388	383.2
80	1.497747132	383.3
80	1.494630385	383.4
80	1.491513637	383.5
80	1.488396889	383.6
80	1.485280141	383.7
80	1.482163393	383.8
80	1.479046645	383.9
80	1.475929897	384
80	1.472813149	384.1
80	1.469696401	384.2
80	1.466579653	384.3
80	1.463462906	384.4
80	1.460346158	384.5
80	1.45722941	384.6
80	1.454112662	384.7
80	1.450995914	384.8
80	1.447879166	384.9
80	1.444762418	385
80	1.44164567	385.1
80	1.438528922	385.2
80	1.435412174	385.3
80	1.432295427	385.4
80	1.429178679	385.5
80	1.426061931	385.6
80	1.422945183	385.7
80	1.419828435	385.8
80	1.416711687	385.9
80	1.413594939	386
80	1.410478191	386.1
80	1.407361443	386.2
80	1.404244696	386.3
80	1.401127948	386.4
80	1.3980112	386.5
80	1.394894452	386.6
80	1.391777704	386.7
80	1.388660956	386.8
80	1.385544208	386.9
80	1.38242746	387
80	1.379310712	387.1
80	1.376193964	387.2
80	1.373077217	387.3
80	1.369960469	387.4
80	1.366843721	387.5
80	1.363726973	387.6
80	1.360610225	387.7
80	1.357493477	387.8
80	1.354376729	387.9
80	1.351259981	388
80	1.348143233	388.1
80	1.345026486	388.2
80	1.341909738	388.3
80	1.33879299	388.4
80	1.335676242	388.5
80	1.332559494	388.6
80	1.329442746	388.7
80	1.326325998	388.8
80	1.32320925	388.9
80	1.320092502	389
80	1.316975754	389.1
80	1.313859007	389.2
80	1.310742259	389.3
80	1.307625511	389.4
80	1.304508763	389.5
80	1.301392015	389.6
80	1.298275267	389.7
80	1.295158519	389.8
80	1.292041771	389.9
80	1.288925023	390
80	1.285808275	390.1
80	1.282691528	390.2
80	1.27957478	390.3
80	1.276458032	390.4
80	1.273341284	390.5
80	1.270224533	390.6
80	1.267107781	390.7
80	1.26399103	390.8
80	1.260874278	390.9
80	1.257757527	391
80	1.254640776	391.1
80	1.251524024	391.2
80	1.248407273	391.3
80	1.245290521	391.4
80	1.24217377	391.5
80	1.239057018	391.6
80	1.235940267	391.7
80	1.232823515	391.8
80	1.229706764	391.9
80	1.226590012	392
80	1.223473261	392.1
80	1.22035651	392.2
80	1.217239758	392.3
80	1.214123007	392.4
80	1.211006255	392.5
80	1.207889504	392.6
80	1.204772752	392.7
80	1.201656001	392.8
80	1.198539249	392.9
80	1.195422498	393
80	1.192305746	393.1
80	1.189188995	393.2
80	1.186072244	393.3
80	1.182955492	393.4
80	1.179838741	393.5
80	1.176721989	393.6
80	1.173605238	393.7
80	1.170488486	393.8
80	1.167371735	393.9
80	1.164254983	394
80	1.161138232	394.1
80	1.15802148	394.2
80	1.154904729	394.3
80	1.151787978	394.4
80	1.148671226	394.5
80	1.145554475	394.6
80	1.142437723	394.7
80	1.139320972	394.8
80	1.13620422	394.9
80	1.133087469	395
80	1.129970717	395.1
80	1.126853966	395.2
80	1.123737214	395.3
80	1.120620463	395.4
80	1.117503712	395.5
80	1.11438696	395.6
80	1.111270209	395.7
80	1.108153457	395.8
80	1.105036706	395.9
80	1.101919954	396
80	1.098803203	396.1
80	1.095686451	396.2
80	1.0925697	396.3
80	1.089452948	396.4
80	1.086336197	396.5
80	1.083219446	396.6
80	1.080102694	396.7
80	1.076985943	396.8
80	1.073869191	396.9
80	1.07075244	397
80	1.067635688	397.1
80	1.064518937	397.2
80	1.061402185	397.3
80	1.058285434	397.4
80	1.055168682	397.5
80	1.052051931	397.6
80	1.04893518	397.7
80	1.045818428	397.8
80	1.042701677	397.9
80	1.039584925	398
80	1.036468174	398.1
80	1.033351422	398.2
80	1.030234671	398.3
80	1.027117919	398.4
80	1.024001168	398.5
80	1.020884416	398.6
80	1.017767665	398.7
80	1.014650914	398.8
80	1.011534162	398.9
80	1.008417411	399
80	1.005300659	399.1
80	1.002183908	399.2
